"species","state_normalised","year","month","encounter_count","encounter_share"
"Acridotheres tristis","Johor","2015","1",1,0.166666666666667
"Acridotheres tristis","Johor","2015","11",2,0.666666666666667
"Acridotheres tristis","Johor","2015","12",13,1
"Acridotheres tristis","Johor","2015","2",1,0.5
"Acridotheres tristis","Johor","2015","3",2,0.5
"Acridotheres tristis","Johor","2015","4",1,0.5
"Acridotheres tristis","Johor","2015","5",1,0.333333333333333
"Acridotheres tristis","Johor","2015","7",2,1
"Acridotheres tristis","Johor","2015","8",7,0.7
"Acridotheres tristis","Johor","2015","9",1,0.142857142857143
"Acridotheres tristis","Johor","2016","1",4,0.5
"Acridotheres tristis","Johor","2016","11",4,0.4
"Acridotheres tristis","Johor","2016","12",3,1
"Acridotheres tristis","Johor","2016","2",3,0.428571428571429
"Acridotheres tristis","Johor","2016","3",3,0.333333333333333
"Acridotheres tristis","Johor","2016","4",2,1
"Acridotheres tristis","Johor","2016","5",2,0.5
"Acridotheres tristis","Johor","2016","6",1,0.5
"Acridotheres tristis","Johor","2016","7",4,0.363636363636364
"Acridotheres tristis","Johor","2016","8",3,0.5
"Acridotheres tristis","Johor","2016","9",2,0.4
"Acridotheres tristis","Johor","2017","1",3,0.6
"Acridotheres tristis","Johor","2017","10",1,0.333333333333333
"Acridotheres tristis","Johor","2017","12",1,0.0909090909090909
"Acridotheres tristis","Johor","2017","2",5,0.454545454545455
"Acridotheres tristis","Johor","2017","3",2,0.333333333333333
"Acridotheres tristis","Johor","2017","4",15,0.714285714285714
"Acridotheres tristis","Johor","2017","5",2,0.333333333333333
"Acridotheres tristis","Johor","2017","6",3,0.375
"Acridotheres tristis","Johor","2017","7",13,0.52
"Acridotheres tristis","Johor","2017","8",13,0.619047619047619
"Acridotheres tristis","Johor","2017","9",8,0.727272727272727
"Acridotheres tristis","Johor","2018","1",3,0.75
"Acridotheres tristis","Johor","2018","10",2,0.333333333333333
"Acridotheres tristis","Johor","2018","11",4,0.210526315789474
"Acridotheres tristis","Johor","2018","12",4,0.444444444444444
"Acridotheres tristis","Johor","2018","2",2,0.333333333333333
"Acridotheres tristis","Johor","2018","3",6,0.666666666666667
"Acridotheres tristis","Johor","2018","4",13,0.5
"Acridotheres tristis","Johor","2018","5",11,0.523809523809524
"Acridotheres tristis","Johor","2018","6",8,0.533333333333333
"Acridotheres tristis","Johor","2018","7",5,0.25
"Acridotheres tristis","Johor","2018","8",4,0.4
"Acridotheres tristis","Johor","2018","9",8,0.380952380952381
"Acridotheres tristis","Johor","2019","1",1,0.0909090909090909
"Acridotheres tristis","Johor","2019","10",20,0.37037037037037
"Acridotheres tristis","Johor","2019","11",3,0.3
"Acridotheres tristis","Johor","2019","12",23,0.511111111111111
"Acridotheres tristis","Johor","2019","2",4,0.444444444444444
"Acridotheres tristis","Johor","2019","3",5,0.25
"Acridotheres tristis","Johor","2019","4",10,0.4
"Acridotheres tristis","Johor","2019","5",10,0.625
"Acridotheres tristis","Johor","2019","6",2,0.181818181818182
"Acridotheres tristis","Johor","2019","7",7,0.583333333333333
"Acridotheres tristis","Johor","2019","8",4,0.285714285714286
"Acridotheres tristis","Johor","2019","9",4,0.5
"Acridotheres tristis","Johor","2020","1",15,0.384615384615385
"Acridotheres tristis","Johor","2020","10",13,0.382352941176471
"Acridotheres tristis","Johor","2020","11",3,0.6
"Acridotheres tristis","Johor","2020","12",11,0.6875
"Acridotheres tristis","Johor","2020","2",12,0.4
"Acridotheres tristis","Johor","2020","3",44,0.721311475409836
"Acridotheres tristis","Johor","2020","4",2,0.285714285714286
"Acridotheres tristis","Johor","2020","5",3,0.375
"Acridotheres tristis","Johor","2020","6",2,0.5
"Acridotheres tristis","Johor","2020","7",9,0.473684210526316
"Acridotheres tristis","Johor","2020","8",12,0.413793103448276
"Acridotheres tristis","Johor","2020","9",5,0.454545454545455
"Acridotheres tristis","Johor","2021","1",4,0.285714285714286
"Acridotheres tristis","Johor","2021","10",16,0.4
"Acridotheres tristis","Johor","2021","11",2,0.133333333333333
"Acridotheres tristis","Johor","2021","12",7,0.4375
"Acridotheres tristis","Johor","2021","2",3,0.375
"Acridotheres tristis","Johor","2021","3",7,0.583333333333333
"Acridotheres tristis","Johor","2021","5",3,0.136363636363636
"Acridotheres tristis","Johor","2021","7",6,0.428571428571429
"Acridotheres tristis","Johor","2021","8",6,0.428571428571429
"Acridotheres tristis","Johor","2021","9",10,0.434782608695652
"Acridotheres tristis","Johor","2022","1",10,0.454545454545455
"Acridotheres tristis","Johor","2022","10",12,0.272727272727273
"Acridotheres tristis","Johor","2022","11",21,0.304347826086957
"Acridotheres tristis","Johor","2022","12",34,0.382022471910112
"Acridotheres tristis","Johor","2022","2",4,0.285714285714286
"Acridotheres tristis","Johor","2022","3",8,0.571428571428571
"Acridotheres tristis","Johor","2022","4",5,0.357142857142857
"Acridotheres tristis","Johor","2022","5",16,0.380952380952381
"Acridotheres tristis","Johor","2022","6",8,0.222222222222222
"Acridotheres tristis","Johor","2022","7",14,0.368421052631579
"Acridotheres tristis","Johor","2022","8",13,0.448275862068966
"Acridotheres tristis","Johor","2022","9",17,0.548387096774194
"Acridotheres tristis","Johor","2023","1",13,0.481481481481481
"Acridotheres tristis","Johor","2023","10",21,0.3
"Acridotheres tristis","Johor","2023","11",13,0.393939393939394
"Acridotheres tristis","Johor","2023","12",27,0.201492537313433
"Acridotheres tristis","Johor","2023","2",22,0.468085106382979
"Acridotheres tristis","Johor","2023","3",18,0.375
"Acridotheres tristis","Johor","2023","4",9,0.191489361702128
"Acridotheres tristis","Johor","2023","5",24,0.375
"Acridotheres tristis","Johor","2023","6",18,0.473684210526316
"Acridotheres tristis","Johor","2023","7",12,0.315789473684211
"Acridotheres tristis","Johor","2023","8",10,0.344827586206897
"Acridotheres tristis","Johor","2023","9",30,0.434782608695652
"Acridotheres tristis","Johor","2024","1",7,0.291666666666667
"Acridotheres tristis","Johor","2024","10",16,0.372093023255814
"Acridotheres tristis","Johor","2024","11",21,0.35
"Acridotheres tristis","Johor","2024","12",21,0.323076923076923
"Acridotheres tristis","Johor","2024","2",14,0.411764705882353
"Acridotheres tristis","Johor","2024","3",21,0.304347826086957
"Acridotheres tristis","Johor","2024","4",14,0.175
"Acridotheres tristis","Johor","2024","5",14,0.304347826086957
"Acridotheres tristis","Johor","2024","6",6,0.206896551724138
"Acridotheres tristis","Johor","2024","7",49,0.401639344262295
"Acridotheres tristis","Johor","2024","8",6,0.193548387096774
"Acridotheres tristis","Johor","2024","9",21,0.446808510638298
"Acridotheres tristis","Johor","2025","1",2,0.4
"Acridotheres tristis","Johor","2025","12",1,0.125
"Acridotheres tristis","Johor","2025","3",2,1
"Acridotheres tristis","Johor","2025","4",1,0.0769230769230769
"Acridotheres tristis","Johor","2025","5",8,0.170212765957447
"Acridotheres tristis","Johor","2025","6",1,0.0769230769230769
"Acridotheres tristis","Johor","2025","7",2,0.181818181818182
"Acridotheres tristis","Johor","2025","8",2,0.153846153846154
"Acridotheres tristis","Johor","2026","2",2,0.0714285714285714
"Acridotheres tristis","Johor","2026","3",1,0.2
"Acridotheres tristis","Johor","2026","4",7,0.102941176470588
"Acridotheres tristis","Johor","2026","6",1,0.0833333333333333
"Acridotheres tristis","Johor","2026","8",2,0.2
"Acridotheres tristis","Kedah","2015","1",4,0.5
"Acridotheres tristis","Kedah","2015","11",3,0.5
"Acridotheres tristis","Kedah","2015","12",8,0.888888888888889
"Acridotheres tristis","Kedah","2015","2",4,1
"Acridotheres tristis","Kedah","2015","3",6,0.857142857142857
"Acridotheres tristis","Kedah","2015","4",6,0.666666666666667
"Acridotheres tristis","Kedah","2015","5",4,0.8
"Acridotheres tristis","Kedah","2015","6",4,1
"Acridotheres tristis","Kedah","2015","7",1,1
"Acridotheres tristis","Kedah","2015","8",3,1
"Acridotheres tristis","Kedah","2015","9",3,0.75
"Acridotheres tristis","Kedah","2016","1",6,0.5
"Acridotheres tristis","Kedah","2016","10",4,1
"Acridotheres tristis","Kedah","2016","11",8,0.8
"Acridotheres tristis","Kedah","2016","12",12,1
"Acridotheres tristis","Kedah","2016","2",3,0.75
"Acridotheres tristis","Kedah","2016","3",1,0.333333333333333
"Acridotheres tristis","Kedah","2016","4",1,0.5
"Acridotheres tristis","Kedah","2016","5",3,0.75
"Acridotheres tristis","Kedah","2016","6",4,1
"Acridotheres tristis","Kedah","2016","7",4,0.444444444444444
"Acridotheres tristis","Kedah","2016","8",3,1
"Acridotheres tristis","Kedah","2017","1",3,1
"Acridotheres tristis","Kedah","2017","10",13,0.684210526315789
"Acridotheres tristis","Kedah","2017","11",8,0.533333333333333
"Acridotheres tristis","Kedah","2017","12",20,0.714285714285714
"Acridotheres tristis","Kedah","2017","2",4,0.8
"Acridotheres tristis","Kedah","2017","3",8,0.727272727272727
"Acridotheres tristis","Kedah","2017","4",7,0.538461538461538
"Acridotheres tristis","Kedah","2017","5",12,0.857142857142857
"Acridotheres tristis","Kedah","2017","6",6,0.857142857142857
"Acridotheres tristis","Kedah","2017","7",7,0.875
"Acridotheres tristis","Kedah","2017","8",5,0.625
"Acridotheres tristis","Kedah","2017","9",5,0.384615384615385
"Acridotheres tristis","Kedah","2018","1",18,0.857142857142857
"Acridotheres tristis","Kedah","2018","10",4,0.8
"Acridotheres tristis","Kedah","2018","11",11,0.916666666666667
"Acridotheres tristis","Kedah","2018","12",11,0.916666666666667
"Acridotheres tristis","Kedah","2018","2",5,0.714285714285714
"Acridotheres tristis","Kedah","2018","3",21,0.724137931034483
"Acridotheres tristis","Kedah","2018","4",6,1
"Acridotheres tristis","Kedah","2018","5",14,0.875
"Acridotheres tristis","Kedah","2018","6",7,1
"Acridotheres tristis","Kedah","2018","7",12,0.75
"Acridotheres tristis","Kedah","2018","8",16,0.842105263157895
"Acridotheres tristis","Kedah","2018","9",5,1
"Acridotheres tristis","Kedah","2019","1",5,0.714285714285714
"Acridotheres tristis","Kedah","2019","10",4,0.666666666666667
"Acridotheres tristis","Kedah","2019","11",9,0.6
"Acridotheres tristis","Kedah","2019","12",10,0.714285714285714
"Acridotheres tristis","Kedah","2019","2",27,0.75
"Acridotheres tristis","Kedah","2019","3",14,0.666666666666667
"Acridotheres tristis","Kedah","2019","4",5,0.5
"Acridotheres tristis","Kedah","2019","5",7,1
"Acridotheres tristis","Kedah","2019","6",8,0.615384615384615
"Acridotheres tristis","Kedah","2019","7",9,0.642857142857143
"Acridotheres tristis","Kedah","2019","8",10,0.833333333333333
"Acridotheres tristis","Kedah","2019","9",4,0.5
"Acridotheres tristis","Kedah","2020","1",14,0.777777777777778
"Acridotheres tristis","Kedah","2020","10",6,0.666666666666667
"Acridotheres tristis","Kedah","2020","11",3,0.6
"Acridotheres tristis","Kedah","2020","12",2,0.666666666666667
"Acridotheres tristis","Kedah","2020","2",19,0.678571428571429
"Acridotheres tristis","Kedah","2020","3",19,0.863636363636364
"Acridotheres tristis","Kedah","2020","5",4,0.571428571428571
"Acridotheres tristis","Kedah","2020","6",7,0.875
"Acridotheres tristis","Kedah","2020","7",11,0.647058823529412
"Acridotheres tristis","Kedah","2020","8",10,0.625
"Acridotheres tristis","Kedah","2020","9",3,1
"Acridotheres tristis","Kedah","2021","1",2,0.666666666666667
"Acridotheres tristis","Kedah","2021","10",15,0.652173913043478
"Acridotheres tristis","Kedah","2021","11",16,0.615384615384615
"Acridotheres tristis","Kedah","2021","12",14,0.777777777777778
"Acridotheres tristis","Kedah","2021","2",7,0.7
"Acridotheres tristis","Kedah","2021","3",1,0.5
"Acridotheres tristis","Kedah","2021","4",2,1
"Acridotheres tristis","Kedah","2021","7",1,0.333333333333333
"Acridotheres tristis","Kedah","2021","8",2,1
"Acridotheres tristis","Kedah","2021","9",3,0.6
"Acridotheres tristis","Kedah","2022","1",9,0.473684210526316
"Acridotheres tristis","Kedah","2022","10",5,0.384615384615385
"Acridotheres tristis","Kedah","2022","11",4,0.363636363636364
"Acridotheres tristis","Kedah","2022","12",11,0.6875
"Acridotheres tristis","Kedah","2022","2",15,0.681818181818182
"Acridotheres tristis","Kedah","2022","3",12,0.705882352941177
"Acridotheres tristis","Kedah","2022","4",13,0.619047619047619
"Acridotheres tristis","Kedah","2022","5",14,0.636363636363636
"Acridotheres tristis","Kedah","2022","6",13,0.684210526315789
"Acridotheres tristis","Kedah","2022","7",20,0.526315789473684
"Acridotheres tristis","Kedah","2022","8",20,0.714285714285714
"Acridotheres tristis","Kedah","2022","9",9,0.75
"Acridotheres tristis","Kedah","2023","1",45,0.671641791044776
"Acridotheres tristis","Kedah","2023","10",19,0.703703703703704
"Acridotheres tristis","Kedah","2023","11",31,0.645833333333333
"Acridotheres tristis","Kedah","2023","12",20,0.512820512820513
"Acridotheres tristis","Kedah","2023","2",80,0.740740740740741
"Acridotheres tristis","Kedah","2023","3",25,0.757575757575758
"Acridotheres tristis","Kedah","2023","4",12,0.631578947368421
"Acridotheres tristis","Kedah","2023","5",16,0.695652173913043
"Acridotheres tristis","Kedah","2023","6",3,0.6
"Acridotheres tristis","Kedah","2023","7",2,0.666666666666667
"Acridotheres tristis","Kedah","2023","8",28,0.682926829268293
"Acridotheres tristis","Kedah","2023","9",5,0.714285714285714
"Acridotheres tristis","Kedah","2024","1",56,0.7
"Acridotheres tristis","Kedah","2024","10",8,0.4
"Acridotheres tristis","Kedah","2024","11",19,0.612903225806452
"Acridotheres tristis","Kedah","2024","12",30,0.461538461538462
"Acridotheres tristis","Kedah","2024","2",42,0.67741935483871
"Acridotheres tristis","Kedah","2024","3",23,0.605263157894737
"Acridotheres tristis","Kedah","2024","4",18,0.782608695652174
"Acridotheres tristis","Kedah","2024","5",14,0.823529411764706
"Acridotheres tristis","Kedah","2024","6",21,0.552631578947368
"Acridotheres tristis","Kedah","2024","7",25,0.595238095238095
"Acridotheres tristis","Kedah","2024","8",18,0.461538461538462
"Acridotheres tristis","Kedah","2024","9",9,0.428571428571429
"Acridotheres tristis","Kedah","2025","1",2,0.222222222222222
"Acridotheres tristis","Kedah","2025","10",3,0.272727272727273
"Acridotheres tristis","Kedah","2025","11",1,0.166666666666667
"Acridotheres tristis","Kedah","2025","12",4,0.129032258064516
"Acridotheres tristis","Kedah","2025","2",2,0.333333333333333
"Acridotheres tristis","Kedah","2025","3",4,0.266666666666667
"Acridotheres tristis","Kedah","2025","4",2,0.285714285714286
"Acridotheres tristis","Kedah","2025","5",2,0.4
"Acridotheres tristis","Kedah","2025","7",1,0.0769230769230769
"Acridotheres tristis","Kedah","2025","8",3,0.130434782608696
"Acridotheres tristis","Kedah","2025","9",1,0.142857142857143
"Acridotheres tristis","Kedah","2026","1",11,0.379310344827586
"Acridotheres tristis","Kedah","2026","2",3,0.157894736842105
"Acridotheres tristis","Kedah","2026","3",1,0.0909090909090909
"Acridotheres tristis","Kedah","2026","4",9,0.5625
"Acridotheres tristis","Kedah","2026","6",8,0.296296296296296
"Acridotheres tristis","Kedah","2026","7",1,0.166666666666667
"Acridotheres tristis","Kelantan","2015","8",4,1
"Acridotheres tristis","Kelantan","2016","12",1,1
"Acridotheres tristis","Kelantan","2017","11",3,1
"Acridotheres tristis","Kelantan","2017","5",2,1
"Acridotheres tristis","Kelantan","2017","6",10,1
"Acridotheres tristis","Kelantan","2017","7",5,1
"Acridotheres tristis","Kelantan","2017","8",2,1
"Acridotheres tristis","Kelantan","2017","9",4,0.8
"Acridotheres tristis","Kelantan","2018","1",1,0.5
"Acridotheres tristis","Kelantan","2018","4",2,1
"Acridotheres tristis","Kelantan","2018","5",1,1
"Acridotheres tristis","Kelantan","2018","6",1,1
"Acridotheres tristis","Kelantan","2018","7",1,0.5
"Acridotheres tristis","Kelantan","2018","8",1,1
"Acridotheres tristis","Kelantan","2019","1",1,1
"Acridotheres tristis","Kelantan","2019","2",3,1
"Acridotheres tristis","Kelantan","2019","5",3,1
"Acridotheres tristis","Kelantan","2020","11",1,1
"Acridotheres tristis","Kelantan","2020","2",1,0.5
"Acridotheres tristis","Kelantan","2020","6",1,1
"Acridotheres tristis","Kelantan","2020","7",1,1
"Acridotheres tristis","Kelantan","2021","11",3,1
"Acridotheres tristis","Kelantan","2021","12",9,1
"Acridotheres tristis","Kelantan","2021","5",2,1
"Acridotheres tristis","Kelantan","2021","8",1,0.5
"Acridotheres tristis","Kelantan","2022","2",2,1
"Acridotheres tristis","Kelantan","2022","4",2,1
"Acridotheres tristis","Kelantan","2022","7",6,1
"Acridotheres tristis","Kelantan","2023","1",2,1
"Acridotheres tristis","Kelantan","2023","10",1,1
"Acridotheres tristis","Kelantan","2023","4",3,1
"Acridotheres tristis","Kelantan","2023","6",3,0.75
"Acridotheres tristis","Kelantan","2023","7",5,0.833333333333333
"Acridotheres tristis","Kelantan","2023","8",1,1
"Acridotheres tristis","Kelantan","2024","1",6,1
"Acridotheres tristis","Kelantan","2024","2",1,1
"Acridotheres tristis","Kelantan","2024","4",2,0.5
"Acridotheres tristis","Kelantan","2024","6",1,0.5
"Acridotheres tristis","Kelantan","2024","8",6,1
"Acridotheres tristis","Kelantan","2024","9",1,0.5
"Acridotheres tristis","Kelantan","2025","11",1,0.333333333333333
"Acridotheres tristis","Kelantan","2025","6",1,1
"Acridotheres tristis","Kelantan","2025","7",1,1
"Acridotheres tristis","Kuala Lumpur","2015","10",1,0.5
"Acridotheres tristis","Kuala Lumpur","2015","11",3,0.272727272727273
"Acridotheres tristis","Kuala Lumpur","2015","12",6,0.5
"Acridotheres tristis","Kuala Lumpur","2015","3",3,0.272727272727273
"Acridotheres tristis","Kuala Lumpur","2015","4",2,0.666666666666667
"Acridotheres tristis","Kuala Lumpur","2015","5",2,0.5
"Acridotheres tristis","Kuala Lumpur","2015","7",1,0.5
"Acridotheres tristis","Kuala Lumpur","2015","8",5,0.625
"Acridotheres tristis","Kuala Lumpur","2015","9",1,1
"Acridotheres tristis","Kuala Lumpur","2016","1",4,0.5
"Acridotheres tristis","Kuala Lumpur","2016","10",3,0.333333333333333
"Acridotheres tristis","Kuala Lumpur","2016","11",3,0.5
"Acridotheres tristis","Kuala Lumpur","2016","12",4,0.444444444444444
"Acridotheres tristis","Kuala Lumpur","2016","2",4,0.4
"Acridotheres tristis","Kuala Lumpur","2016","3",4,0.8
"Acridotheres tristis","Kuala Lumpur","2016","5",5,0.555555555555556
"Acridotheres tristis","Kuala Lumpur","2016","6",6,0.5
"Acridotheres tristis","Kuala Lumpur","2016","7",4,0.5
"Acridotheres tristis","Kuala Lumpur","2016","8",2,0.5
"Acridotheres tristis","Kuala Lumpur","2017","1",4,0.5
"Acridotheres tristis","Kuala Lumpur","2017","11",2,0.5
"Acridotheres tristis","Kuala Lumpur","2017","12",9,0.5
"Acridotheres tristis","Kuala Lumpur","2017","2",5,0.625
"Acridotheres tristis","Kuala Lumpur","2017","3",3,0.428571428571429
"Acridotheres tristis","Kuala Lumpur","2017","4",5,0.416666666666667
"Acridotheres tristis","Kuala Lumpur","2017","5",4,0.666666666666667
"Acridotheres tristis","Kuala Lumpur","2017","6",6,0.75
"Acridotheres tristis","Kuala Lumpur","2017","7",6,0.5
"Acridotheres tristis","Kuala Lumpur","2017","8",11,0.34375
"Acridotheres tristis","Kuala Lumpur","2017","9",7,0.4375
"Acridotheres tristis","Kuala Lumpur","2018","1",7,0.538461538461538
"Acridotheres tristis","Kuala Lumpur","2018","10",7,0.4375
"Acridotheres tristis","Kuala Lumpur","2018","11",6,0.333333333333333
"Acridotheres tristis","Kuala Lumpur","2018","12",11,0.578947368421053
"Acridotheres tristis","Kuala Lumpur","2018","2",3,0.272727272727273
"Acridotheres tristis","Kuala Lumpur","2018","3",6,0.3
"Acridotheres tristis","Kuala Lumpur","2018","4",19,0.441860465116279
"Acridotheres tristis","Kuala Lumpur","2018","5",8,0.5
"Acridotheres tristis","Kuala Lumpur","2018","6",12,0.5
"Acridotheres tristis","Kuala Lumpur","2018","7",14,0.56
"Acridotheres tristis","Kuala Lumpur","2018","8",5,0.277777777777778
"Acridotheres tristis","Kuala Lumpur","2018","9",10,0.357142857142857
"Acridotheres tristis","Kuala Lumpur","2019","1",12,0.521739130434783
"Acridotheres tristis","Kuala Lumpur","2019","10",6,0.333333333333333
"Acridotheres tristis","Kuala Lumpur","2019","11",6,0.352941176470588
"Acridotheres tristis","Kuala Lumpur","2019","12",9,0.45
"Acridotheres tristis","Kuala Lumpur","2019","2",11,0.44
"Acridotheres tristis","Kuala Lumpur","2019","3",20,0.5
"Acridotheres tristis","Kuala Lumpur","2019","4",7,0.269230769230769
"Acridotheres tristis","Kuala Lumpur","2019","5",5,0.384615384615385
"Acridotheres tristis","Kuala Lumpur","2019","6",3,0.2
"Acridotheres tristis","Kuala Lumpur","2019","7",29,0.315217391304348
"Acridotheres tristis","Kuala Lumpur","2019","8",16,0.457142857142857
"Acridotheres tristis","Kuala Lumpur","2019","9",18,0.461538461538462
"Acridotheres tristis","Kuala Lumpur","2020","1",17,0.459459459459459
"Acridotheres tristis","Kuala Lumpur","2020","10",5,0.555555555555556
"Acridotheres tristis","Kuala Lumpur","2020","11",7,0.583333333333333
"Acridotheres tristis","Kuala Lumpur","2020","12",7,0.538461538461538
"Acridotheres tristis","Kuala Lumpur","2020","2",18,0.514285714285714
"Acridotheres tristis","Kuala Lumpur","2020","3",11,0.478260869565217
"Acridotheres tristis","Kuala Lumpur","2020","4",1,0.25
"Acridotheres tristis","Kuala Lumpur","2020","5",5,0.357142857142857
"Acridotheres tristis","Kuala Lumpur","2020","6",7,0.233333333333333
"Acridotheres tristis","Kuala Lumpur","2020","7",11,0.305555555555556
"Acridotheres tristis","Kuala Lumpur","2020","8",5,0.166666666666667
"Acridotheres tristis","Kuala Lumpur","2020","9",6,0.5
"Acridotheres tristis","Kuala Lumpur","2021","1",7,0.411764705882353
"Acridotheres tristis","Kuala Lumpur","2021","10",3,0.428571428571429
"Acridotheres tristis","Kuala Lumpur","2021","11",7,0.388888888888889
"Acridotheres tristis","Kuala Lumpur","2021","12",3,0.375
"Acridotheres tristis","Kuala Lumpur","2021","2",5,0.625
"Acridotheres tristis","Kuala Lumpur","2021","3",4,0.181818181818182
"Acridotheres tristis","Kuala Lumpur","2021","4",8,0.421052631578947
"Acridotheres tristis","Kuala Lumpur","2021","5",8,0.242424242424242
"Acridotheres tristis","Kuala Lumpur","2021","7",3,0.230769230769231
"Acridotheres tristis","Kuala Lumpur","2021","8",2,0.222222222222222
"Acridotheres tristis","Kuala Lumpur","2021","9",7,0.538461538461538
"Acridotheres tristis","Kuala Lumpur","2022","1",2,0.2
"Acridotheres tristis","Kuala Lumpur","2022","10",16,0.457142857142857
"Acridotheres tristis","Kuala Lumpur","2022","11",10,0.37037037037037
"Acridotheres tristis","Kuala Lumpur","2022","12",23,0.450980392156863
"Acridotheres tristis","Kuala Lumpur","2022","2",2,1
"Acridotheres tristis","Kuala Lumpur","2022","3",5,0.454545454545455
"Acridotheres tristis","Kuala Lumpur","2022","4",6,0.272727272727273
"Acridotheres tristis","Kuala Lumpur","2022","5",8,0.444444444444444
"Acridotheres tristis","Kuala Lumpur","2022","6",3,0.2
"Acridotheres tristis","Kuala Lumpur","2022","7",8,0.363636363636364
"Acridotheres tristis","Kuala Lumpur","2022","8",14,0.4375
"Acridotheres tristis","Kuala Lumpur","2022","9",18,0.352941176470588
"Acridotheres tristis","Kuala Lumpur","2023","1",36,0.439024390243902
"Acridotheres tristis","Kuala Lumpur","2023","10",20,0.384615384615385
"Acridotheres tristis","Kuala Lumpur","2023","11",21,0.283783783783784
"Acridotheres tristis","Kuala Lumpur","2023","12",21,0.291666666666667
"Acridotheres tristis","Kuala Lumpur","2023","2",27,0.310344827586207
"Acridotheres tristis","Kuala Lumpur","2023","3",27,0.415384615384615
"Acridotheres tristis","Kuala Lumpur","2023","4",19,0.322033898305085
"Acridotheres tristis","Kuala Lumpur","2023","5",4,0.133333333333333
"Acridotheres tristis","Kuala Lumpur","2023","6",21,0.308823529411765
"Acridotheres tristis","Kuala Lumpur","2023","7",28,0.329411764705882
"Acridotheres tristis","Kuala Lumpur","2023","8",35,0.318181818181818
"Acridotheres tristis","Kuala Lumpur","2023","9",23,0.396551724137931
"Acridotheres tristis","Kuala Lumpur","2024","1",20,0.307692307692308
"Acridotheres tristis","Kuala Lumpur","2024","10",32,0.359550561797753
"Acridotheres tristis","Kuala Lumpur","2024","11",15,0.294117647058824
"Acridotheres tristis","Kuala Lumpur","2024","12",19,0.211111111111111
"Acridotheres tristis","Kuala Lumpur","2024","2",24,0.380952380952381
"Acridotheres tristis","Kuala Lumpur","2024","3",32,0.363636363636364
"Acridotheres tristis","Kuala Lumpur","2024","4",27,0.435483870967742
"Acridotheres tristis","Kuala Lumpur","2024","5",24,0.352941176470588
"Acridotheres tristis","Kuala Lumpur","2024","6",15,0.326086956521739
"Acridotheres tristis","Kuala Lumpur","2024","7",28,0.282828282828283
"Acridotheres tristis","Kuala Lumpur","2024","8",25,0.280898876404494
"Acridotheres tristis","Kuala Lumpur","2024","9",21,0.328125
"Acridotheres tristis","Kuala Lumpur","2025","10",6,0.181818181818182
"Acridotheres tristis","Kuala Lumpur","2025","11",4,0.125
"Acridotheres tristis","Kuala Lumpur","2025","12",2,0.0588235294117647
"Acridotheres tristis","Kuala Lumpur","2025","3",1,0.111111111111111
"Acridotheres tristis","Kuala Lumpur","2025","4",3,0.09375
"Acridotheres tristis","Kuala Lumpur","2025","5",2,0.166666666666667
"Acridotheres tristis","Kuala Lumpur","2025","6",2,0.181818181818182
"Acridotheres tristis","Kuala Lumpur","2025","7",7,0.212121212121212
"Acridotheres tristis","Kuala Lumpur","2025","9",1,0.0526315789473684
"Acridotheres tristis","Kuala Lumpur","2026","1",3,0.0638297872340425
"Acridotheres tristis","Kuala Lumpur","2026","2",3,0.0652173913043478
"Acridotheres tristis","Kuala Lumpur","2026","3",2,0.0769230769230769
"Acridotheres tristis","Kuala Lumpur","2026","4",4,0.111111111111111
"Acridotheres tristis","Kuala Lumpur","2026","5",3,0.0810810810810811
"Acridotheres tristis","Kuala Lumpur","2026","6",3,0.0909090909090909
"Acridotheres tristis","Kuala Lumpur","2026","7",1,0.024390243902439
"Acridotheres tristis","Melaka","2015","1",1,1
"Acridotheres tristis","Melaka","2015","10",1,1
"Acridotheres tristis","Melaka","2015","11",1,0.5
"Acridotheres tristis","Melaka","2015","12",5,0.3125
"Acridotheres tristis","Melaka","2015","7",1,0.333333333333333
"Acridotheres tristis","Melaka","2016","1",1,0.333333333333333
"Acridotheres tristis","Melaka","2016","12",2,0.5
"Acridotheres tristis","Melaka","2016","2",1,0.333333333333333
"Acridotheres tristis","Melaka","2016","3",1,1
"Acridotheres tristis","Melaka","2016","4",1,1
"Acridotheres tristis","Melaka","2016","6",4,0.8
"Acridotheres tristis","Melaka","2016","8",1,0.5
"Acridotheres tristis","Melaka","2016","9",6,0.545454545454545
"Acridotheres tristis","Melaka","2017","12",1,0.25
"Acridotheres tristis","Melaka","2017","2",1,0.5
"Acridotheres tristis","Melaka","2017","6",1,0.5
"Acridotheres tristis","Melaka","2017","7",3,0.428571428571429
"Acridotheres tristis","Melaka","2017","8",3,1
"Acridotheres tristis","Melaka","2017","9",2,0.5
"Acridotheres tristis","Melaka","2018","11",2,0.5
"Acridotheres tristis","Melaka","2018","12",3,0.6
"Acridotheres tristis","Melaka","2018","2",3,0.3
"Acridotheres tristis","Melaka","2018","3",1,0.333333333333333
"Acridotheres tristis","Melaka","2018","6",4,0.571428571428571
"Acridotheres tristis","Melaka","2018","7",2,0.333333333333333
"Acridotheres tristis","Melaka","2019","1",3,0.6
"Acridotheres tristis","Melaka","2019","11",2,0.666666666666667
"Acridotheres tristis","Melaka","2019","12",1,0.25
"Acridotheres tristis","Melaka","2019","2",2,1
"Acridotheres tristis","Melaka","2019","3",6,0.545454545454545
"Acridotheres tristis","Melaka","2019","5",2,1
"Acridotheres tristis","Melaka","2019","6",3,0.6
"Acridotheres tristis","Melaka","2019","7",2,0.285714285714286
"Acridotheres tristis","Melaka","2019","8",1,0.111111111111111
"Acridotheres tristis","Melaka","2020","1",1,0.333333333333333
"Acridotheres tristis","Melaka","2020","10",2,1
"Acridotheres tristis","Melaka","2020","12",3,0.333333333333333
"Acridotheres tristis","Melaka","2020","3",2,0.5
"Acridotheres tristis","Melaka","2020","6",2,0.5
"Acridotheres tristis","Melaka","2020","7",2,0.666666666666667
"Acridotheres tristis","Melaka","2020","8",1,0.5
"Acridotheres tristis","Melaka","2020","9",2,0.5
"Acridotheres tristis","Melaka","2021","10",1,0.5
"Acridotheres tristis","Melaka","2021","11",5,0.3125
"Acridotheres tristis","Melaka","2021","12",3,0.214285714285714
"Acridotheres tristis","Melaka","2021","3",2,1
"Acridotheres tristis","Melaka","2021","4",2,1
"Acridotheres tristis","Melaka","2021","5",2,0.666666666666667
"Acridotheres tristis","Melaka","2022","10",2,0.25
"Acridotheres tristis","Melaka","2022","11",8,0.727272727272727
"Acridotheres tristis","Melaka","2022","12",3,0.333333333333333
"Acridotheres tristis","Melaka","2022","2",5,0.5
"Acridotheres tristis","Melaka","2022","3",2,0.2
"Acridotheres tristis","Melaka","2022","4",2,0.5
"Acridotheres tristis","Melaka","2022","5",5,0.454545454545455
"Acridotheres tristis","Melaka","2022","6",3,0.115384615384615
"Acridotheres tristis","Melaka","2022","7",43,0.41747572815534
"Acridotheres tristis","Melaka","2022","8",2,0.222222222222222
"Acridotheres tristis","Melaka","2022","9",12,0.666666666666667
"Acridotheres tristis","Melaka","2023","1",6,0.428571428571429
"Acridotheres tristis","Melaka","2023","10",1,0.1
"Acridotheres tristis","Melaka","2023","2",3,0.25
"Acridotheres tristis","Melaka","2023","3",10,0.37037037037037
"Acridotheres tristis","Melaka","2023","4",5,0.357142857142857
"Acridotheres tristis","Melaka","2023","5",7,0.291666666666667
"Acridotheres tristis","Melaka","2023","6",1,0.142857142857143
"Acridotheres tristis","Melaka","2023","7",2,0.25
"Acridotheres tristis","Melaka","2023","8",1,0.142857142857143
"Acridotheres tristis","Melaka","2024","1",2,0.333333333333333
"Acridotheres tristis","Melaka","2024","10",5,0.294117647058824
"Acridotheres tristis","Melaka","2024","11",22,0.511627906976744
"Acridotheres tristis","Melaka","2024","12",7,0.259259259259259
"Acridotheres tristis","Melaka","2024","2",5,0.294117647058824
"Acridotheres tristis","Melaka","2024","3",2,0.0833333333333333
"Acridotheres tristis","Melaka","2024","4",7,0.538461538461538
"Acridotheres tristis","Melaka","2024","5",1,0.166666666666667
"Acridotheres tristis","Melaka","2024","6",5,0.227272727272727
"Acridotheres tristis","Melaka","2024","7",19,0.527777777777778
"Acridotheres tristis","Melaka","2024","8",5,0.217391304347826
"Acridotheres tristis","Melaka","2024","9",1,0.111111111111111
"Acridotheres tristis","Melaka","2026","2",1,0.0833333333333333
"Acridotheres tristis","Negeri Sembilan","2015","11",1,1
"Acridotheres tristis","Negeri Sembilan","2015","3",3,1
"Acridotheres tristis","Negeri Sembilan","2015","5",2,1
"Acridotheres tristis","Negeri Sembilan","2015","7",3,0.75
"Acridotheres tristis","Negeri Sembilan","2016","10",2,0.666666666666667
"Acridotheres tristis","Negeri Sembilan","2016","12",1,1
"Acridotheres tristis","Negeri Sembilan","2016","2",3,0.5
"Acridotheres tristis","Negeri Sembilan","2016","3",1,1
"Acridotheres tristis","Negeri Sembilan","2016","4",1,0.5
"Acridotheres tristis","Negeri Sembilan","2016","5",3,1
"Acridotheres tristis","Negeri Sembilan","2016","6",7,0.583333333333333
"Acridotheres tristis","Negeri Sembilan","2017","1",1,1
"Acridotheres tristis","Negeri Sembilan","2017","10",1,0.333333333333333
"Acridotheres tristis","Negeri Sembilan","2017","2",3,1
"Acridotheres tristis","Negeri Sembilan","2017","3",2,1
"Acridotheres tristis","Negeri Sembilan","2017","4",3,1
"Acridotheres tristis","Negeri Sembilan","2017","6",1,0.5
"Acridotheres tristis","Negeri Sembilan","2017","9",1,1
"Acridotheres tristis","Negeri Sembilan","2018","1",1,0.333333333333333
"Acridotheres tristis","Negeri Sembilan","2018","10",4,0.666666666666667
"Acridotheres tristis","Negeri Sembilan","2018","11",6,0.428571428571429
"Acridotheres tristis","Negeri Sembilan","2018","12",11,0.785714285714286
"Acridotheres tristis","Negeri Sembilan","2018","2",1,1
"Acridotheres tristis","Negeri Sembilan","2018","3",16,0.727272727272727
"Acridotheres tristis","Negeri Sembilan","2018","4",1,0.5
"Acridotheres tristis","Negeri Sembilan","2018","5",5,0.833333333333333
"Acridotheres tristis","Negeri Sembilan","2018","6",1,0.333333333333333
"Acridotheres tristis","Negeri Sembilan","2018","7",1,1
"Acridotheres tristis","Negeri Sembilan","2018","8",2,1
"Acridotheres tristis","Negeri Sembilan","2018","9",3,0.75
"Acridotheres tristis","Negeri Sembilan","2019","1",14,0.777777777777778
"Acridotheres tristis","Negeri Sembilan","2019","10",4,0.666666666666667
"Acridotheres tristis","Negeri Sembilan","2019","11",4,0.5
"Acridotheres tristis","Negeri Sembilan","2019","12",7,0.636363636363636
"Acridotheres tristis","Negeri Sembilan","2019","2",7,0.583333333333333
"Acridotheres tristis","Negeri Sembilan","2019","3",14,0.7
"Acridotheres tristis","Negeri Sembilan","2019","4",7,0.875
"Acridotheres tristis","Negeri Sembilan","2019","5",8,0.8
"Acridotheres tristis","Negeri Sembilan","2019","6",1,0.2
"Acridotheres tristis","Negeri Sembilan","2019","7",13,0.52
"Acridotheres tristis","Negeri Sembilan","2019","8",9,0.642857142857143
"Acridotheres tristis","Negeri Sembilan","2019","9",10,0.909090909090909
"Acridotheres tristis","Negeri Sembilan","2020","10",20,0.8
"Acridotheres tristis","Negeri Sembilan","2020","11",19,0.863636363636364
"Acridotheres tristis","Negeri Sembilan","2020","12",10,0.769230769230769
"Acridotheres tristis","Negeri Sembilan","2020","2",5,0.625
"Acridotheres tristis","Negeri Sembilan","2020","3",12,0.857142857142857
"Acridotheres tristis","Negeri Sembilan","2020","4",4,0.8
"Acridotheres tristis","Negeri Sembilan","2020","5",9,0.75
"Acridotheres tristis","Negeri Sembilan","2020","6",5,0.714285714285714
"Acridotheres tristis","Negeri Sembilan","2020","7",11,0.785714285714286
"Acridotheres tristis","Negeri Sembilan","2020","8",13,0.8125
"Acridotheres tristis","Negeri Sembilan","2020","9",15,0.882352941176471
"Acridotheres tristis","Negeri Sembilan","2021","1",10,0.625
"Acridotheres tristis","Negeri Sembilan","2021","10",64,0.60377358490566
"Acridotheres tristis","Negeri Sembilan","2021","11",66,0.568965517241379
"Acridotheres tristis","Negeri Sembilan","2021","12",51,0.621951219512195
"Acridotheres tristis","Negeri Sembilan","2021","2",2,1
"Acridotheres tristis","Negeri Sembilan","2021","3",9,0.428571428571429
"Acridotheres tristis","Negeri Sembilan","2021","4",45,0.703125
"Acridotheres tristis","Negeri Sembilan","2021","5",66,0.666666666666667
"Acridotheres tristis","Negeri Sembilan","2021","6",65,0.570175438596491
"Acridotheres tristis","Negeri Sembilan","2021","7",83,0.568493150684932
"Acridotheres tristis","Negeri Sembilan","2021","8",75,0.6
"Acridotheres tristis","Negeri Sembilan","2021","9",71,0.550387596899225
"Acridotheres tristis","Negeri Sembilan","2022","1",60,0.594059405940594
"Acridotheres tristis","Negeri Sembilan","2022","10",9,0.473684210526316
"Acridotheres tristis","Negeri Sembilan","2022","11",32,0.444444444444444
"Acridotheres tristis","Negeri Sembilan","2022","12",31,0.476923076923077
"Acridotheres tristis","Negeri Sembilan","2022","2",37,0.528571428571429
"Acridotheres tristis","Negeri Sembilan","2022","3",54,0.574468085106383
"Acridotheres tristis","Negeri Sembilan","2022","4",47,0.573170731707317
"Acridotheres tristis","Negeri Sembilan","2022","5",29,0.69047619047619
"Acridotheres tristis","Negeri Sembilan","2022","6",22,0.536585365853659
"Acridotheres tristis","Negeri Sembilan","2022","7",36,0.5
"Acridotheres tristis","Negeri Sembilan","2022","8",33,0.5
"Acridotheres tristis","Negeri Sembilan","2022","9",21,0.466666666666667
"Acridotheres tristis","Negeri Sembilan","2023","1",30,0.46875
"Acridotheres tristis","Negeri Sembilan","2023","10",34,0.576271186440678
"Acridotheres tristis","Negeri Sembilan","2023","11",33,0.611111111111111
"Acridotheres tristis","Negeri Sembilan","2023","12",26,0.52
"Acridotheres tristis","Negeri Sembilan","2023","2",26,0.490566037735849
"Acridotheres tristis","Negeri Sembilan","2023","3",27,0.509433962264151
"Acridotheres tristis","Negeri Sembilan","2023","4",30,0.483870967741935
"Acridotheres tristis","Negeri Sembilan","2023","5",28,0.549019607843137
"Acridotheres tristis","Negeri Sembilan","2023","6",23,0.511111111111111
"Acridotheres tristis","Negeri Sembilan","2023","7",21,0.538461538461538
"Acridotheres tristis","Negeri Sembilan","2023","8",27,0.529411764705882
"Acridotheres tristis","Negeri Sembilan","2023","9",18,0.5625
"Acridotheres tristis","Negeri Sembilan","2024","1",28,0.430769230769231
"Acridotheres tristis","Negeri Sembilan","2024","10",22,0.431372549019608
"Acridotheres tristis","Negeri Sembilan","2024","11",10,0.32258064516129
"Acridotheres tristis","Negeri Sembilan","2024","12",9,0.310344827586207
"Acridotheres tristis","Negeri Sembilan","2024","2",4,0.333333333333333
"Acridotheres tristis","Negeri Sembilan","2024","3",19,0.387755102040816
"Acridotheres tristis","Negeri Sembilan","2024","4",18,0.375
"Acridotheres tristis","Negeri Sembilan","2024","5",9,0.333333333333333
"Acridotheres tristis","Negeri Sembilan","2024","6",8,0.32
"Acridotheres tristis","Negeri Sembilan","2024","7",20,0.32258064516129
"Acridotheres tristis","Negeri Sembilan","2024","8",17,0.404761904761905
"Acridotheres tristis","Negeri Sembilan","2024","9",10,0.37037037037037
"Acridotheres tristis","Negeri Sembilan","2026","1",1,0.5
"Acridotheres tristis","Negeri Sembilan","2026","5",3,0.75
"Acridotheres tristis","Negeri Sembilan","2026","7",1,0.333333333333333
"Acridotheres tristis","Pahang","2015","1",3,0.75
"Acridotheres tristis","Pahang","2015","10",1,0.25
"Acridotheres tristis","Pahang","2015","11",6,0.857142857142857
"Acridotheres tristis","Pahang","2015","12",2,1
"Acridotheres tristis","Pahang","2015","2",20,0.769230769230769
"Acridotheres tristis","Pahang","2015","3",12,0.705882352941177
"Acridotheres tristis","Pahang","2015","4",2,0.666666666666667
"Acridotheres tristis","Pahang","2015","5",1,0.5
"Acridotheres tristis","Pahang","2015","6",3,0.6
"Acridotheres tristis","Pahang","2015","7",4,0.571428571428571
"Acridotheres tristis","Pahang","2015","8",5,0.555555555555556
"Acridotheres tristis","Pahang","2015","9",5,0.5
"Acridotheres tristis","Pahang","2016","1",7,0.777777777777778
"Acridotheres tristis","Pahang","2016","10",2,0.5
"Acridotheres tristis","Pahang","2016","12",2,1
"Acridotheres tristis","Pahang","2016","2",2,0.285714285714286
"Acridotheres tristis","Pahang","2016","3",13,0.764705882352941
"Acridotheres tristis","Pahang","2016","4",3,0.5
"Acridotheres tristis","Pahang","2016","5",7,0.538461538461538
"Acridotheres tristis","Pahang","2016","6",3,0.230769230769231
"Acridotheres tristis","Pahang","2016","7",12,0.8
"Acridotheres tristis","Pahang","2016","8",15,0.625
"Acridotheres tristis","Pahang","2016","9",3,1
"Acridotheres tristis","Pahang","2017","1",1,0.25
"Acridotheres tristis","Pahang","2017","10",4,0.666666666666667
"Acridotheres tristis","Pahang","2017","11",4,0.5
"Acridotheres tristis","Pahang","2017","12",5,0.833333333333333
"Acridotheres tristis","Pahang","2017","2",12,0.8
"Acridotheres tristis","Pahang","2017","3",22,0.846153846153846
"Acridotheres tristis","Pahang","2017","4",24,0.857142857142857
"Acridotheres tristis","Pahang","2017","5",8,1
"Acridotheres tristis","Pahang","2017","6",15,0.833333333333333
"Acridotheres tristis","Pahang","2017","7",12,0.705882352941177
"Acridotheres tristis","Pahang","2017","8",14,0.875
"Acridotheres tristis","Pahang","2017","9",6,0.857142857142857
"Acridotheres tristis","Pahang","2018","1",7,0.636363636363636
"Acridotheres tristis","Pahang","2018","10",16,0.888888888888889
"Acridotheres tristis","Pahang","2018","11",1,0.2
"Acridotheres tristis","Pahang","2018","12",2,0.666666666666667
"Acridotheres tristis","Pahang","2018","2",11,0.846153846153846
"Acridotheres tristis","Pahang","2018","3",8,0.296296296296296
"Acridotheres tristis","Pahang","2018","4",9,0.529411764705882
"Acridotheres tristis","Pahang","2018","5",10,0.588235294117647
"Acridotheres tristis","Pahang","2018","6",17,0.894736842105263
"Acridotheres tristis","Pahang","2018","7",20,0.869565217391304
"Acridotheres tristis","Pahang","2018","8",7,0.875
"Acridotheres tristis","Pahang","2018","9",7,0.777777777777778
"Acridotheres tristis","Pahang","2019","1",5,0.5
"Acridotheres tristis","Pahang","2019","10",7,0.583333333333333
"Acridotheres tristis","Pahang","2019","11",3,0.5
"Acridotheres tristis","Pahang","2019","12",6,0.666666666666667
"Acridotheres tristis","Pahang","2019","2",19,0.863636363636364
"Acridotheres tristis","Pahang","2019","3",8,0.571428571428571
"Acridotheres tristis","Pahang","2019","4",21,0.777777777777778
"Acridotheres tristis","Pahang","2019","5",10,0.714285714285714
"Acridotheres tristis","Pahang","2019","6",15,0.46875
"Acridotheres tristis","Pahang","2019","7",24,0.521739130434783
"Acridotheres tristis","Pahang","2019","8",24,0.685714285714286
"Acridotheres tristis","Pahang","2019","9",6,0.75
"Acridotheres tristis","Pahang","2020","1",3,0.6
"Acridotheres tristis","Pahang","2020","10",7,0.777777777777778
"Acridotheres tristis","Pahang","2020","11",6,1
"Acridotheres tristis","Pahang","2020","12",2,0.666666666666667
"Acridotheres tristis","Pahang","2020","2",13,0.722222222222222
"Acridotheres tristis","Pahang","2020","3",23,0.958333333333333
"Acridotheres tristis","Pahang","2020","7",5,1
"Acridotheres tristis","Pahang","2020","8",5,0.833333333333333
"Acridotheres tristis","Pahang","2020","9",7,1
"Acridotheres tristis","Pahang","2021","1",5,0.714285714285714
"Acridotheres tristis","Pahang","2021","10",14,0.933333333333333
"Acridotheres tristis","Pahang","2021","12",2,0.4
"Acridotheres tristis","Pahang","2021","2",10,1
"Acridotheres tristis","Pahang","2021","3",14,0.823529411764706
"Acridotheres tristis","Pahang","2021","4",5,0.833333333333333
"Acridotheres tristis","Pahang","2021","5",19,1
"Acridotheres tristis","Pahang","2021","6",2,1
"Acridotheres tristis","Pahang","2021","7",1,1
"Acridotheres tristis","Pahang","2021","8",2,0.666666666666667
"Acridotheres tristis","Pahang","2021","9",2,0.666666666666667
"Acridotheres tristis","Pahang","2022","1",9,0.692307692307692
"Acridotheres tristis","Pahang","2022","10",9,0.9
"Acridotheres tristis","Pahang","2022","11",10,0.909090909090909
"Acridotheres tristis","Pahang","2022","12",4,1
"Acridotheres tristis","Pahang","2022","2",4,0.666666666666667
"Acridotheres tristis","Pahang","2022","3",7,1
"Acridotheres tristis","Pahang","2022","4",11,0.846153846153846
"Acridotheres tristis","Pahang","2022","5",3,1
"Acridotheres tristis","Pahang","2022","6",8,0.727272727272727
"Acridotheres tristis","Pahang","2022","7",84,0.903225806451613
"Acridotheres tristis","Pahang","2022","8",12,0.631578947368421
"Acridotheres tristis","Pahang","2022","9",16,0.941176470588235
"Acridotheres tristis","Pahang","2023","1",18,0.818181818181818
"Acridotheres tristis","Pahang","2023","10",7,0.7
"Acridotheres tristis","Pahang","2023","11",10,0.625
"Acridotheres tristis","Pahang","2023","12",9,0.692307692307692
"Acridotheres tristis","Pahang","2023","2",29,0.763157894736842
"Acridotheres tristis","Pahang","2023","3",18,0.72
"Acridotheres tristis","Pahang","2023","4",15,0.833333333333333
"Acridotheres tristis","Pahang","2023","5",28,0.933333333333333
"Acridotheres tristis","Pahang","2023","6",25,0.555555555555556
"Acridotheres tristis","Pahang","2023","7",19,0.730769230769231
"Acridotheres tristis","Pahang","2023","8",27,0.710526315789474
"Acridotheres tristis","Pahang","2023","9",13,0.65
"Acridotheres tristis","Pahang","2024","1",10,0.476190476190476
"Acridotheres tristis","Pahang","2024","10",19,0.678571428571429
"Acridotheres tristis","Pahang","2024","11",5,0.714285714285714
"Acridotheres tristis","Pahang","2024","12",15,0.652173913043478
"Acridotheres tristis","Pahang","2024","2",10,0.769230769230769
"Acridotheres tristis","Pahang","2024","3",32,0.695652173913043
"Acridotheres tristis","Pahang","2024","4",22,0.916666666666667
"Acridotheres tristis","Pahang","2024","5",17,0.739130434782609
"Acridotheres tristis","Pahang","2024","6",23,0.605263157894737
"Acridotheres tristis","Pahang","2024","7",29,0.659090909090909
"Acridotheres tristis","Pahang","2024","8",14,0.538461538461538
"Acridotheres tristis","Pahang","2024","9",14,0.777777777777778
"Acridotheres tristis","Pahang","2025","10",3,0.2
"Acridotheres tristis","Pahang","2025","11",3,0.375
"Acridotheres tristis","Pahang","2025","2",1,0.166666666666667
"Acridotheres tristis","Pahang","2025","4",1,0.142857142857143
"Acridotheres tristis","Pahang","2025","6",1,0.0909090909090909
"Acridotheres tristis","Pahang","2025","7",1,0.166666666666667
"Acridotheres tristis","Pahang","2025","8",1,0.1
"Acridotheres tristis","Pahang","2026","2",1,0.111111111111111
"Acridotheres tristis","Pahang","2026","4",13,0.240740740740741
"Acridotheres tristis","Pahang","2026","5",5,0.217391304347826
"Acridotheres tristis","Pahang","2026","6",1,0.142857142857143
"Acridotheres tristis","Perak","2015","1",4,1
"Acridotheres tristis","Perak","2015","10",1,1
"Acridotheres tristis","Perak","2015","11",2,1
"Acridotheres tristis","Perak","2015","12",3,0.5
"Acridotheres tristis","Perak","2015","2",9,1
"Acridotheres tristis","Perak","2015","3",14,1
"Acridotheres tristis","Perak","2015","4",3,0.75
"Acridotheres tristis","Perak","2015","5",4,1
"Acridotheres tristis","Perak","2015","6",6,1
"Acridotheres tristis","Perak","2015","7",1,0.25
"Acridotheres tristis","Perak","2015","9",2,1
"Acridotheres tristis","Perak","2016","1",7,0.875
"Acridotheres tristis","Perak","2016","10",2,0.666666666666667
"Acridotheres tristis","Perak","2016","11",6,0.857142857142857
"Acridotheres tristis","Perak","2016","12",3,1
"Acridotheres tristis","Perak","2016","2",2,1
"Acridotheres tristis","Perak","2016","3",1,0.25
"Acridotheres tristis","Perak","2016","4",2,1
"Acridotheres tristis","Perak","2016","5",1,1
"Acridotheres tristis","Perak","2016","6",5,0.833333333333333
"Acridotheres tristis","Perak","2016","8",2,1
"Acridotheres tristis","Perak","2016","9",6,1
"Acridotheres tristis","Perak","2017","1",4,0.444444444444444
"Acridotheres tristis","Perak","2017","10",4,1
"Acridotheres tristis","Perak","2017","11",14,0.933333333333333
"Acridotheres tristis","Perak","2017","12",7,0.777777777777778
"Acridotheres tristis","Perak","2017","2",11,0.733333333333333
"Acridotheres tristis","Perak","2017","3",4,1
"Acridotheres tristis","Perak","2017","4",6,0.857142857142857
"Acridotheres tristis","Perak","2017","5",1,0.333333333333333
"Acridotheres tristis","Perak","2017","6",3,1
"Acridotheres tristis","Perak","2017","7",4,0.571428571428571
"Acridotheres tristis","Perak","2017","8",8,1
"Acridotheres tristis","Perak","2017","9",2,1
"Acridotheres tristis","Perak","2018","1",5,1
"Acridotheres tristis","Perak","2018","10",1,1
"Acridotheres tristis","Perak","2018","11",4,1
"Acridotheres tristis","Perak","2018","12",3,0.75
"Acridotheres tristis","Perak","2018","2",2,0.666666666666667
"Acridotheres tristis","Perak","2018","3",4,1
"Acridotheres tristis","Perak","2018","4",7,1
"Acridotheres tristis","Perak","2018","5",14,1
"Acridotheres tristis","Perak","2018","6",5,1
"Acridotheres tristis","Perak","2018","7",2,0.5
"Acridotheres tristis","Perak","2018","8",8,0.666666666666667
"Acridotheres tristis","Perak","2018","9",2,1
"Acridotheres tristis","Perak","2019","1",3,0.75
"Acridotheres tristis","Perak","2019","10",5,0.625
"Acridotheres tristis","Perak","2019","11",3,1
"Acridotheres tristis","Perak","2019","12",16,0.666666666666667
"Acridotheres tristis","Perak","2019","2",5,1
"Acridotheres tristis","Perak","2019","3",16,1
"Acridotheres tristis","Perak","2019","4",12,0.571428571428571
"Acridotheres tristis","Perak","2019","5",15,0.9375
"Acridotheres tristis","Perak","2019","6",7,0.777777777777778
"Acridotheres tristis","Perak","2019","7",3,0.75
"Acridotheres tristis","Perak","2019","8",8,1
"Acridotheres tristis","Perak","2019","9",2,0.666666666666667
"Acridotheres tristis","Perak","2020","1",9,0.9
"Acridotheres tristis","Perak","2020","10",15,0.789473684210526
"Acridotheres tristis","Perak","2020","11",11,0.916666666666667
"Acridotheres tristis","Perak","2020","12",15,0.789473684210526
"Acridotheres tristis","Perak","2020","2",17,0.944444444444444
"Acridotheres tristis","Perak","2020","3",29,1
"Acridotheres tristis","Perak","2020","4",13,1
"Acridotheres tristis","Perak","2020","5",3,0.75
"Acridotheres tristis","Perak","2020","6",4,1
"Acridotheres tristis","Perak","2020","7",7,0.777777777777778
"Acridotheres tristis","Perak","2020","8",9,0.692307692307692
"Acridotheres tristis","Perak","2020","9",4,0.666666666666667
"Acridotheres tristis","Perak","2021","1",23,0.676470588235294
"Acridotheres tristis","Perak","2021","10",19,0.791666666666667
"Acridotheres tristis","Perak","2021","11",7,0.636363636363636
"Acridotheres tristis","Perak","2021","12",14,0.736842105263158
"Acridotheres tristis","Perak","2021","2",3,1
"Acridotheres tristis","Perak","2021","3",12,0.923076923076923
"Acridotheres tristis","Perak","2021","4",19,0.904761904761905
"Acridotheres tristis","Perak","2021","5",13,1
"Acridotheres tristis","Perak","2021","6",1,1
"Acridotheres tristis","Perak","2021","8",7,1
"Acridotheres tristis","Perak","2021","9",8,1
"Acridotheres tristis","Perak","2022","1",30,0.652173913043478
"Acridotheres tristis","Perak","2022","10",37,0.880952380952381
"Acridotheres tristis","Perak","2022","11",6,0.666666666666667
"Acridotheres tristis","Perak","2022","12",20,0.833333333333333
"Acridotheres tristis","Perak","2022","2",30,0.857142857142857
"Acridotheres tristis","Perak","2022","3",33,0.916666666666667
"Acridotheres tristis","Perak","2022","4",16,0.64
"Acridotheres tristis","Perak","2022","5",6,0.857142857142857
"Acridotheres tristis","Perak","2022","6",7,0.777777777777778
"Acridotheres tristis","Perak","2022","7",9,0.6
"Acridotheres tristis","Perak","2022","8",11,0.611111111111111
"Acridotheres tristis","Perak","2022","9",10,0.769230769230769
"Acridotheres tristis","Perak","2023","1",24,0.685714285714286
"Acridotheres tristis","Perak","2023","10",10,0.555555555555556
"Acridotheres tristis","Perak","2023","11",12,0.705882352941177
"Acridotheres tristis","Perak","2023","12",34,0.772727272727273
"Acridotheres tristis","Perak","2023","2",4,0.571428571428571
"Acridotheres tristis","Perak","2023","3",17,0.85
"Acridotheres tristis","Perak","2023","4",14,0.823529411764706
"Acridotheres tristis","Perak","2023","5",24,0.857142857142857
"Acridotheres tristis","Perak","2023","6",10,0.666666666666667
"Acridotheres tristis","Perak","2023","7",16,0.551724137931034
"Acridotheres tristis","Perak","2023","8",32,1
"Acridotheres tristis","Perak","2023","9",10,0.588235294117647
"Acridotheres tristis","Perak","2024","1",25,0.462962962962963
"Acridotheres tristis","Perak","2024","10",16,0.5
"Acridotheres tristis","Perak","2024","11",17,0.653846153846154
"Acridotheres tristis","Perak","2024","12",35,0.555555555555556
"Acridotheres tristis","Perak","2024","2",43,0.704918032786885
"Acridotheres tristis","Perak","2024","3",10,0.625
"Acridotheres tristis","Perak","2024","4",15,0.9375
"Acridotheres tristis","Perak","2024","5",11,0.578947368421053
"Acridotheres tristis","Perak","2024","6",15,0.576923076923077
"Acridotheres tristis","Perak","2024","7",14,0.56
"Acridotheres tristis","Perak","2024","8",15,0.714285714285714
"Acridotheres tristis","Perak","2024","9",7,0.411764705882353
"Acridotheres tristis","Perak","2025","10",2,0.2
"Acridotheres tristis","Perak","2025","11",4,0.666666666666667
"Acridotheres tristis","Perak","2025","12",1,0.0588235294117647
"Acridotheres tristis","Perak","2025","2",1,0.2
"Acridotheres tristis","Perak","2025","3",1,0.111111111111111
"Acridotheres tristis","Perak","2025","4",1,0.2
"Acridotheres tristis","Perak","2025","5",1,0.5
"Acridotheres tristis","Perak","2025","6",2,0.181818181818182
"Acridotheres tristis","Perak","2025","7",2,0.222222222222222
"Acridotheres tristis","Perak","2025","8",8,0.307692307692308
"Acridotheres tristis","Perak","2025","9",2,0.142857142857143
"Acridotheres tristis","Perak","2026","2",1,0.111111111111111
"Acridotheres tristis","Perak","2026","4",4,0.235294117647059
"Acridotheres tristis","Perak","2026","5",6,0.545454545454545
"Acridotheres tristis","Perak","2026","6",1,0.111111111111111
"Acridotheres tristis","Perak","2026","7",1,0.142857142857143
"Acridotheres tristis","Perlis","2015","1",6,1
"Acridotheres tristis","Perlis","2015","11",3,1
"Acridotheres tristis","Perlis","2015","12",7,1
"Acridotheres tristis","Perlis","2015","2",5,1
"Acridotheres tristis","Perlis","2015","3",6,1
"Acridotheres tristis","Perlis","2015","4",2,1
"Acridotheres tristis","Perlis","2015","9",2,1
"Acridotheres tristis","Perlis","2016","1",1,1
"Acridotheres tristis","Perlis","2016","12",25,1
"Acridotheres tristis","Perlis","2016","2",1,1
"Acridotheres tristis","Perlis","2017","11",7,1
"Acridotheres tristis","Perlis","2017","12",2,1
"Acridotheres tristis","Perlis","2017","2",2,1
"Acridotheres tristis","Perlis","2017","5",1,1
"Acridotheres tristis","Perlis","2018","1",5,1
"Acridotheres tristis","Perlis","2018","11",2,1
"Acridotheres tristis","Perlis","2018","12",2,1
"Acridotheres tristis","Perlis","2018","3",2,1
"Acridotheres tristis","Perlis","2018","6",1,1
"Acridotheres tristis","Perlis","2019","10",3,1
"Acridotheres tristis","Perlis","2019","11",6,1
"Acridotheres tristis","Perlis","2019","12",3,1
"Acridotheres tristis","Perlis","2019","2",3,1
"Acridotheres tristis","Perlis","2019","6",2,1
"Acridotheres tristis","Perlis","2019","7",1,1
"Acridotheres tristis","Perlis","2019","8",1,1
"Acridotheres tristis","Perlis","2019","9",4,1
"Acridotheres tristis","Perlis","2020","1",1,1
"Acridotheres tristis","Perlis","2020","10",1,1
"Acridotheres tristis","Perlis","2020","11",2,1
"Acridotheres tristis","Perlis","2020","12",3,1
"Acridotheres tristis","Perlis","2020","2",2,1
"Acridotheres tristis","Perlis","2020","6",3,1
"Acridotheres tristis","Perlis","2020","7",1,1
"Acridotheres tristis","Perlis","2020","9",7,1
"Acridotheres tristis","Perlis","2021","1",6,1
"Acridotheres tristis","Perlis","2021","10",1,1
"Acridotheres tristis","Perlis","2021","11",6,0.75
"Acridotheres tristis","Perlis","2021","12",9,0.9
"Acridotheres tristis","Perlis","2021","9",1,1
"Acridotheres tristis","Perlis","2022","10",1,1
"Acridotheres tristis","Perlis","2022","12",4,1
"Acridotheres tristis","Perlis","2022","2",5,0.714285714285714
"Acridotheres tristis","Perlis","2022","5",1,0.333333333333333
"Acridotheres tristis","Perlis","2022","8",7,1
"Acridotheres tristis","Perlis","2023","1",14,1
"Acridotheres tristis","Perlis","2023","10",10,1
"Acridotheres tristis","Perlis","2023","11",4,1
"Acridotheres tristis","Perlis","2023","12",4,0.666666666666667
"Acridotheres tristis","Perlis","2023","2",11,1
"Acridotheres tristis","Perlis","2023","4",2,0.666666666666667
"Acridotheres tristis","Perlis","2023","7",4,0.8
"Acridotheres tristis","Perlis","2023","8",9,1
"Acridotheres tristis","Perlis","2024","1",5,0.833333333333333
"Acridotheres tristis","Perlis","2024","10",7,0.875
"Acridotheres tristis","Perlis","2024","11",1,1
"Acridotheres tristis","Perlis","2024","12",16,0.941176470588235
"Acridotheres tristis","Perlis","2024","2",9,0.75
"Acridotheres tristis","Perlis","2024","3",3,1
"Acridotheres tristis","Perlis","2024","5",1,1
"Acridotheres tristis","Perlis","2024","7",8,1
"Acridotheres tristis","Perlis","2024","9",1,1
"Acridotheres tristis","Perlis","2025","7",2,0.666666666666667
"Acridotheres tristis","Perlis","2026","6",2,1
"Acridotheres tristis","Pulau Pinang","2015","1",24,0.461538461538462
"Acridotheres tristis","Pulau Pinang","2015","10",4,0.363636363636364
"Acridotheres tristis","Pulau Pinang","2015","11",8,0.470588235294118
"Acridotheres tristis","Pulau Pinang","2015","12",16,0.41025641025641
"Acridotheres tristis","Pulau Pinang","2015","2",10,0.434782608695652
"Acridotheres tristis","Pulau Pinang","2015","3",11,0.407407407407407
"Acridotheres tristis","Pulau Pinang","2015","4",13,0.52
"Acridotheres tristis","Pulau Pinang","2015","5",11,0.647058823529412
"Acridotheres tristis","Pulau Pinang","2015","6",8,0.533333333333333
"Acridotheres tristis","Pulau Pinang","2015","7",6,0.5
"Acridotheres tristis","Pulau Pinang","2015","8",4,0.363636363636364
"Acridotheres tristis","Pulau Pinang","2015","9",1,0.2
"Acridotheres tristis","Pulau Pinang","2016","1",24,0.558139534883721
"Acridotheres tristis","Pulau Pinang","2016","10",9,0.529411764705882
"Acridotheres tristis","Pulau Pinang","2016","11",15,0.384615384615385
"Acridotheres tristis","Pulau Pinang","2016","12",20,0.377358490566038
"Acridotheres tristis","Pulau Pinang","2016","2",15,0.6
"Acridotheres tristis","Pulau Pinang","2016","3",9,0.428571428571429
"Acridotheres tristis","Pulau Pinang","2016","4",11,0.523809523809524
"Acridotheres tristis","Pulau Pinang","2016","5",4,0.4
"Acridotheres tristis","Pulau Pinang","2016","6",6,0.545454545454545
"Acridotheres tristis","Pulau Pinang","2016","7",1,0.2
"Acridotheres tristis","Pulau Pinang","2016","8",9,0.529411764705882
"Acridotheres tristis","Pulau Pinang","2016","9",6,0.428571428571429
"Acridotheres tristis","Pulau Pinang","2017","1",30,0.5
"Acridotheres tristis","Pulau Pinang","2017","10",20,0.416666666666667
"Acridotheres tristis","Pulau Pinang","2017","11",8,0.380952380952381
"Acridotheres tristis","Pulau Pinang","2017","12",27,0.435483870967742
"Acridotheres tristis","Pulau Pinang","2017","2",12,0.461538461538462
"Acridotheres tristis","Pulau Pinang","2017","3",10,0.476190476190476
"Acridotheres tristis","Pulau Pinang","2017","4",16,0.592592592592593
"Acridotheres tristis","Pulau Pinang","2017","5",14,0.4375
"Acridotheres tristis","Pulau Pinang","2017","6",8,0.615384615384615
"Acridotheres tristis","Pulau Pinang","2017","7",32,0.627450980392157
"Acridotheres tristis","Pulau Pinang","2017","8",41,0.561643835616438
"Acridotheres tristis","Pulau Pinang","2017","9",24,0.470588235294118
"Acridotheres tristis","Pulau Pinang","2018","1",27,0.482142857142857
"Acridotheres tristis","Pulau Pinang","2018","10",14,0.466666666666667
"Acridotheres tristis","Pulau Pinang","2018","11",19,0.441860465116279
"Acridotheres tristis","Pulau Pinang","2018","12",11,0.407407407407407
"Acridotheres tristis","Pulau Pinang","2018","2",16,0.551724137931034
"Acridotheres tristis","Pulau Pinang","2018","3",28,0.518518518518518
"Acridotheres tristis","Pulau Pinang","2018","4",30,0.6
"Acridotheres tristis","Pulau Pinang","2018","5",38,0.678571428571429
"Acridotheres tristis","Pulau Pinang","2018","6",20,0.666666666666667
"Acridotheres tristis","Pulau Pinang","2018","7",21,0.4375
"Acridotheres tristis","Pulau Pinang","2018","8",16,0.380952380952381
"Acridotheres tristis","Pulau Pinang","2018","9",15,0.555555555555556
"Acridotheres tristis","Pulau Pinang","2019","1",23,0.403508771929825
"Acridotheres tristis","Pulau Pinang","2019","10",48,0.452830188679245
"Acridotheres tristis","Pulau Pinang","2019","11",47,0.489583333333333
"Acridotheres tristis","Pulau Pinang","2019","12",27,0.36986301369863
"Acridotheres tristis","Pulau Pinang","2019","2",42,0.191780821917808
"Acridotheres tristis","Pulau Pinang","2019","3",19,0.542857142857143
"Acridotheres tristis","Pulau Pinang","2019","4",82,0.376146788990826
"Acridotheres tristis","Pulau Pinang","2019","5",22,0.458333333333333
"Acridotheres tristis","Pulau Pinang","2019","6",11,0.458333333333333
"Acridotheres tristis","Pulau Pinang","2019","7",21,0.525
"Acridotheres tristis","Pulau Pinang","2019","8",28,0.424242424242424
"Acridotheres tristis","Pulau Pinang","2019","9",45,0.441176470588235
"Acridotheres tristis","Pulau Pinang","2020","1",33,0.402439024390244
"Acridotheres tristis","Pulau Pinang","2020","10",52,0.429752066115702
"Acridotheres tristis","Pulau Pinang","2020","11",37,0.486842105263158
"Acridotheres tristis","Pulau Pinang","2020","12",17,0.369565217391304
"Acridotheres tristis","Pulau Pinang","2020","2",39,0.40625
"Acridotheres tristis","Pulau Pinang","2020","3",59,0.433823529411765
"Acridotheres tristis","Pulau Pinang","2020","4",70,0.555555555555556
"Acridotheres tristis","Pulau Pinang","2020","5",54,0.519230769230769
"Acridotheres tristis","Pulau Pinang","2020","6",16,0.551724137931034
"Acridotheres tristis","Pulau Pinang","2020","7",27,0.482142857142857
"Acridotheres tristis","Pulau Pinang","2020","8",9,0.428571428571429
"Acridotheres tristis","Pulau Pinang","2020","9",36,0.571428571428571
"Acridotheres tristis","Pulau Pinang","2021","1",10,0.344827586206897
"Acridotheres tristis","Pulau Pinang","2021","10",36,0.455696202531646
"Acridotheres tristis","Pulau Pinang","2021","11",5,0.25
"Acridotheres tristis","Pulau Pinang","2021","12",25,0.260416666666667
"Acridotheres tristis","Pulau Pinang","2021","2",33,0.492537313432836
"Acridotheres tristis","Pulau Pinang","2021","3",69,0.482517482517482
"Acridotheres tristis","Pulau Pinang","2021","4",34,0.4
"Acridotheres tristis","Pulau Pinang","2021","5",35,0.443037974683544
"Acridotheres tristis","Pulau Pinang","2021","6",5,0.555555555555556
"Acridotheres tristis","Pulau Pinang","2021","7",10,0.384615384615385
"Acridotheres tristis","Pulau Pinang","2021","8",12,0.545454545454545
"Acridotheres tristis","Pulau Pinang","2021","9",30,0.476190476190476
"Acridotheres tristis","Pulau Pinang","2022","1",28,0.4
"Acridotheres tristis","Pulau Pinang","2022","10",31,0.369047619047619
"Acridotheres tristis","Pulau Pinang","2022","11",26,0.412698412698413
"Acridotheres tristis","Pulau Pinang","2022","12",38,0.342342342342342
"Acridotheres tristis","Pulau Pinang","2022","2",12,0.352941176470588
"Acridotheres tristis","Pulau Pinang","2022","3",11,0.423076923076923
"Acridotheres tristis","Pulau Pinang","2022","4",11,0.305555555555556
"Acridotheres tristis","Pulau Pinang","2022","5",15,0.454545454545455
"Acridotheres tristis","Pulau Pinang","2022","6",9,0.375
"Acridotheres tristis","Pulau Pinang","2022","7",9,0.333333333333333
"Acridotheres tristis","Pulau Pinang","2022","8",48,0.48
"Acridotheres tristis","Pulau Pinang","2022","9",30,0.476190476190476
"Acridotheres tristis","Pulau Pinang","2023","1",67,0.396449704142012
"Acridotheres tristis","Pulau Pinang","2023","10",21,0.318181818181818
"Acridotheres tristis","Pulau Pinang","2023","11",57,0.410071942446043
"Acridotheres tristis","Pulau Pinang","2023","12",45,0.378151260504202
"Acridotheres tristis","Pulau Pinang","2023","2",31,0.33695652173913
"Acridotheres tristis","Pulau Pinang","2023","3",44,0.396396396396396
"Acridotheres tristis","Pulau Pinang","2023","4",19,0.41304347826087
"Acridotheres tristis","Pulau Pinang","2023","5",14,0.4
"Acridotheres tristis","Pulau Pinang","2023","6",23,0.418181818181818
"Acridotheres tristis","Pulau Pinang","2023","7",24,0.333333333333333
"Acridotheres tristis","Pulau Pinang","2023","8",53,0.348684210526316
"Acridotheres tristis","Pulau Pinang","2023","9",24,0.421052631578947
"Acridotheres tristis","Pulau Pinang","2024","1",40,0.36036036036036
"Acridotheres tristis","Pulau Pinang","2024","10",33,0.362637362637363
"Acridotheres tristis","Pulau Pinang","2024","11",18,0.305084745762712
"Acridotheres tristis","Pulau Pinang","2024","12",55,0.364238410596026
"Acridotheres tristis","Pulau Pinang","2024","2",45,0.401785714285714
"Acridotheres tristis","Pulau Pinang","2024","3",28,0.388888888888889
"Acridotheres tristis","Pulau Pinang","2024","4",33,0.428571428571429
"Acridotheres tristis","Pulau Pinang","2024","5",24,0.387096774193548
"Acridotheres tristis","Pulau Pinang","2024","6",15,0.365853658536585
"Acridotheres tristis","Pulau Pinang","2024","7",25,0.301204819277108
"Acridotheres tristis","Pulau Pinang","2024","8",28,0.337349397590361
"Acridotheres tristis","Pulau Pinang","2024","9",14,0.35
"Acridotheres tristis","Pulau Pinang","2025","1",7,0.269230769230769
"Acridotheres tristis","Pulau Pinang","2025","10",1,0.0625
"Acridotheres tristis","Pulau Pinang","2025","11",1,0.037037037037037
"Acridotheres tristis","Pulau Pinang","2025","12",4,0.0930232558139535
"Acridotheres tristis","Pulau Pinang","2025","2",2,0.2
"Acridotheres tristis","Pulau Pinang","2025","3",3,0.142857142857143
"Acridotheres tristis","Pulau Pinang","2025","4",4,0.235294117647059
"Acridotheres tristis","Pulau Pinang","2025","5",3,0.272727272727273
"Acridotheres tristis","Pulau Pinang","2025","6",7,0.318181818181818
"Acridotheres tristis","Pulau Pinang","2025","7",6,0.230769230769231
"Acridotheres tristis","Pulau Pinang","2025","8",3,0.0810810810810811
"Acridotheres tristis","Pulau Pinang","2025","9",3,0.142857142857143
"Acridotheres tristis","Pulau Pinang","2026","1",2,0.0588235294117647
"Acridotheres tristis","Pulau Pinang","2026","2",1,0.0416666666666667
"Acridotheres tristis","Pulau Pinang","2026","3",2,0.0645161290322581
"Acridotheres tristis","Pulau Pinang","2026","4",2,0.142857142857143
"Acridotheres tristis","Pulau Pinang","2026","5",3,0.157894736842105
"Acridotheres tristis","Pulau Pinang","2026","6",3,0.0967741935483871
"Acridotheres tristis","Pulau Pinang","2026","7",4,0.2
"Acridotheres tristis","Pulau Pinang","2026","8",3,0.375
"Acridotheres tristis","Putrajaya","2015","8",1,0.333333333333333
"Acridotheres tristis","Putrajaya","2016","1",1,0.5
"Acridotheres tristis","Putrajaya","2016","11",1,0.5
"Acridotheres tristis","Putrajaya","2016","4",1,1
"Acridotheres tristis","Putrajaya","2016","5",1,1
"Acridotheres tristis","Putrajaya","2017","1",1,0.5
"Acridotheres tristis","Putrajaya","2017","10",1,0.5
"Acridotheres tristis","Putrajaya","2017","5",1,1
"Acridotheres tristis","Putrajaya","2017","6",1,0.5
"Acridotheres tristis","Putrajaya","2017","7",2,0.666666666666667
"Acridotheres tristis","Putrajaya","2017","8",2,0.666666666666667
"Acridotheres tristis","Putrajaya","2018","1",2,0.5
"Acridotheres tristis","Putrajaya","2018","10",1,1
"Acridotheres tristis","Putrajaya","2018","5",1,0.5
"Acridotheres tristis","Putrajaya","2018","6",2,0.5
"Acridotheres tristis","Putrajaya","2018","7",1,0.166666666666667
"Acridotheres tristis","Putrajaya","2019","10",4,0.444444444444444
"Acridotheres tristis","Putrajaya","2019","11",10,0.714285714285714
"Acridotheres tristis","Putrajaya","2019","12",3,0.75
"Acridotheres tristis","Putrajaya","2019","6",3,0.5
"Acridotheres tristis","Putrajaya","2019","7",1,0.5
"Acridotheres tristis","Putrajaya","2019","8",2,0.4
"Acridotheres tristis","Putrajaya","2019","9",3,0.75
"Acridotheres tristis","Putrajaya","2020","12",1,1
"Acridotheres tristis","Putrajaya","2020","2",4,0.5
"Acridotheres tristis","Putrajaya","2020","3",2,0.4
"Acridotheres tristis","Putrajaya","2020","6",1,0.5
"Acridotheres tristis","Putrajaya","2020","7",1,0.5
"Acridotheres tristis","Putrajaya","2020","9",1,1
"Acridotheres tristis","Putrajaya","2021","1",1,0.5
"Acridotheres tristis","Putrajaya","2022","11",8,0.5
"Acridotheres tristis","Putrajaya","2022","12",1,0.5
"Acridotheres tristis","Putrajaya","2022","5",2,0.4
"Acridotheres tristis","Putrajaya","2022","7",4,0.4
"Acridotheres tristis","Putrajaya","2022","8",4,0.5
"Acridotheres tristis","Putrajaya","2022","9",5,1
"Acridotheres tristis","Putrajaya","2023","1",1,0.25
"Acridotheres tristis","Putrajaya","2023","10",1,0.1
"Acridotheres tristis","Putrajaya","2023","11",3,0.5
"Acridotheres tristis","Putrajaya","2023","12",4,0.666666666666667
"Acridotheres tristis","Putrajaya","2023","3",1,1
"Acridotheres tristis","Putrajaya","2023","5",3,0.1875
"Acridotheres tristis","Putrajaya","2023","6",1,0.25
"Acridotheres tristis","Putrajaya","2023","7",6,0.6
"Acridotheres tristis","Putrajaya","2023","8",3,0.375
"Acridotheres tristis","Putrajaya","2024","1",3,0.375
"Acridotheres tristis","Putrajaya","2024","10",1,0.25
"Acridotheres tristis","Putrajaya","2024","11",1,0.333333333333333
"Acridotheres tristis","Putrajaya","2024","2",3,0.5
"Acridotheres tristis","Putrajaya","2024","3",3,0.428571428571429
"Acridotheres tristis","Putrajaya","2024","4",3,0.375
"Acridotheres tristis","Putrajaya","2024","6",5,0.5
"Acridotheres tristis","Putrajaya","2024","7",7,0.368421052631579
"Acridotheres tristis","Putrajaya","2024","8",4,0.363636363636364
"Acridotheres tristis","Putrajaya","2024","9",1,0.25
"Acridotheres tristis","Putrajaya","2025","6",1,0.333333333333333
"Acridotheres tristis","Putrajaya","2026","6",1,1
"Acridotheres tristis","Sabah","2015","1",3,0.333333333333333
"Acridotheres tristis","Sabah","2015","10",1,0.25
"Acridotheres tristis","Sabah","2015","4",2,0.25
"Acridotheres tristis","Sabah","2015","5",1,0.2
"Acridotheres tristis","Sabah","2015","6",3,0.428571428571429
"Acridotheres tristis","Sabah","2015","7",1,0.0909090909090909
"Acridotheres tristis","Sabah","2015","9",1,0.2
"Acridotheres tristis","Sabah","2016","12",2,0.181818181818182
"Acridotheres tristis","Sabah","2016","2",1,0.5
"Acridotheres tristis","Sabah","2016","3",2,0.133333333333333
"Acridotheres tristis","Sabah","2016","4",3,0.09375
"Acridotheres tristis","Sabah","2016","5",1,0.125
"Acridotheres tristis","Sabah","2016","6",1,0.0416666666666667
"Acridotheres tristis","Sabah","2016","7",1,0.5
"Acridotheres tristis","Sabah","2016","8",10,0.416666666666667
"Acridotheres tristis","Sabah","2017","10",1,0.166666666666667
"Acridotheres tristis","Sabah","2017","12",2,0.5
"Acridotheres tristis","Sabah","2017","2",2,0.133333333333333
"Acridotheres tristis","Sabah","2017","4",8,0.32
"Acridotheres tristis","Sabah","2017","5",3,0.75
"Acridotheres tristis","Sabah","2017","6",3,0.214285714285714
"Acridotheres tristis","Sabah","2017","7",2,0.1
"Acridotheres tristis","Sabah","2017","8",1,0.0666666666666667
"Acridotheres tristis","Sabah","2018","10",2,0.285714285714286
"Acridotheres tristis","Sabah","2018","12",4,0.117647058823529
"Acridotheres tristis","Sabah","2018","2",2,0.105263157894737
"Acridotheres tristis","Sabah","2018","3",6,0.206896551724138
"Acridotheres tristis","Sabah","2018","4",2,0.1
"Acridotheres tristis","Sabah","2018","6",2,0.0952380952380952
"Acridotheres tristis","Sabah","2018","7",8,0.163265306122449
"Acridotheres tristis","Sabah","2018","8",12,0.27906976744186
"Acridotheres tristis","Sabah","2018","9",3,0.230769230769231
"Acridotheres tristis","Sabah","2019","1",1,0.0909090909090909
"Acridotheres tristis","Sabah","2019","11",1,0.0909090909090909
"Acridotheres tristis","Sabah","2019","12",1,0.0714285714285714
"Acridotheres tristis","Sabah","2019","3",5,0.416666666666667
"Acridotheres tristis","Sabah","2019","4",5,0.333333333333333
"Acridotheres tristis","Sabah","2019","5",4,0.117647058823529
"Acridotheres tristis","Sabah","2019","6",6,0.5
"Acridotheres tristis","Sabah","2019","7",3,0.09375
"Acridotheres tristis","Sabah","2020","1",3,0.214285714285714
"Acridotheres tristis","Sabah","2020","2",4,0.222222222222222
"Acridotheres tristis","Sabah","2020","8",1,0.5
"Acridotheres tristis","Sabah","2021","10",2,0.666666666666667
"Acridotheres tristis","Sabah","2022","10",1,0.0256410256410256
"Acridotheres tristis","Sabah","2022","12",1,0.0714285714285714
"Acridotheres tristis","Sabah","2022","6",4,0.333333333333333
"Acridotheres tristis","Sabah","2022","7",7,0.21875
"Acridotheres tristis","Sabah","2022","8",6,0.133333333333333
"Acridotheres tristis","Sabah","2023","1",1,0.0333333333333333
"Acridotheres tristis","Sabah","2023","10",4,0.0769230769230769
"Acridotheres tristis","Sabah","2023","12",2,0.111111111111111
"Acridotheres tristis","Sabah","2023","3",5,0.0632911392405063
"Acridotheres tristis","Sabah","2023","4",8,0.145454545454545
"Acridotheres tristis","Sabah","2023","5",6,0.0923076923076923
"Acridotheres tristis","Sabah","2023","6",4,0.0689655172413793
"Acridotheres tristis","Sabah","2023","7",22,0.305555555555556
"Acridotheres tristis","Sabah","2023","8",8,0.0919540229885057
"Acridotheres tristis","Sabah","2023","9",8,0.156862745098039
"Acridotheres tristis","Sabah","2024","1",2,0.0952380952380952
"Acridotheres tristis","Sabah","2024","10",12,0.118811881188119
"Acridotheres tristis","Sabah","2024","11",3,0.0681818181818182
"Acridotheres tristis","Sabah","2024","12",1,0.0294117647058824
"Acridotheres tristis","Sabah","2024","2",4,0.0930232558139535
"Acridotheres tristis","Sabah","2024","3",6,0.117647058823529
"Acridotheres tristis","Sabah","2024","4",2,0.0625
"Acridotheres tristis","Sabah","2024","5",7,0.0972222222222222
"Acridotheres tristis","Sabah","2024","6",8,0.114285714285714
"Acridotheres tristis","Sabah","2024","7",7,0.0443037974683544
"Acridotheres tristis","Sabah","2024","8",29,0.25
"Acridotheres tristis","Sabah","2024","9",8,0.121212121212121
"Acridotheres tristis","Sabah","2025","6",1,0.0131578947368421
"Acridotheres tristis","Sarawak","2015","2",2,0.666666666666667
"Acridotheres tristis","Sarawak","2015","4",1,1
"Acridotheres tristis","Sarawak","2015","5",3,1
"Acridotheres tristis","Sarawak","2015","6",5,0.625
"Acridotheres tristis","Sarawak","2015","8",6,1
"Acridotheres tristis","Sarawak","2015","9",14,1
"Acridotheres tristis","Sarawak","2016","1",4,0.8
"Acridotheres tristis","Sarawak","2016","12",1,1
"Acridotheres tristis","Sarawak","2016","4",7,0.7
"Acridotheres tristis","Sarawak","2016","5",12,0.923076923076923
"Acridotheres tristis","Sarawak","2016","6",1,1
"Acridotheres tristis","Sarawak","2016","7",1,0.5
"Acridotheres tristis","Sarawak","2016","8",5,0.833333333333333
"Acridotheres tristis","Sarawak","2016","9",2,1
"Acridotheres tristis","Sarawak","2017","1",1,0.142857142857143
"Acridotheres tristis","Sarawak","2017","10",5,0.714285714285714
"Acridotheres tristis","Sarawak","2017","12",5,0.833333333333333
"Acridotheres tristis","Sarawak","2017","2",1,0.25
"Acridotheres tristis","Sarawak","2017","3",5,0.833333333333333
"Acridotheres tristis","Sarawak","2017","4",11,0.916666666666667
"Acridotheres tristis","Sarawak","2017","5",8,0.8
"Acridotheres tristis","Sarawak","2017","6",5,0.454545454545455
"Acridotheres tristis","Sarawak","2017","7",1,0.166666666666667
"Acridotheres tristis","Sarawak","2017","8",4,0.363636363636364
"Acridotheres tristis","Sarawak","2018","1",8,0.888888888888889
"Acridotheres tristis","Sarawak","2018","10",2,0.5
"Acridotheres tristis","Sarawak","2018","11",3,1
"Acridotheres tristis","Sarawak","2018","12",3,1
"Acridotheres tristis","Sarawak","2018","2",4,0.5
"Acridotheres tristis","Sarawak","2018","3",2,1
"Acridotheres tristis","Sarawak","2018","4",11,1
"Acridotheres tristis","Sarawak","2018","5",12,0.75
"Acridotheres tristis","Sarawak","2018","6",3,0.333333333333333
"Acridotheres tristis","Sarawak","2018","7",13,0.764705882352941
"Acridotheres tristis","Sarawak","2018","8",8,0.8
"Acridotheres tristis","Sarawak","2018","9",2,0.4
"Acridotheres tristis","Sarawak","2019","1",3,1
"Acridotheres tristis","Sarawak","2019","10",11,0.785714285714286
"Acridotheres tristis","Sarawak","2019","12",3,0.75
"Acridotheres tristis","Sarawak","2019","2",4,0.8
"Acridotheres tristis","Sarawak","2019","3",8,0.727272727272727
"Acridotheres tristis","Sarawak","2019","4",12,0.8
"Acridotheres tristis","Sarawak","2019","5",12,1
"Acridotheres tristis","Sarawak","2019","6",5,1
"Acridotheres tristis","Sarawak","2019","7",14,0.875
"Acridotheres tristis","Sarawak","2019","8",5,0.625
"Acridotheres tristis","Sarawak","2019","9",31,0.96875
"Acridotheres tristis","Sarawak","2020","10",3,0.75
"Acridotheres tristis","Sarawak","2020","11",5,1
"Acridotheres tristis","Sarawak","2020","12",1,1
"Acridotheres tristis","Sarawak","2020","3",1,0.5
"Acridotheres tristis","Sarawak","2020","4",2,0.666666666666667
"Acridotheres tristis","Sarawak","2020","5",3,0.75
"Acridotheres tristis","Sarawak","2020","6",1,1
"Acridotheres tristis","Sarawak","2020","9",2,1
"Acridotheres tristis","Sarawak","2021","10",7,0.7
"Acridotheres tristis","Sarawak","2021","11",2,0.285714285714286
"Acridotheres tristis","Sarawak","2021","12",1,0.5
"Acridotheres tristis","Sarawak","2021","2",2,0.4
"Acridotheres tristis","Sarawak","2021","3",1,0.5
"Acridotheres tristis","Sarawak","2021","4",3,0.75
"Acridotheres tristis","Sarawak","2021","5",7,0.875
"Acridotheres tristis","Sarawak","2021","6",4,0.8
"Acridotheres tristis","Sarawak","2021","7",4,1
"Acridotheres tristis","Sarawak","2021","8",3,0.75
"Acridotheres tristis","Sarawak","2021","9",14,1
"Acridotheres tristis","Sarawak","2022","1",3,1
"Acridotheres tristis","Sarawak","2022","10",9,1
"Acridotheres tristis","Sarawak","2022","11",1,0.25
"Acridotheres tristis","Sarawak","2022","12",1,0.25
"Acridotheres tristis","Sarawak","2022","2",2,1
"Acridotheres tristis","Sarawak","2022","3",5,0.833333333333333
"Acridotheres tristis","Sarawak","2022","4",8,0.8
"Acridotheres tristis","Sarawak","2022","5",2,0.333333333333333
"Acridotheres tristis","Sarawak","2022","6",7,0.777777777777778
"Acridotheres tristis","Sarawak","2022","7",8,0.888888888888889
"Acridotheres tristis","Sarawak","2022","8",19,1
"Acridotheres tristis","Sarawak","2022","9",13,0.764705882352941
"Acridotheres tristis","Sarawak","2023","1",4,1
"Acridotheres tristis","Sarawak","2023","10",3,0.375
"Acridotheres tristis","Sarawak","2023","11",4,0.571428571428571
"Acridotheres tristis","Sarawak","2023","12",2,0.333333333333333
"Acridotheres tristis","Sarawak","2023","2",3,0.375
"Acridotheres tristis","Sarawak","2023","3",13,0.65
"Acridotheres tristis","Sarawak","2023","4",6,0.428571428571429
"Acridotheres tristis","Sarawak","2023","5",7,0.4375
"Acridotheres tristis","Sarawak","2023","6",11,1
"Acridotheres tristis","Sarawak","2023","7",10,0.666666666666667
"Acridotheres tristis","Sarawak","2023","8",13,0.590909090909091
"Acridotheres tristis","Sarawak","2023","9",7,0.7
"Acridotheres tristis","Sarawak","2024","1",10,0.5
"Acridotheres tristis","Sarawak","2024","10",26,0.838709677419355
"Acridotheres tristis","Sarawak","2024","11",11,0.611111111111111
"Acridotheres tristis","Sarawak","2024","12",4,0.333333333333333
"Acridotheres tristis","Sarawak","2024","2",12,0.666666666666667
"Acridotheres tristis","Sarawak","2024","3",17,0.772727272727273
"Acridotheres tristis","Sarawak","2024","4",19,0.76
"Acridotheres tristis","Sarawak","2024","5",15,0.882352941176471
"Acridotheres tristis","Sarawak","2024","6",15,0.625
"Acridotheres tristis","Sarawak","2024","7",25,0.595238095238095
"Acridotheres tristis","Sarawak","2024","8",81,0.45
"Acridotheres tristis","Sarawak","2024","9",25,0.862068965517241
"Acridotheres tristis","Sarawak","2025","1",1,0.0526315789473684
"Acridotheres tristis","Sarawak","2025","10",1,0.0833333333333333
"Acridotheres tristis","Sarawak","2025","11",1,0.111111111111111
"Acridotheres tristis","Sarawak","2025","12",1,0.111111111111111
"Acridotheres tristis","Sarawak","2025","3",3,0.166666666666667
"Acridotheres tristis","Sarawak","2025","5",2,0.153846153846154
"Acridotheres tristis","Sarawak","2025","7",3,0.157894736842105
"Acridotheres tristis","Sarawak","2025","8",1,0.0909090909090909
"Acridotheres tristis","Sarawak","2025","9",5,0.192307692307692
"Acridotheres tristis","Sarawak","2026","1",3,0.375
"Acridotheres tristis","Sarawak","2026","2",1,0.111111111111111
"Acridotheres tristis","Sarawak","2026","3",1,0.0526315789473684
"Acridotheres tristis","Sarawak","2026","4",6,0.461538461538462
"Acridotheres tristis","Sarawak","2026","5",3,0.25
"Acridotheres tristis","Sarawak","2026","7",1,0.0769230769230769
"Acridotheres tristis","Selangor","2015","1",7,0.21875
"Acridotheres tristis","Selangor","2015","10",7,0.466666666666667
"Acridotheres tristis","Selangor","2015","11",15,0.5
"Acridotheres tristis","Selangor","2015","12",5,0.357142857142857
"Acridotheres tristis","Selangor","2015","2",5,0.277777777777778
"Acridotheres tristis","Selangor","2015","3",11,0.333333333333333
"Acridotheres tristis","Selangor","2015","4",7,0.388888888888889
"Acridotheres tristis","Selangor","2015","5",4,0.5
"Acridotheres tristis","Selangor","2015","6",15,0.405405405405405
"Acridotheres tristis","Selangor","2015","7",6,0.375
"Acridotheres tristis","Selangor","2015","8",9,0.346153846153846
"Acridotheres tristis","Selangor","2015","9",8,0.533333333333333
"Acridotheres tristis","Selangor","2016","1",18,0.439024390243902
"Acridotheres tristis","Selangor","2016","10",9,0.409090909090909
"Acridotheres tristis","Selangor","2016","11",6,0.461538461538462
"Acridotheres tristis","Selangor","2016","12",19,0.463414634146341
"Acridotheres tristis","Selangor","2016","2",12,0.375
"Acridotheres tristis","Selangor","2016","3",20,0.48780487804878
"Acridotheres tristis","Selangor","2016","4",5,0.333333333333333
"Acridotheres tristis","Selangor","2016","5",25,0.510204081632653
"Acridotheres tristis","Selangor","2016","6",11,0.297297297297297
"Acridotheres tristis","Selangor","2016","7",14,0.297872340425532
"Acridotheres tristis","Selangor","2016","8",6,0.272727272727273
"Acridotheres tristis","Selangor","2016","9",6,0.285714285714286
"Acridotheres tristis","Selangor","2017","1",13,0.333333333333333
"Acridotheres tristis","Selangor","2017","10",4,0.235294117647059
"Acridotheres tristis","Selangor","2017","11",1,0.125
"Acridotheres tristis","Selangor","2017","12",14,0.5
"Acridotheres tristis","Selangor","2017","2",18,0.409090909090909
"Acridotheres tristis","Selangor","2017","3",8,0.421052631578947
"Acridotheres tristis","Selangor","2017","4",10,0.357142857142857
"Acridotheres tristis","Selangor","2017","5",18,0.339622641509434
"Acridotheres tristis","Selangor","2017","6",23,0.418181818181818
"Acridotheres tristis","Selangor","2017","7",26,0.541666666666667
"Acridotheres tristis","Selangor","2017","8",17,0.34
"Acridotheres tristis","Selangor","2017","9",10,0.32258064516129
"Acridotheres tristis","Selangor","2018","1",26,0.376811594202899
"Acridotheres tristis","Selangor","2018","10",9,0.45
"Acridotheres tristis","Selangor","2018","11",11,0.423076923076923
"Acridotheres tristis","Selangor","2018","12",14,0.4
"Acridotheres tristis","Selangor","2018","2",23,0.396551724137931
"Acridotheres tristis","Selangor","2018","3",26,0.371428571428571
"Acridotheres tristis","Selangor","2018","4",35,0.376344086021505
"Acridotheres tristis","Selangor","2018","5",26,0.40625
"Acridotheres tristis","Selangor","2018","6",8,0.4
"Acridotheres tristis","Selangor","2018","7",8,0.216216216216216
"Acridotheres tristis","Selangor","2018","8",15,0.357142857142857
"Acridotheres tristis","Selangor","2018","9",10,0.222222222222222
"Acridotheres tristis","Selangor","2019","1",31,0.525423728813559
"Acridotheres tristis","Selangor","2019","10",20,0.238095238095238
"Acridotheres tristis","Selangor","2019","11",12,0.48
"Acridotheres tristis","Selangor","2019","12",18,0.382978723404255
"Acridotheres tristis","Selangor","2019","2",16,0.444444444444444
"Acridotheres tristis","Selangor","2019","3",10,0.333333333333333
"Acridotheres tristis","Selangor","2019","4",23,0.319444444444444
"Acridotheres tristis","Selangor","2019","5",22,0.379310344827586
"Acridotheres tristis","Selangor","2019","6",17,0.303571428571429
"Acridotheres tristis","Selangor","2019","7",34,0.346938775510204
"Acridotheres tristis","Selangor","2019","8",24,0.358208955223881
"Acridotheres tristis","Selangor","2019","9",14,0.225806451612903
"Acridotheres tristis","Selangor","2020","1",15,0.3125
"Acridotheres tristis","Selangor","2020","10",14,0.202898550724638
"Acridotheres tristis","Selangor","2020","11",17,0.404761904761905
"Acridotheres tristis","Selangor","2020","12",18,0.305084745762712
"Acridotheres tristis","Selangor","2020","2",45,0.436893203883495
"Acridotheres tristis","Selangor","2020","3",36,0.493150684931507
"Acridotheres tristis","Selangor","2020","4",7,0.466666666666667
"Acridotheres tristis","Selangor","2020","5",10,0.3125
"Acridotheres tristis","Selangor","2020","6",19,0.26027397260274
"Acridotheres tristis","Selangor","2020","7",9,0.272727272727273
"Acridotheres tristis","Selangor","2020","8",7,0.318181818181818
"Acridotheres tristis","Selangor","2020","9",19,0.41304347826087
"Acridotheres tristis","Selangor","2021","1",14,0.233333333333333
"Acridotheres tristis","Selangor","2021","10",30,0.379746835443038
"Acridotheres tristis","Selangor","2021","11",5,0.125
"Acridotheres tristis","Selangor","2021","12",17,0.346938775510204
"Acridotheres tristis","Selangor","2021","2",8,0.228571428571429
"Acridotheres tristis","Selangor","2021","3",17,0.220779220779221
"Acridotheres tristis","Selangor","2021","4",20,0.277777777777778
"Acridotheres tristis","Selangor","2021","5",17,0.274193548387097
"Acridotheres tristis","Selangor","2021","6",9,0.219512195121951
"Acridotheres tristis","Selangor","2021","7",2,0.117647058823529
"Acridotheres tristis","Selangor","2021","8",5,0.185185185185185
"Acridotheres tristis","Selangor","2021","9",12,0.292682926829268
"Acridotheres tristis","Selangor","2022","1",8,0.150943396226415
"Acridotheres tristis","Selangor","2022","10",46,0.317241379310345
"Acridotheres tristis","Selangor","2022","11",42,0.23463687150838
"Acridotheres tristis","Selangor","2022","12",61,0.322751322751323
"Acridotheres tristis","Selangor","2022","2",19,0.333333333333333
"Acridotheres tristis","Selangor","2022","3",18,0.461538461538462
"Acridotheres tristis","Selangor","2022","4",26,0.320987654320988
"Acridotheres tristis","Selangor","2022","5",22,0.255813953488372
"Acridotheres tristis","Selangor","2022","6",26,0.351351351351351
"Acridotheres tristis","Selangor","2022","7",15,0.333333333333333
"Acridotheres tristis","Selangor","2022","8",16,0.222222222222222
"Acridotheres tristis","Selangor","2022","9",15,0.153061224489796
"Acridotheres tristis","Selangor","2023","1",48,0.307692307692308
"Acridotheres tristis","Selangor","2023","10",37,0.245033112582781
"Acridotheres tristis","Selangor","2023","11",20,0.238095238095238
"Acridotheres tristis","Selangor","2023","12",29,0.245762711864407
"Acridotheres tristis","Selangor","2023","2",38,0.219653179190751
"Acridotheres tristis","Selangor","2023","3",44,0.210526315789474
"Acridotheres tristis","Selangor","2023","4",32,0.248062015503876
"Acridotheres tristis","Selangor","2023","5",37,0.253424657534247
"Acridotheres tristis","Selangor","2023","6",38,0.348623853211009
"Acridotheres tristis","Selangor","2023","7",56,0.306010928961749
"Acridotheres tristis","Selangor","2023","8",43,0.28476821192053
"Acridotheres tristis","Selangor","2023","9",19,0.206521739130435
"Acridotheres tristis","Selangor","2024","1",36,0.270676691729323
"Acridotheres tristis","Selangor","2024","10",46,0.300653594771242
"Acridotheres tristis","Selangor","2024","11",31,0.215277777777778
"Acridotheres tristis","Selangor","2024","12",34,0.24113475177305
"Acridotheres tristis","Selangor","2024","2",40,0.273972602739726
"Acridotheres tristis","Selangor","2024","3",43,0.263803680981595
"Acridotheres tristis","Selangor","2024","4",30,0.260869565217391
"Acridotheres tristis","Selangor","2024","5",33,0.24812030075188
"Acridotheres tristis","Selangor","2024","6",79,0.355855855855856
"Acridotheres tristis","Selangor","2024","7",45,0.244565217391304
"Acridotheres tristis","Selangor","2024","8",50,0.326797385620915
"Acridotheres tristis","Selangor","2024","9",44,0.316546762589928
"Acridotheres tristis","Selangor","2025","1",2,0.0689655172413793
"Acridotheres tristis","Selangor","2025","10",3,0.0789473684210526
"Acridotheres tristis","Selangor","2025","11",4,0.1
"Acridotheres tristis","Selangor","2025","12",1,0.0212765957446809
"Acridotheres tristis","Selangor","2025","2",4,0.108108108108108
"Acridotheres tristis","Selangor","2025","3",6,0.15
"Acridotheres tristis","Selangor","2025","4",7,0.142857142857143
"Acridotheres tristis","Selangor","2025","5",1,0.0357142857142857
"Acridotheres tristis","Selangor","2025","6",1,0.0277777777777778
"Acridotheres tristis","Selangor","2025","7",1,0.0263157894736842
"Acridotheres tristis","Selangor","2025","8",3,0.1
"Acridotheres tristis","Selangor","2025","9",3,0.0833333333333333
"Acridotheres tristis","Selangor","2026","1",4,0.08
"Acridotheres tristis","Selangor","2026","2",1,0.0222222222222222
"Acridotheres tristis","Selangor","2026","4",1,0.0416666666666667
"Acridotheres tristis","Selangor","2026","5",1,0.037037037037037
"Acridotheres tristis","Selangor","2026","6",3,0.06
"Acridotheres tristis","Selangor","2026","7",2,0.0526315789473684
"Acridotheres tristis","Terengganu","2015","4",2,0.5
"Acridotheres tristis","Terengganu","2015","8",1,1
"Acridotheres tristis","Terengganu","2015","9",1,1
"Acridotheres tristis","Terengganu","2016","8",1,1
"Acridotheres tristis","Terengganu","2017","1",1,0.5
"Acridotheres tristis","Terengganu","2017","7",1,1
"Acridotheres tristis","Terengganu","2017","8",2,0.666666666666667
"Acridotheres tristis","Terengganu","2017","9",1,1
"Acridotheres tristis","Terengganu","2018","10",4,1
"Acridotheres tristis","Terengganu","2018","7",7,0.875
"Acridotheres tristis","Terengganu","2018","9",5,1
"Acridotheres tristis","Terengganu","2019","5",1,1
"Acridotheres tristis","Terengganu","2019","7",6,0.6
"Acridotheres tristis","Terengganu","2019","8",1,0.25
"Acridotheres tristis","Terengganu","2020","7",1,1
"Acridotheres tristis","Terengganu","2020","8",1,1
"Acridotheres tristis","Terengganu","2021","10",1,1
"Acridotheres tristis","Terengganu","2022","10",1,1
"Acridotheres tristis","Terengganu","2022","11",1,1
"Acridotheres tristis","Terengganu","2022","2",1,1
"Acridotheres tristis","Terengganu","2022","3",1,1
"Acridotheres tristis","Terengganu","2022","8",3,1
"Acridotheres tristis","Terengganu","2023","1",5,1
"Acridotheres tristis","Terengganu","2023","10",1,1
"Acridotheres tristis","Terengganu","2023","4",1,1
"Acridotheres tristis","Terengganu","2023","5",1,1
"Acridotheres tristis","Terengganu","2023","7",3,1
"Acridotheres tristis","Terengganu","2023","8",7,0.777777777777778
"Acridotheres tristis","Terengganu","2024","11",2,1
"Acridotheres tristis","Terengganu","2024","12",6,0.857142857142857
"Acridotheres tristis","Terengganu","2024","2",1,0.333333333333333
"Acridotheres tristis","Terengganu","2024","5",3,0.375
"Acridotheres tristis","Terengganu","2024","6",1,1
"Acridotheres tristis","Terengganu","2024","9",1,1
"Acridotheres tristis","Terengganu","2025","3",1,0.333333333333333
"Acridotheres tristis","Terengganu","2025","6",1,1
"Acridotheres tristis","Terengganu","2025","7",1,0.25
"Acridotheres tristis","Terengganu","2025","8",1,0.333333333333333
"Acridotheres tristis","Terengganu","2026","3",1,0.333333333333333
"Acridotheres tristis","Terengganu","2026","7",1,0.25
"Corvus splendens","Johor","2015","1",2,0.333333333333333
"Corvus splendens","Johor","2015","10",1,1
"Corvus splendens","Johor","2015","11",1,0.333333333333333
"Corvus splendens","Johor","2015","2",1,0.5
"Corvus splendens","Johor","2015","3",2,0.5
"Corvus splendens","Johor","2015","5",2,0.666666666666667
"Corvus splendens","Johor","2015","8",3,0.3
"Corvus splendens","Johor","2015","9",6,0.857142857142857
"Corvus splendens","Johor","2016","1",4,0.5
"Corvus splendens","Johor","2016","11",6,0.6
"Corvus splendens","Johor","2016","2",4,0.571428571428571
"Corvus splendens","Johor","2016","3",6,0.666666666666667
"Corvus splendens","Johor","2016","5",2,0.5
"Corvus splendens","Johor","2016","6",1,0.5
"Corvus splendens","Johor","2016","7",5,0.454545454545455
"Corvus splendens","Johor","2016","8",3,0.5
"Corvus splendens","Johor","2016","9",3,0.6
"Corvus splendens","Johor","2017","1",2,0.4
"Corvus splendens","Johor","2017","10",2,0.666666666666667
"Corvus splendens","Johor","2017","11",1,1
"Corvus splendens","Johor","2017","12",10,0.909090909090909
"Corvus splendens","Johor","2017","2",5,0.454545454545455
"Corvus splendens","Johor","2017","3",2,0.333333333333333
"Corvus splendens","Johor","2017","4",5,0.238095238095238
"Corvus splendens","Johor","2017","5",4,0.666666666666667
"Corvus splendens","Johor","2017","6",5,0.625
"Corvus splendens","Johor","2017","7",12,0.48
"Corvus splendens","Johor","2017","8",7,0.333333333333333
"Corvus splendens","Johor","2017","9",3,0.272727272727273
"Corvus splendens","Johor","2018","1",1,0.25
"Corvus splendens","Johor","2018","10",4,0.666666666666667
"Corvus splendens","Johor","2018","11",15,0.789473684210526
"Corvus splendens","Johor","2018","12",5,0.555555555555556
"Corvus splendens","Johor","2018","2",4,0.666666666666667
"Corvus splendens","Johor","2018","3",3,0.333333333333333
"Corvus splendens","Johor","2018","4",11,0.423076923076923
"Corvus splendens","Johor","2018","5",10,0.476190476190476
"Corvus splendens","Johor","2018","6",6,0.4
"Corvus splendens","Johor","2018","7",14,0.7
"Corvus splendens","Johor","2018","8",6,0.6
"Corvus splendens","Johor","2018","9",11,0.523809523809524
"Corvus splendens","Johor","2019","1",10,0.909090909090909
"Corvus splendens","Johor","2019","10",30,0.555555555555556
"Corvus splendens","Johor","2019","11",7,0.7
"Corvus splendens","Johor","2019","12",20,0.444444444444444
"Corvus splendens","Johor","2019","2",5,0.555555555555556
"Corvus splendens","Johor","2019","3",12,0.6
"Corvus splendens","Johor","2019","4",10,0.4
"Corvus splendens","Johor","2019","5",6,0.375
"Corvus splendens","Johor","2019","6",7,0.636363636363636
"Corvus splendens","Johor","2019","7",2,0.166666666666667
"Corvus splendens","Johor","2019","8",5,0.357142857142857
"Corvus splendens","Johor","2019","9",4,0.5
"Corvus splendens","Johor","2020","1",21,0.538461538461538
"Corvus splendens","Johor","2020","10",18,0.529411764705882
"Corvus splendens","Johor","2020","11",2,0.4
"Corvus splendens","Johor","2020","12",3,0.1875
"Corvus splendens","Johor","2020","2",13,0.433333333333333
"Corvus splendens","Johor","2020","3",17,0.278688524590164
"Corvus splendens","Johor","2020","4",5,0.714285714285714
"Corvus splendens","Johor","2020","5",5,0.625
"Corvus splendens","Johor","2020","6",2,0.5
"Corvus splendens","Johor","2020","7",7,0.368421052631579
"Corvus splendens","Johor","2020","8",10,0.344827586206897
"Corvus splendens","Johor","2021","1",1,0.0714285714285714
"Corvus splendens","Johor","2021","10",23,0.575
"Corvus splendens","Johor","2021","11",6,0.4
"Corvus splendens","Johor","2021","12",7,0.4375
"Corvus splendens","Johor","2021","2",4,0.5
"Corvus splendens","Johor","2021","3",4,0.333333333333333
"Corvus splendens","Johor","2021","4",4,0.307692307692308
"Corvus splendens","Johor","2021","5",9,0.409090909090909
"Corvus splendens","Johor","2021","6",1,0.5
"Corvus splendens","Johor","2021","7",8,0.571428571428571
"Corvus splendens","Johor","2021","8",8,0.571428571428571
"Corvus splendens","Johor","2021","9",13,0.565217391304348
"Corvus splendens","Johor","2022","1",8,0.363636363636364
"Corvus splendens","Johor","2022","10",29,0.659090909090909
"Corvus splendens","Johor","2022","11",45,0.652173913043478
"Corvus splendens","Johor","2022","12",52,0.584269662921348
"Corvus splendens","Johor","2022","2",10,0.714285714285714
"Corvus splendens","Johor","2022","3",6,0.428571428571429
"Corvus splendens","Johor","2022","4",5,0.357142857142857
"Corvus splendens","Johor","2022","5",21,0.5
"Corvus splendens","Johor","2022","6",26,0.722222222222222
"Corvus splendens","Johor","2022","7",23,0.605263157894737
"Corvus splendens","Johor","2022","8",13,0.448275862068966
"Corvus splendens","Johor","2022","9",13,0.419354838709677
"Corvus splendens","Johor","2023","1",13,0.481481481481481
"Corvus splendens","Johor","2023","10",49,0.7
"Corvus splendens","Johor","2023","11",19,0.575757575757576
"Corvus splendens","Johor","2023","12",105,0.783582089552239
"Corvus splendens","Johor","2023","2",24,0.51063829787234
"Corvus splendens","Johor","2023","3",28,0.583333333333333
"Corvus splendens","Johor","2023","4",22,0.468085106382979
"Corvus splendens","Johor","2023","5",31,0.484375
"Corvus splendens","Johor","2023","6",11,0.289473684210526
"Corvus splendens","Johor","2023","7",15,0.394736842105263
"Corvus splendens","Johor","2023","8",17,0.586206896551724
"Corvus splendens","Johor","2023","9",33,0.478260869565217
"Corvus splendens","Johor","2024","1",14,0.583333333333333
"Corvus splendens","Johor","2024","10",25,0.581395348837209
"Corvus splendens","Johor","2024","11",37,0.616666666666667
"Corvus splendens","Johor","2024","12",43,0.661538461538462
"Corvus splendens","Johor","2024","2",11,0.323529411764706
"Corvus splendens","Johor","2024","3",36,0.521739130434783
"Corvus splendens","Johor","2024","4",40,0.5
"Corvus splendens","Johor","2024","5",26,0.565217391304348
"Corvus splendens","Johor","2024","6",22,0.758620689655172
"Corvus splendens","Johor","2024","7",70,0.573770491803279
"Corvus splendens","Johor","2024","8",19,0.612903225806452
"Corvus splendens","Johor","2024","9",22,0.468085106382979
"Corvus splendens","Johor","2025","1",1,0.2
"Corvus splendens","Johor","2025","11",1,0.2
"Corvus splendens","Johor","2025","4",2,0.153846153846154
"Corvus splendens","Johor","2025","5",3,0.0638297872340425
"Corvus splendens","Johor","2025","6",3,0.230769230769231
"Corvus splendens","Johor","2025","7",1,0.0909090909090909
"Corvus splendens","Johor","2025","8",2,0.153846153846154
"Corvus splendens","Johor","2025","9",2,0.222222222222222
"Corvus splendens","Johor","2026","1",2,0.666666666666667
"Corvus splendens","Johor","2026","2",11,0.392857142857143
"Corvus splendens","Johor","2026","3",1,0.2
"Corvus splendens","Johor","2026","4",7,0.102941176470588
"Corvus splendens","Johor","2026","5",2,0.181818181818182
"Corvus splendens","Johor","2026","6",2,0.166666666666667
"Corvus splendens","Johor","2026","7",1,0.2
"Corvus splendens","Johor","2026","8",4,0.4
"Corvus splendens","Kedah","2015","1",1,0.125
"Corvus splendens","Kedah","2015","11",2,0.333333333333333
"Corvus splendens","Kedah","2015","3",1,0.142857142857143
"Corvus splendens","Kedah","2015","4",1,0.111111111111111
"Corvus splendens","Kedah","2015","5",1,0.2
"Corvus splendens","Kedah","2016","1",1,0.0833333333333333
"Corvus splendens","Kedah","2016","11",1,0.1
"Corvus splendens","Kedah","2016","2",1,0.25
"Corvus splendens","Kedah","2016","3",1,0.333333333333333
"Corvus splendens","Kedah","2016","4",1,0.5
"Corvus splendens","Kedah","2016","5",1,0.25
"Corvus splendens","Kedah","2017","10",6,0.315789473684211
"Corvus splendens","Kedah","2017","11",1,0.0666666666666667
"Corvus splendens","Kedah","2017","12",1,0.0357142857142857
"Corvus splendens","Kedah","2017","3",2,0.181818181818182
"Corvus splendens","Kedah","2017","4",6,0.461538461538462
"Corvus splendens","Kedah","2017","5",2,0.142857142857143
"Corvus splendens","Kedah","2017","7",1,0.125
"Corvus splendens","Kedah","2017","8",3,0.375
"Corvus splendens","Kedah","2017","9",3,0.230769230769231
"Corvus splendens","Kedah","2018","1",2,0.0952380952380952
"Corvus splendens","Kedah","2018","10",1,0.2
"Corvus splendens","Kedah","2018","12",1,0.0833333333333333
"Corvus splendens","Kedah","2018","2",1,0.142857142857143
"Corvus splendens","Kedah","2018","3",6,0.206896551724138
"Corvus splendens","Kedah","2018","5",2,0.125
"Corvus splendens","Kedah","2018","7",4,0.25
"Corvus splendens","Kedah","2018","8",2,0.105263157894737
"Corvus splendens","Kedah","2019","10",1,0.166666666666667
"Corvus splendens","Kedah","2019","11",5,0.333333333333333
"Corvus splendens","Kedah","2019","12",1,0.0714285714285714
"Corvus splendens","Kedah","2019","2",4,0.111111111111111
"Corvus splendens","Kedah","2019","3",3,0.142857142857143
"Corvus splendens","Kedah","2019","4",3,0.3
"Corvus splendens","Kedah","2019","7",3,0.214285714285714
"Corvus splendens","Kedah","2019","9",1,0.125
"Corvus splendens","Kedah","2020","1",4,0.222222222222222
"Corvus splendens","Kedah","2020","10",3,0.333333333333333
"Corvus splendens","Kedah","2020","11",2,0.4
"Corvus splendens","Kedah","2020","2",5,0.178571428571429
"Corvus splendens","Kedah","2020","3",1,0.0454545454545455
"Corvus splendens","Kedah","2020","5",3,0.428571428571429
"Corvus splendens","Kedah","2020","6",1,0.125
"Corvus splendens","Kedah","2020","7",3,0.176470588235294
"Corvus splendens","Kedah","2020","8",5,0.3125
"Corvus splendens","Kedah","2021","10",6,0.260869565217391
"Corvus splendens","Kedah","2021","11",9,0.346153846153846
"Corvus splendens","Kedah","2021","12",4,0.222222222222222
"Corvus splendens","Kedah","2021","2",3,0.3
"Corvus splendens","Kedah","2021","3",1,0.5
"Corvus splendens","Kedah","2021","7",2,0.666666666666667
"Corvus splendens","Kedah","2021","9",2,0.4
"Corvus splendens","Kedah","2022","1",6,0.315789473684211
"Corvus splendens","Kedah","2022","10",4,0.307692307692308
"Corvus splendens","Kedah","2022","11",3,0.272727272727273
"Corvus splendens","Kedah","2022","12",4,0.25
"Corvus splendens","Kedah","2022","2",7,0.318181818181818
"Corvus splendens","Kedah","2022","3",4,0.235294117647059
"Corvus splendens","Kedah","2022","4",8,0.380952380952381
"Corvus splendens","Kedah","2022","5",7,0.318181818181818
"Corvus splendens","Kedah","2022","6",6,0.315789473684211
"Corvus splendens","Kedah","2022","7",15,0.394736842105263
"Corvus splendens","Kedah","2022","8",6,0.214285714285714
"Corvus splendens","Kedah","2022","9",2,0.166666666666667
"Corvus splendens","Kedah","2023","1",18,0.26865671641791
"Corvus splendens","Kedah","2023","10",8,0.296296296296296
"Corvus splendens","Kedah","2023","11",8,0.166666666666667
"Corvus splendens","Kedah","2023","12",12,0.307692307692308
"Corvus splendens","Kedah","2023","2",24,0.222222222222222
"Corvus splendens","Kedah","2023","3",7,0.212121212121212
"Corvus splendens","Kedah","2023","4",5,0.263157894736842
"Corvus splendens","Kedah","2023","5",6,0.260869565217391
"Corvus splendens","Kedah","2023","6",2,0.4
"Corvus splendens","Kedah","2023","8",10,0.24390243902439
"Corvus splendens","Kedah","2024","1",20,0.25
"Corvus splendens","Kedah","2024","10",8,0.4
"Corvus splendens","Kedah","2024","11",6,0.193548387096774
"Corvus splendens","Kedah","2024","12",28,0.430769230769231
"Corvus splendens","Kedah","2024","2",12,0.193548387096774
"Corvus splendens","Kedah","2024","3",13,0.342105263157895
"Corvus splendens","Kedah","2024","4",4,0.173913043478261
"Corvus splendens","Kedah","2024","5",2,0.117647058823529
"Corvus splendens","Kedah","2024","6",11,0.289473684210526
"Corvus splendens","Kedah","2024","7",11,0.261904761904762
"Corvus splendens","Kedah","2024","8",7,0.179487179487179
"Corvus splendens","Kedah","2024","9",5,0.238095238095238
"Corvus splendens","Kedah","2025","10",1,0.0909090909090909
"Corvus splendens","Kedah","2026","1",1,0.0344827586206897
"Corvus splendens","Kedah","2026","4",2,0.125
"Corvus splendens","Kedah","2026","6",2,0.0740740740740741
"Corvus splendens","Kelantan","2017","9",1,0.2
"Corvus splendens","Kelantan","2018","1",1,0.5
"Corvus splendens","Kelantan","2018","7",1,0.5
"Corvus splendens","Kelantan","2021","8",1,0.5
"Corvus splendens","Kuala Lumpur","2015","11",5,0.454545454545455
"Corvus splendens","Kuala Lumpur","2015","12",5,0.416666666666667
"Corvus splendens","Kuala Lumpur","2015","3",7,0.636363636363636
"Corvus splendens","Kuala Lumpur","2015","4",1,0.333333333333333
"Corvus splendens","Kuala Lumpur","2015","5",2,0.5
"Corvus splendens","Kuala Lumpur","2015","6",1,1
"Corvus splendens","Kuala Lumpur","2015","7",1,0.5
"Corvus splendens","Kuala Lumpur","2015","8",3,0.375
"Corvus splendens","Kuala Lumpur","2016","1",4,0.5
"Corvus splendens","Kuala Lumpur","2016","10",4,0.444444444444444
"Corvus splendens","Kuala Lumpur","2016","11",2,0.333333333333333
"Corvus splendens","Kuala Lumpur","2016","12",5,0.555555555555556
"Corvus splendens","Kuala Lumpur","2016","2",4,0.4
"Corvus splendens","Kuala Lumpur","2016","3",1,0.2
"Corvus splendens","Kuala Lumpur","2016","5",4,0.444444444444444
"Corvus splendens","Kuala Lumpur","2016","6",6,0.5
"Corvus splendens","Kuala Lumpur","2016","7",4,0.5
"Corvus splendens","Kuala Lumpur","2016","8",2,0.5
"Corvus splendens","Kuala Lumpur","2016","9",2,1
"Corvus splendens","Kuala Lumpur","2017","1",4,0.5
"Corvus splendens","Kuala Lumpur","2017","10",1,0.5
"Corvus splendens","Kuala Lumpur","2017","11",2,0.5
"Corvus splendens","Kuala Lumpur","2017","12",8,0.444444444444444
"Corvus splendens","Kuala Lumpur","2017","2",3,0.375
"Corvus splendens","Kuala Lumpur","2017","3",3,0.428571428571429
"Corvus splendens","Kuala Lumpur","2017","4",7,0.583333333333333
"Corvus splendens","Kuala Lumpur","2017","5",1,0.166666666666667
"Corvus splendens","Kuala Lumpur","2017","6",2,0.25
"Corvus splendens","Kuala Lumpur","2017","7",6,0.5
"Corvus splendens","Kuala Lumpur","2017","8",13,0.40625
"Corvus splendens","Kuala Lumpur","2017","9",9,0.5625
"Corvus splendens","Kuala Lumpur","2018","1",6,0.461538461538462
"Corvus splendens","Kuala Lumpur","2018","10",9,0.5625
"Corvus splendens","Kuala Lumpur","2018","11",12,0.666666666666667
"Corvus splendens","Kuala Lumpur","2018","12",8,0.421052631578947
"Corvus splendens","Kuala Lumpur","2018","2",8,0.727272727272727
"Corvus splendens","Kuala Lumpur","2018","3",12,0.6
"Corvus splendens","Kuala Lumpur","2018","4",8,0.186046511627907
"Corvus splendens","Kuala Lumpur","2018","5",8,0.5
"Corvus splendens","Kuala Lumpur","2018","6",12,0.5
"Corvus splendens","Kuala Lumpur","2018","7",11,0.44
"Corvus splendens","Kuala Lumpur","2018","8",12,0.666666666666667
"Corvus splendens","Kuala Lumpur","2018","9",15,0.535714285714286
"Corvus splendens","Kuala Lumpur","2019","1",11,0.478260869565217
"Corvus splendens","Kuala Lumpur","2019","10",9,0.5
"Corvus splendens","Kuala Lumpur","2019","11",8,0.470588235294118
"Corvus splendens","Kuala Lumpur","2019","12",10,0.5
"Corvus splendens","Kuala Lumpur","2019","2",13,0.52
"Corvus splendens","Kuala Lumpur","2019","3",19,0.475
"Corvus splendens","Kuala Lumpur","2019","4",7,0.269230769230769
"Corvus splendens","Kuala Lumpur","2019","5",7,0.538461538461538
"Corvus splendens","Kuala Lumpur","2019","6",10,0.666666666666667
"Corvus splendens","Kuala Lumpur","2019","7",59,0.641304347826087
"Corvus splendens","Kuala Lumpur","2019","8",16,0.457142857142857
"Corvus splendens","Kuala Lumpur","2019","9",21,0.538461538461538
"Corvus splendens","Kuala Lumpur","2020","1",18,0.486486486486487
"Corvus splendens","Kuala Lumpur","2020","10",4,0.444444444444444
"Corvus splendens","Kuala Lumpur","2020","11",5,0.416666666666667
"Corvus splendens","Kuala Lumpur","2020","12",4,0.307692307692308
"Corvus splendens","Kuala Lumpur","2020","2",16,0.457142857142857
"Corvus splendens","Kuala Lumpur","2020","3",9,0.391304347826087
"Corvus splendens","Kuala Lumpur","2020","4",3,0.75
"Corvus splendens","Kuala Lumpur","2020","5",9,0.642857142857143
"Corvus splendens","Kuala Lumpur","2020","6",23,0.766666666666667
"Corvus splendens","Kuala Lumpur","2020","7",24,0.666666666666667
"Corvus splendens","Kuala Lumpur","2020","8",24,0.8
"Corvus splendens","Kuala Lumpur","2020","9",6,0.5
"Corvus splendens","Kuala Lumpur","2021","1",9,0.529411764705882
"Corvus splendens","Kuala Lumpur","2021","10",3,0.428571428571429
"Corvus splendens","Kuala Lumpur","2021","11",9,0.5
"Corvus splendens","Kuala Lumpur","2021","12",3,0.375
"Corvus splendens","Kuala Lumpur","2021","2",3,0.375
"Corvus splendens","Kuala Lumpur","2021","3",16,0.727272727272727
"Corvus splendens","Kuala Lumpur","2021","4",9,0.473684210526316
"Corvus splendens","Kuala Lumpur","2021","5",12,0.363636363636364
"Corvus splendens","Kuala Lumpur","2021","6",1,1
"Corvus splendens","Kuala Lumpur","2021","7",9,0.692307692307692
"Corvus splendens","Kuala Lumpur","2021","8",6,0.666666666666667
"Corvus splendens","Kuala Lumpur","2021","9",6,0.461538461538462
"Corvus splendens","Kuala Lumpur","2022","1",6,0.6
"Corvus splendens","Kuala Lumpur","2022","10",17,0.485714285714286
"Corvus splendens","Kuala Lumpur","2022","11",15,0.555555555555556
"Corvus splendens","Kuala Lumpur","2022","12",23,0.450980392156863
"Corvus splendens","Kuala Lumpur","2022","3",5,0.454545454545455
"Corvus splendens","Kuala Lumpur","2022","4",10,0.454545454545455
"Corvus splendens","Kuala Lumpur","2022","5",6,0.333333333333333
"Corvus splendens","Kuala Lumpur","2022","6",9,0.6
"Corvus splendens","Kuala Lumpur","2022","7",9,0.409090909090909
"Corvus splendens","Kuala Lumpur","2022","8",15,0.46875
"Corvus splendens","Kuala Lumpur","2022","9",29,0.568627450980392
"Corvus splendens","Kuala Lumpur","2023","1",41,0.5
"Corvus splendens","Kuala Lumpur","2023","10",28,0.538461538461538
"Corvus splendens","Kuala Lumpur","2023","11",49,0.662162162162162
"Corvus splendens","Kuala Lumpur","2023","12",39,0.541666666666667
"Corvus splendens","Kuala Lumpur","2023","2",56,0.64367816091954
"Corvus splendens","Kuala Lumpur","2023","3",34,0.523076923076923
"Corvus splendens","Kuala Lumpur","2023","4",28,0.474576271186441
"Corvus splendens","Kuala Lumpur","2023","5",19,0.633333333333333
"Corvus splendens","Kuala Lumpur","2023","6",42,0.617647058823529
"Corvus splendens","Kuala Lumpur","2023","7",42,0.494117647058824
"Corvus splendens","Kuala Lumpur","2023","8",68,0.618181818181818
"Corvus splendens","Kuala Lumpur","2023","9",31,0.53448275862069
"Corvus splendens","Kuala Lumpur","2024","1",40,0.615384615384615
"Corvus splendens","Kuala Lumpur","2024","10",51,0.573033707865168
"Corvus splendens","Kuala Lumpur","2024","11",30,0.588235294117647
"Corvus splendens","Kuala Lumpur","2024","12",51,0.566666666666667
"Corvus splendens","Kuala Lumpur","2024","2",34,0.53968253968254
"Corvus splendens","Kuala Lumpur","2024","3",44,0.5
"Corvus splendens","Kuala Lumpur","2024","4",33,0.532258064516129
"Corvus splendens","Kuala Lumpur","2024","5",41,0.602941176470588
"Corvus splendens","Kuala Lumpur","2024","6",25,0.543478260869565
"Corvus splendens","Kuala Lumpur","2024","7",58,0.585858585858586
"Corvus splendens","Kuala Lumpur","2024","8",53,0.595505617977528
"Corvus splendens","Kuala Lumpur","2024","9",38,0.59375
"Corvus splendens","Kuala Lumpur","2025","1",5,0.5
"Corvus splendens","Kuala Lumpur","2025","10",13,0.393939393939394
"Corvus splendens","Kuala Lumpur","2025","11",11,0.34375
"Corvus splendens","Kuala Lumpur","2025","12",7,0.205882352941176
"Corvus splendens","Kuala Lumpur","2025","2",3,0.230769230769231
"Corvus splendens","Kuala Lumpur","2025","3",4,0.444444444444444
"Corvus splendens","Kuala Lumpur","2025","4",6,0.1875
"Corvus splendens","Kuala Lumpur","2025","5",6,0.5
"Corvus splendens","Kuala Lumpur","2025","6",5,0.454545454545455
"Corvus splendens","Kuala Lumpur","2025","7",9,0.272727272727273
"Corvus splendens","Kuala Lumpur","2025","8",5,0.3125
"Corvus splendens","Kuala Lumpur","2025","9",7,0.368421052631579
"Corvus splendens","Kuala Lumpur","2026","1",9,0.191489361702128
"Corvus splendens","Kuala Lumpur","2026","2",6,0.130434782608696
"Corvus splendens","Kuala Lumpur","2026","3",6,0.230769230769231
"Corvus splendens","Kuala Lumpur","2026","4",14,0.388888888888889
"Corvus splendens","Kuala Lumpur","2026","5",15,0.405405405405405
"Corvus splendens","Kuala Lumpur","2026","6",13,0.393939393939394
"Corvus splendens","Kuala Lumpur","2026","7",26,0.634146341463415
"Corvus splendens","Kuala Lumpur","2026","8",4,0.444444444444444
"Corvus splendens","Labuan","2022","8",1,1
"Corvus splendens","Labuan","2023","6",1,1
"Corvus splendens","Melaka","2015","11",1,0.5
"Corvus splendens","Melaka","2015","12",9,0.5625
"Corvus splendens","Melaka","2015","2",1,1
"Corvus splendens","Melaka","2015","7",2,0.666666666666667
"Corvus splendens","Melaka","2016","1",2,0.666666666666667
"Corvus splendens","Melaka","2016","11",1,1
"Corvus splendens","Melaka","2016","12",2,0.5
"Corvus splendens","Melaka","2016","2",2,0.666666666666667
"Corvus splendens","Melaka","2016","6",1,0.2
"Corvus splendens","Melaka","2016","7",2,1
"Corvus splendens","Melaka","2016","8",1,0.5
"Corvus splendens","Melaka","2016","9",5,0.454545454545455
"Corvus splendens","Melaka","2017","1",2,1
"Corvus splendens","Melaka","2017","11",2,1
"Corvus splendens","Melaka","2017","12",2,0.5
"Corvus splendens","Melaka","2017","2",1,0.5
"Corvus splendens","Melaka","2017","4",1,0.25
"Corvus splendens","Melaka","2017","5",1,0.25
"Corvus splendens","Melaka","2017","6",1,0.5
"Corvus splendens","Melaka","2017","7",4,0.571428571428571
"Corvus splendens","Melaka","2017","9",1,0.25
"Corvus splendens","Melaka","2018","11",1,0.25
"Corvus splendens","Melaka","2018","12",2,0.4
"Corvus splendens","Melaka","2018","2",7,0.7
"Corvus splendens","Melaka","2018","3",2,0.666666666666667
"Corvus splendens","Melaka","2018","6",3,0.428571428571429
"Corvus splendens","Melaka","2018","7",4,0.666666666666667
"Corvus splendens","Melaka","2018","8",1,1
"Corvus splendens","Melaka","2019","1",2,0.4
"Corvus splendens","Melaka","2019","10",1,1
"Corvus splendens","Melaka","2019","11",1,0.333333333333333
"Corvus splendens","Melaka","2019","12",3,0.75
"Corvus splendens","Melaka","2019","3",5,0.454545454545455
"Corvus splendens","Melaka","2019","4",1,1
"Corvus splendens","Melaka","2019","6",1,0.2
"Corvus splendens","Melaka","2019","7",3,0.428571428571429
"Corvus splendens","Melaka","2019","8",6,0.666666666666667
"Corvus splendens","Melaka","2020","1",2,0.666666666666667
"Corvus splendens","Melaka","2020","12",6,0.666666666666667
"Corvus splendens","Melaka","2020","2",1,1
"Corvus splendens","Melaka","2020","3",2,0.5
"Corvus splendens","Melaka","2020","6",2,0.5
"Corvus splendens","Melaka","2020","7",1,0.333333333333333
"Corvus splendens","Melaka","2020","8",1,0.5
"Corvus splendens","Melaka","2020","9",2,0.5
"Corvus splendens","Melaka","2021","1",2,1
"Corvus splendens","Melaka","2021","10",1,0.5
"Corvus splendens","Melaka","2021","11",6,0.375
"Corvus splendens","Melaka","2021","12",10,0.714285714285714
"Corvus splendens","Melaka","2021","5",1,0.333333333333333
"Corvus splendens","Melaka","2022","1",4,1
"Corvus splendens","Melaka","2022","10",6,0.75
"Corvus splendens","Melaka","2022","11",3,0.272727272727273
"Corvus splendens","Melaka","2022","12",5,0.555555555555556
"Corvus splendens","Melaka","2022","2",5,0.5
"Corvus splendens","Melaka","2022","3",7,0.7
"Corvus splendens","Melaka","2022","4",1,0.25
"Corvus splendens","Melaka","2022","5",6,0.545454545454545
"Corvus splendens","Melaka","2022","6",23,0.884615384615385
"Corvus splendens","Melaka","2022","7",58,0.563106796116505
"Corvus splendens","Melaka","2022","8",6,0.666666666666667
"Corvus splendens","Melaka","2022","9",6,0.333333333333333
"Corvus splendens","Melaka","2023","1",8,0.571428571428571
"Corvus splendens","Melaka","2023","10",6,0.6
"Corvus splendens","Melaka","2023","11",4,0.666666666666667
"Corvus splendens","Melaka","2023","12",10,0.909090909090909
"Corvus splendens","Melaka","2023","2",8,0.666666666666667
"Corvus splendens","Melaka","2023","3",17,0.62962962962963
"Corvus splendens","Melaka","2023","4",7,0.5
"Corvus splendens","Melaka","2023","5",14,0.583333333333333
"Corvus splendens","Melaka","2023","6",2,0.285714285714286
"Corvus splendens","Melaka","2023","7",5,0.625
"Corvus splendens","Melaka","2023","8",3,0.428571428571429
"Corvus splendens","Melaka","2024","1",1,0.166666666666667
"Corvus splendens","Melaka","2024","10",11,0.647058823529412
"Corvus splendens","Melaka","2024","11",18,0.418604651162791
"Corvus splendens","Melaka","2024","12",19,0.703703703703704
"Corvus splendens","Melaka","2024","2",12,0.705882352941177
"Corvus splendens","Melaka","2024","3",17,0.708333333333333
"Corvus splendens","Melaka","2024","4",5,0.384615384615385
"Corvus splendens","Melaka","2024","5",3,0.5
"Corvus splendens","Melaka","2024","6",16,0.727272727272727
"Corvus splendens","Melaka","2024","7",12,0.333333333333333
"Corvus splendens","Melaka","2024","8",15,0.652173913043478
"Corvus splendens","Melaka","2024","9",6,0.666666666666667
"Corvus splendens","Melaka","2025","1",3,1
"Corvus splendens","Melaka","2025","10",1,1
"Corvus splendens","Melaka","2025","11",3,0.428571428571429
"Corvus splendens","Melaka","2025","12",3,0.75
"Corvus splendens","Melaka","2025","3",1,0.25
"Corvus splendens","Melaka","2025","4",1,1
"Corvus splendens","Melaka","2025","5",1,0.2
"Corvus splendens","Melaka","2025","6",1,0.333333333333333
"Corvus splendens","Melaka","2025","7",2,0.5
"Corvus splendens","Melaka","2026","1",4,0.571428571428571
"Corvus splendens","Melaka","2026","2",6,0.5
"Corvus splendens","Melaka","2026","3",1,0.333333333333333
"Corvus splendens","Melaka","2026","4",1,0.2
"Corvus splendens","Melaka","2026","5",1,0.333333333333333
"Corvus splendens","Melaka","2026","6",1,0.5
"Corvus splendens","Negeri Sembilan","2015","12",1,1
"Corvus splendens","Negeri Sembilan","2015","7",1,0.25
"Corvus splendens","Negeri Sembilan","2016","10",1,0.333333333333333
"Corvus splendens","Negeri Sembilan","2016","2",3,0.5
"Corvus splendens","Negeri Sembilan","2016","4",1,0.5
"Corvus splendens","Negeri Sembilan","2016","6",5,0.416666666666667
"Corvus splendens","Negeri Sembilan","2017","10",1,0.333333333333333
"Corvus splendens","Negeri Sembilan","2017","6",1,0.5
"Corvus splendens","Negeri Sembilan","2018","1",1,0.333333333333333
"Corvus splendens","Negeri Sembilan","2018","10",1,0.166666666666667
"Corvus splendens","Negeri Sembilan","2018","11",5,0.357142857142857
"Corvus splendens","Negeri Sembilan","2018","3",2,0.0909090909090909
"Corvus splendens","Negeri Sembilan","2018","5",1,0.166666666666667
"Corvus splendens","Negeri Sembilan","2018","6",2,0.666666666666667
"Corvus splendens","Negeri Sembilan","2019","1",1,0.0555555555555556
"Corvus splendens","Negeri Sembilan","2019","11",3,0.375
"Corvus splendens","Negeri Sembilan","2019","12",4,0.363636363636364
"Corvus splendens","Negeri Sembilan","2019","2",4,0.333333333333333
"Corvus splendens","Negeri Sembilan","2019","3",3,0.15
"Corvus splendens","Negeri Sembilan","2019","4",1,0.125
"Corvus splendens","Negeri Sembilan","2019","5",2,0.2
"Corvus splendens","Negeri Sembilan","2019","6",2,0.4
"Corvus splendens","Negeri Sembilan","2019","7",10,0.4
"Corvus splendens","Negeri Sembilan","2019","8",2,0.142857142857143
"Corvus splendens","Negeri Sembilan","2019","9",1,0.0909090909090909
"Corvus splendens","Negeri Sembilan","2020","1",2,0.333333333333333
"Corvus splendens","Negeri Sembilan","2020","10",2,0.08
"Corvus splendens","Negeri Sembilan","2020","11",3,0.136363636363636
"Corvus splendens","Negeri Sembilan","2020","12",3,0.230769230769231
"Corvus splendens","Negeri Sembilan","2020","2",2,0.25
"Corvus splendens","Negeri Sembilan","2020","5",3,0.25
"Corvus splendens","Negeri Sembilan","2020","6",1,0.142857142857143
"Corvus splendens","Negeri Sembilan","2020","7",3,0.214285714285714
"Corvus splendens","Negeri Sembilan","2020","8",3,0.1875
"Corvus splendens","Negeri Sembilan","2020","9",2,0.117647058823529
"Corvus splendens","Negeri Sembilan","2021","10",39,0.367924528301887
"Corvus splendens","Negeri Sembilan","2021","11",46,0.396551724137931
"Corvus splendens","Negeri Sembilan","2021","12",31,0.378048780487805
"Corvus splendens","Negeri Sembilan","2021","3",7,0.333333333333333
"Corvus splendens","Negeri Sembilan","2021","4",17,0.265625
"Corvus splendens","Negeri Sembilan","2021","5",32,0.323232323232323
"Corvus splendens","Negeri Sembilan","2021","6",48,0.421052631578947
"Corvus splendens","Negeri Sembilan","2021","7",62,0.424657534246575
"Corvus splendens","Negeri Sembilan","2021","8",46,0.368
"Corvus splendens","Negeri Sembilan","2021","9",57,0.441860465116279
"Corvus splendens","Negeri Sembilan","2022","1",39,0.386138613861386
"Corvus splendens","Negeri Sembilan","2022","10",10,0.526315789473684
"Corvus splendens","Negeri Sembilan","2022","11",40,0.555555555555556
"Corvus splendens","Negeri Sembilan","2022","12",32,0.492307692307692
"Corvus splendens","Negeri Sembilan","2022","2",33,0.471428571428571
"Corvus splendens","Negeri Sembilan","2022","3",40,0.425531914893617
"Corvus splendens","Negeri Sembilan","2022","4",34,0.414634146341463
"Corvus splendens","Negeri Sembilan","2022","5",13,0.30952380952381
"Corvus splendens","Negeri Sembilan","2022","6",19,0.463414634146341
"Corvus splendens","Negeri Sembilan","2022","7",36,0.5
"Corvus splendens","Negeri Sembilan","2022","8",33,0.5
"Corvus splendens","Negeri Sembilan","2022","9",23,0.511111111111111
"Corvus splendens","Negeri Sembilan","2023","1",34,0.53125
"Corvus splendens","Negeri Sembilan","2023","10",24,0.406779661016949
"Corvus splendens","Negeri Sembilan","2023","11",21,0.388888888888889
"Corvus splendens","Negeri Sembilan","2023","12",23,0.46
"Corvus splendens","Negeri Sembilan","2023","2",26,0.490566037735849
"Corvus splendens","Negeri Sembilan","2023","3",24,0.452830188679245
"Corvus splendens","Negeri Sembilan","2023","4",30,0.483870967741935
"Corvus splendens","Negeri Sembilan","2023","5",23,0.450980392156863
"Corvus splendens","Negeri Sembilan","2023","6",22,0.488888888888889
"Corvus splendens","Negeri Sembilan","2023","7",18,0.461538461538462
"Corvus splendens","Negeri Sembilan","2023","8",23,0.450980392156863
"Corvus splendens","Negeri Sembilan","2023","9",13,0.40625
"Corvus splendens","Negeri Sembilan","2024","1",37,0.569230769230769
"Corvus splendens","Negeri Sembilan","2024","10",28,0.549019607843137
"Corvus splendens","Negeri Sembilan","2024","11",21,0.67741935483871
"Corvus splendens","Negeri Sembilan","2024","12",20,0.689655172413793
"Corvus splendens","Negeri Sembilan","2024","2",5,0.416666666666667
"Corvus splendens","Negeri Sembilan","2024","3",30,0.612244897959184
"Corvus splendens","Negeri Sembilan","2024","4",30,0.625
"Corvus splendens","Negeri Sembilan","2024","5",18,0.666666666666667
"Corvus splendens","Negeri Sembilan","2024","6",15,0.6
"Corvus splendens","Negeri Sembilan","2024","7",42,0.67741935483871
"Corvus splendens","Negeri Sembilan","2024","8",24,0.571428571428571
"Corvus splendens","Negeri Sembilan","2024","9",17,0.62962962962963
"Corvus splendens","Negeri Sembilan","2025","12",1,1
"Corvus splendens","Negeri Sembilan","2025","3",1,0.166666666666667
"Corvus splendens","Negeri Sembilan","2025","4",1,1
"Corvus splendens","Negeri Sembilan","2025","6",1,0.5
"Corvus splendens","Negeri Sembilan","2026","2",1,0.5
"Corvus splendens","Negeri Sembilan","2026","6",2,0.666666666666667
"Corvus splendens","Pahang","2015","1",1,0.25
"Corvus splendens","Pahang","2015","2",2,0.0769230769230769
"Corvus splendens","Pahang","2015","3",3,0.176470588235294
"Corvus splendens","Pahang","2015","5",1,0.5
"Corvus splendens","Pahang","2015","6",2,0.4
"Corvus splendens","Pahang","2015","8",2,0.222222222222222
"Corvus splendens","Pahang","2015","9",3,0.3
"Corvus splendens","Pahang","2016","10",1,0.25
"Corvus splendens","Pahang","2016","11",3,0.5
"Corvus splendens","Pahang","2016","2",3,0.428571428571429
"Corvus splendens","Pahang","2016","3",2,0.117647058823529
"Corvus splendens","Pahang","2016","4",1,0.166666666666667
"Corvus splendens","Pahang","2016","5",3,0.230769230769231
"Corvus splendens","Pahang","2016","8",1,0.0416666666666667
"Corvus splendens","Pahang","2017","10",1,0.166666666666667
"Corvus splendens","Pahang","2017","11",4,0.5
"Corvus splendens","Pahang","2017","2",3,0.2
"Corvus splendens","Pahang","2017","3",4,0.153846153846154
"Corvus splendens","Pahang","2017","4",3,0.107142857142857
"Corvus splendens","Pahang","2017","6",2,0.111111111111111
"Corvus splendens","Pahang","2017","7",1,0.0588235294117647
"Corvus splendens","Pahang","2017","9",1,0.142857142857143
"Corvus splendens","Pahang","2018","1",4,0.363636363636364
"Corvus splendens","Pahang","2018","10",2,0.111111111111111
"Corvus splendens","Pahang","2018","11",3,0.6
"Corvus splendens","Pahang","2018","12",1,0.333333333333333
"Corvus splendens","Pahang","2018","2",2,0.153846153846154
"Corvus splendens","Pahang","2018","3",7,0.259259259259259
"Corvus splendens","Pahang","2018","4",5,0.294117647058824
"Corvus splendens","Pahang","2018","5",6,0.352941176470588
"Corvus splendens","Pahang","2018","7",2,0.0869565217391304
"Corvus splendens","Pahang","2018","9",2,0.222222222222222
"Corvus splendens","Pahang","2019","1",3,0.3
"Corvus splendens","Pahang","2019","10",4,0.333333333333333
"Corvus splendens","Pahang","2019","11",3,0.5
"Corvus splendens","Pahang","2019","12",1,0.111111111111111
"Corvus splendens","Pahang","2019","2",1,0.0454545454545455
"Corvus splendens","Pahang","2019","3",4,0.285714285714286
"Corvus splendens","Pahang","2019","5",4,0.285714285714286
"Corvus splendens","Pahang","2019","6",8,0.25
"Corvus splendens","Pahang","2019","7",4,0.0869565217391304
"Corvus splendens","Pahang","2019","8",5,0.142857142857143
"Corvus splendens","Pahang","2019","9",2,0.25
"Corvus splendens","Pahang","2020","10",1,0.111111111111111
"Corvus splendens","Pahang","2020","2",3,0.166666666666667
"Corvus splendens","Pahang","2020","6",5,1
"Corvus splendens","Pahang","2021","10",1,0.0666666666666667
"Corvus splendens","Pahang","2021","3",3,0.176470588235294
"Corvus splendens","Pahang","2021","4",1,0.166666666666667
"Corvus splendens","Pahang","2021","9",1,0.333333333333333
"Corvus splendens","Pahang","2022","1",3,0.230769230769231
"Corvus splendens","Pahang","2022","10",1,0.1
"Corvus splendens","Pahang","2022","2",2,0.333333333333333
"Corvus splendens","Pahang","2022","4",1,0.0769230769230769
"Corvus splendens","Pahang","2022","6",1,0.0909090909090909
"Corvus splendens","Pahang","2022","7",8,0.0860215053763441
"Corvus splendens","Pahang","2022","8",5,0.263157894736842
"Corvus splendens","Pahang","2023","1",2,0.0909090909090909
"Corvus splendens","Pahang","2023","10",1,0.1
"Corvus splendens","Pahang","2023","11",4,0.25
"Corvus splendens","Pahang","2023","12",2,0.153846153846154
"Corvus splendens","Pahang","2023","2",9,0.236842105263158
"Corvus splendens","Pahang","2023","3",5,0.2
"Corvus splendens","Pahang","2023","4",2,0.111111111111111
"Corvus splendens","Pahang","2023","5",2,0.0666666666666667
"Corvus splendens","Pahang","2023","6",13,0.288888888888889
"Corvus splendens","Pahang","2023","7",4,0.153846153846154
"Corvus splendens","Pahang","2023","8",4,0.105263157894737
"Corvus splendens","Pahang","2023","9",3,0.15
"Corvus splendens","Pahang","2024","1",4,0.19047619047619
"Corvus splendens","Pahang","2024","10",3,0.107142857142857
"Corvus splendens","Pahang","2024","11",2,0.285714285714286
"Corvus splendens","Pahang","2024","12",2,0.0869565217391304
"Corvus splendens","Pahang","2024","3",10,0.217391304347826
"Corvus splendens","Pahang","2024","4",2,0.0833333333333333
"Corvus splendens","Pahang","2024","5",1,0.0434782608695652
"Corvus splendens","Pahang","2024","6",7,0.184210526315789
"Corvus splendens","Pahang","2024","8",7,0.269230769230769
"Corvus splendens","Pahang","2024","9",2,0.111111111111111
"Corvus splendens","Perak","2015","12",2,0.333333333333333
"Corvus splendens","Perak","2016","10",1,0.333333333333333
"Corvus splendens","Perak","2017","1",1,0.111111111111111
"Corvus splendens","Perak","2017","2",2,0.133333333333333
"Corvus splendens","Perak","2018","2",1,0.333333333333333
"Corvus splendens","Perak","2018","7",2,0.5
"Corvus splendens","Perak","2018","8",1,0.0833333333333333
"Corvus splendens","Perak","2019","10",1,0.125
"Corvus splendens","Perak","2019","12",5,0.208333333333333
"Corvus splendens","Perak","2019","4",8,0.380952380952381
"Corvus splendens","Perak","2020","1",1,0.1
"Corvus splendens","Perak","2020","10",4,0.210526315789474
"Corvus splendens","Perak","2020","11",1,0.0833333333333333
"Corvus splendens","Perak","2020","12",4,0.210526315789474
"Corvus splendens","Perak","2020","2",1,0.0555555555555556
"Corvus splendens","Perak","2020","7",1,0.111111111111111
"Corvus splendens","Perak","2020","8",2,0.153846153846154
"Corvus splendens","Perak","2020","9",1,0.166666666666667
"Corvus splendens","Perak","2021","1",9,0.264705882352941
"Corvus splendens","Perak","2021","10",5,0.208333333333333
"Corvus splendens","Perak","2021","11",1,0.0909090909090909
"Corvus splendens","Perak","2021","4",2,0.0952380952380952
"Corvus splendens","Perak","2022","1",15,0.326086956521739
"Corvus splendens","Perak","2022","10",5,0.119047619047619
"Corvus splendens","Perak","2022","11",1,0.111111111111111
"Corvus splendens","Perak","2022","12",3,0.125
"Corvus splendens","Perak","2022","2",5,0.142857142857143
"Corvus splendens","Perak","2022","3",3,0.0833333333333333
"Corvus splendens","Perak","2022","4",7,0.28
"Corvus splendens","Perak","2022","6",1,0.111111111111111
"Corvus splendens","Perak","2022","7",3,0.2
"Corvus splendens","Perak","2022","8",6,0.333333333333333
"Corvus splendens","Perak","2022","9",2,0.153846153846154
"Corvus splendens","Perak","2023","1",7,0.2
"Corvus splendens","Perak","2023","11",3,0.176470588235294
"Corvus splendens","Perak","2023","12",9,0.204545454545455
"Corvus splendens","Perak","2023","3",3,0.15
"Corvus splendens","Perak","2023","4",2,0.117647058823529
"Corvus splendens","Perak","2023","6",2,0.133333333333333
"Corvus splendens","Perak","2023","7",5,0.172413793103448
"Corvus splendens","Perak","2023","9",7,0.411764705882353
"Corvus splendens","Perak","2024","1",13,0.240740740740741
"Corvus splendens","Perak","2024","10",12,0.375
"Corvus splendens","Perak","2024","11",4,0.153846153846154
"Corvus splendens","Perak","2024","12",22,0.349206349206349
"Corvus splendens","Perak","2024","2",7,0.114754098360656
"Corvus splendens","Perak","2024","3",3,0.1875
"Corvus splendens","Perak","2024","4",1,0.0625
"Corvus splendens","Perak","2024","5",3,0.157894736842105
"Corvus splendens","Perak","2024","6",7,0.269230769230769
"Corvus splendens","Perak","2024","7",8,0.32
"Corvus splendens","Perak","2024","8",3,0.142857142857143
"Corvus splendens","Perak","2024","9",2,0.117647058823529
"Corvus splendens","Perak","2025","10",1,0.1
"Corvus splendens","Perak","2025","12",1,0.0588235294117647
"Corvus splendens","Perak","2025","7",2,0.222222222222222
"Corvus splendens","Perak","2026","6",1,0.111111111111111
"Corvus splendens","Perlis","2021","11",2,0.25
"Corvus splendens","Perlis","2021","12",1,0.1
"Corvus splendens","Perlis","2022","2",2,0.285714285714286
"Corvus splendens","Perlis","2022","5",2,0.666666666666667
"Corvus splendens","Perlis","2023","12",1,0.166666666666667
"Corvus splendens","Perlis","2023","4",1,0.333333333333333
"Corvus splendens","Perlis","2023","7",1,0.2
"Corvus splendens","Perlis","2024","12",1,0.0588235294117647
"Corvus splendens","Pulau Pinang","2015","1",28,0.538461538461538
"Corvus splendens","Pulau Pinang","2015","10",6,0.545454545454545
"Corvus splendens","Pulau Pinang","2015","11",9,0.529411764705882
"Corvus splendens","Pulau Pinang","2015","12",22,0.564102564102564
"Corvus splendens","Pulau Pinang","2015","2",13,0.565217391304348
"Corvus splendens","Pulau Pinang","2015","3",14,0.518518518518518
"Corvus splendens","Pulau Pinang","2015","4",12,0.48
"Corvus splendens","Pulau Pinang","2015","5",6,0.352941176470588
"Corvus splendens","Pulau Pinang","2015","6",7,0.466666666666667
"Corvus splendens","Pulau Pinang","2015","7",6,0.5
"Corvus splendens","Pulau Pinang","2015","8",6,0.545454545454545
"Corvus splendens","Pulau Pinang","2015","9",4,0.8
"Corvus splendens","Pulau Pinang","2016","1",19,0.441860465116279
"Corvus splendens","Pulau Pinang","2016","10",7,0.411764705882353
"Corvus splendens","Pulau Pinang","2016","11",24,0.615384615384615
"Corvus splendens","Pulau Pinang","2016","12",33,0.622641509433962
"Corvus splendens","Pulau Pinang","2016","2",9,0.36
"Corvus splendens","Pulau Pinang","2016","3",11,0.523809523809524
"Corvus splendens","Pulau Pinang","2016","4",10,0.476190476190476
"Corvus splendens","Pulau Pinang","2016","5",5,0.5
"Corvus splendens","Pulau Pinang","2016","6",5,0.454545454545455
"Corvus splendens","Pulau Pinang","2016","7",4,0.8
"Corvus splendens","Pulau Pinang","2016","8",8,0.470588235294118
"Corvus splendens","Pulau Pinang","2016","9",5,0.357142857142857
"Corvus splendens","Pulau Pinang","2017","1",29,0.483333333333333
"Corvus splendens","Pulau Pinang","2017","10",23,0.479166666666667
"Corvus splendens","Pulau Pinang","2017","11",13,0.619047619047619
"Corvus splendens","Pulau Pinang","2017","12",33,0.532258064516129
"Corvus splendens","Pulau Pinang","2017","2",14,0.538461538461538
"Corvus splendens","Pulau Pinang","2017","3",10,0.476190476190476
"Corvus splendens","Pulau Pinang","2017","4",11,0.407407407407407
"Corvus splendens","Pulau Pinang","2017","5",16,0.5
"Corvus splendens","Pulau Pinang","2017","6",5,0.384615384615385
"Corvus splendens","Pulau Pinang","2017","7",15,0.294117647058824
"Corvus splendens","Pulau Pinang","2017","8",32,0.438356164383562
"Corvus splendens","Pulau Pinang","2017","9",25,0.490196078431373
"Corvus splendens","Pulau Pinang","2018","1",28,0.5
"Corvus splendens","Pulau Pinang","2018","10",10,0.333333333333333
"Corvus splendens","Pulau Pinang","2018","11",21,0.488372093023256
"Corvus splendens","Pulau Pinang","2018","12",15,0.555555555555556
"Corvus splendens","Pulau Pinang","2018","2",12,0.413793103448276
"Corvus splendens","Pulau Pinang","2018","3",16,0.296296296296296
"Corvus splendens","Pulau Pinang","2018","4",20,0.4
"Corvus splendens","Pulau Pinang","2018","5",16,0.285714285714286
"Corvus splendens","Pulau Pinang","2018","6",10,0.333333333333333
"Corvus splendens","Pulau Pinang","2018","7",25,0.520833333333333
"Corvus splendens","Pulau Pinang","2018","8",17,0.404761904761905
"Corvus splendens","Pulau Pinang","2018","9",11,0.407407407407407
"Corvus splendens","Pulau Pinang","2019","1",31,0.543859649122807
"Corvus splendens","Pulau Pinang","2019","10",56,0.528301886792453
"Corvus splendens","Pulau Pinang","2019","11",43,0.447916666666667
"Corvus splendens","Pulau Pinang","2019","12",40,0.547945205479452
"Corvus splendens","Pulau Pinang","2019","2",35,0.159817351598174
"Corvus splendens","Pulau Pinang","2019","3",12,0.342857142857143
"Corvus splendens","Pulau Pinang","2019","4",73,0.334862385321101
"Corvus splendens","Pulau Pinang","2019","5",17,0.354166666666667
"Corvus splendens","Pulau Pinang","2019","6",8,0.333333333333333
"Corvus splendens","Pulau Pinang","2019","7",17,0.425
"Corvus splendens","Pulau Pinang","2019","8",30,0.454545454545455
"Corvus splendens","Pulau Pinang","2019","9",50,0.490196078431373
"Corvus splendens","Pulau Pinang","2020","1",39,0.475609756097561
"Corvus splendens","Pulau Pinang","2020","10",69,0.570247933884298
"Corvus splendens","Pulau Pinang","2020","11",38,0.5
"Corvus splendens","Pulau Pinang","2020","12",29,0.630434782608696
"Corvus splendens","Pulau Pinang","2020","2",54,0.5625
"Corvus splendens","Pulau Pinang","2020","3",76,0.558823529411765
"Corvus splendens","Pulau Pinang","2020","4",56,0.444444444444444
"Corvus splendens","Pulau Pinang","2020","5",50,0.480769230769231
"Corvus splendens","Pulau Pinang","2020","6",12,0.413793103448276
"Corvus splendens","Pulau Pinang","2020","7",28,0.5
"Corvus splendens","Pulau Pinang","2020","8",11,0.523809523809524
"Corvus splendens","Pulau Pinang","2020","9",27,0.428571428571429
"Corvus splendens","Pulau Pinang","2021","1",19,0.655172413793103
"Corvus splendens","Pulau Pinang","2021","10",41,0.518987341772152
"Corvus splendens","Pulau Pinang","2021","11",11,0.55
"Corvus splendens","Pulau Pinang","2021","12",65,0.677083333333333
"Corvus splendens","Pulau Pinang","2021","2",32,0.477611940298507
"Corvus splendens","Pulau Pinang","2021","3",71,0.496503496503497
"Corvus splendens","Pulau Pinang","2021","4",48,0.564705882352941
"Corvus splendens","Pulau Pinang","2021","5",41,0.518987341772152
"Corvus splendens","Pulau Pinang","2021","6",4,0.444444444444444
"Corvus splendens","Pulau Pinang","2021","7",13,0.5
"Corvus splendens","Pulau Pinang","2021","8",6,0.272727272727273
"Corvus splendens","Pulau Pinang","2021","9",30,0.476190476190476
"Corvus splendens","Pulau Pinang","2022","1",35,0.5
"Corvus splendens","Pulau Pinang","2022","10",50,0.595238095238095
"Corvus splendens","Pulau Pinang","2022","11",26,0.412698412698413
"Corvus splendens","Pulau Pinang","2022","12",56,0.504504504504504
"Corvus splendens","Pulau Pinang","2022","2",21,0.617647058823529
"Corvus splendens","Pulau Pinang","2022","3",13,0.5
"Corvus splendens","Pulau Pinang","2022","4",23,0.638888888888889
"Corvus splendens","Pulau Pinang","2022","5",15,0.454545454545455
"Corvus splendens","Pulau Pinang","2022","6",12,0.5
"Corvus splendens","Pulau Pinang","2022","7",10,0.37037037037037
"Corvus splendens","Pulau Pinang","2022","8",47,0.47
"Corvus splendens","Pulau Pinang","2022","9",31,0.492063492063492
"Corvus splendens","Pulau Pinang","2023","1",88,0.520710059171598
"Corvus splendens","Pulau Pinang","2023","10",38,0.575757575757576
"Corvus splendens","Pulau Pinang","2023","11",81,0.58273381294964
"Corvus splendens","Pulau Pinang","2023","12",63,0.529411764705882
"Corvus splendens","Pulau Pinang","2023","2",53,0.576086956521739
"Corvus splendens","Pulau Pinang","2023","3",63,0.567567567567568
"Corvus splendens","Pulau Pinang","2023","4",24,0.521739130434783
"Corvus splendens","Pulau Pinang","2023","5",15,0.428571428571429
"Corvus splendens","Pulau Pinang","2023","6",23,0.418181818181818
"Corvus splendens","Pulau Pinang","2023","7",38,0.527777777777778
"Corvus splendens","Pulau Pinang","2023","8",85,0.559210526315789
"Corvus splendens","Pulau Pinang","2023","9",32,0.56140350877193
"Corvus splendens","Pulau Pinang","2024","1",42,0.378378378378378
"Corvus splendens","Pulau Pinang","2024","10",42,0.461538461538462
"Corvus splendens","Pulau Pinang","2024","11",32,0.542372881355932
"Corvus splendens","Pulau Pinang","2024","12",75,0.496688741721854
"Corvus splendens","Pulau Pinang","2024","2",58,0.517857142857143
"Corvus splendens","Pulau Pinang","2024","3",32,0.444444444444444
"Corvus splendens","Pulau Pinang","2024","4",39,0.506493506493506
"Corvus splendens","Pulau Pinang","2024","5",30,0.483870967741935
"Corvus splendens","Pulau Pinang","2024","6",16,0.390243902439024
"Corvus splendens","Pulau Pinang","2024","7",45,0.542168674698795
"Corvus splendens","Pulau Pinang","2024","8",43,0.518072289156627
"Corvus splendens","Pulau Pinang","2024","9",23,0.575
"Corvus splendens","Pulau Pinang","2025","1",6,0.230769230769231
"Corvus splendens","Pulau Pinang","2025","10",4,0.25
"Corvus splendens","Pulau Pinang","2025","11",3,0.111111111111111
"Corvus splendens","Pulau Pinang","2025","12",13,0.302325581395349
"Corvus splendens","Pulau Pinang","2025","2",3,0.3
"Corvus splendens","Pulau Pinang","2025","3",3,0.142857142857143
"Corvus splendens","Pulau Pinang","2025","4",2,0.117647058823529
"Corvus splendens","Pulau Pinang","2025","5",1,0.0909090909090909
"Corvus splendens","Pulau Pinang","2025","6",3,0.136363636363636
"Corvus splendens","Pulau Pinang","2025","7",7,0.269230769230769
"Corvus splendens","Pulau Pinang","2025","8",10,0.27027027027027
"Corvus splendens","Pulau Pinang","2025","9",3,0.142857142857143
"Corvus splendens","Pulau Pinang","2026","1",9,0.264705882352941
"Corvus splendens","Pulau Pinang","2026","2",11,0.458333333333333
"Corvus splendens","Pulau Pinang","2026","3",4,0.129032258064516
"Corvus splendens","Pulau Pinang","2026","4",4,0.285714285714286
"Corvus splendens","Pulau Pinang","2026","5",1,0.0526315789473684
"Corvus splendens","Pulau Pinang","2026","6",10,0.32258064516129
"Corvus splendens","Pulau Pinang","2026","7",5,0.25
"Corvus splendens","Putrajaya","2015","1",1,1
"Corvus splendens","Putrajaya","2015","11",1,1
"Corvus splendens","Putrajaya","2015","8",1,0.333333333333333
"Corvus splendens","Putrajaya","2015","9",1,1
"Corvus splendens","Putrajaya","2016","1",1,0.5
"Corvus splendens","Putrajaya","2016","10",1,1
"Corvus splendens","Putrajaya","2016","11",1,0.5
"Corvus splendens","Putrajaya","2017","1",1,0.5
"Corvus splendens","Putrajaya","2017","10",1,0.5
"Corvus splendens","Putrajaya","2017","11",1,1
"Corvus splendens","Putrajaya","2017","4",1,1
"Corvus splendens","Putrajaya","2017","6",1,0.5
"Corvus splendens","Putrajaya","2017","7",1,0.333333333333333
"Corvus splendens","Putrajaya","2017","8",1,0.333333333333333
"Corvus splendens","Putrajaya","2017","9",2,1
"Corvus splendens","Putrajaya","2018","1",2,0.5
"Corvus splendens","Putrajaya","2018","3",1,1
"Corvus splendens","Putrajaya","2018","4",2,1
"Corvus splendens","Putrajaya","2018","5",1,0.5
"Corvus splendens","Putrajaya","2018","6",2,0.5
"Corvus splendens","Putrajaya","2018","7",5,0.833333333333333
"Corvus splendens","Putrajaya","2019","10",5,0.555555555555556
"Corvus splendens","Putrajaya","2019","11",4,0.285714285714286
"Corvus splendens","Putrajaya","2019","12",1,0.25
"Corvus splendens","Putrajaya","2019","2",1,1
"Corvus splendens","Putrajaya","2019","4",3,1
"Corvus splendens","Putrajaya","2019","5",1,1
"Corvus splendens","Putrajaya","2019","6",3,0.5
"Corvus splendens","Putrajaya","2019","7",1,0.5
"Corvus splendens","Putrajaya","2019","8",3,0.6
"Corvus splendens","Putrajaya","2019","9",1,0.25
"Corvus splendens","Putrajaya","2020","2",4,0.5
"Corvus splendens","Putrajaya","2020","3",3,0.6
"Corvus splendens","Putrajaya","2020","6",1,0.5
"Corvus splendens","Putrajaya","2020","7",1,0.5
"Corvus splendens","Putrajaya","2021","1",1,0.5
"Corvus splendens","Putrajaya","2021","10",1,1
"Corvus splendens","Putrajaya","2021","5",5,1
"Corvus splendens","Putrajaya","2021","9",4,1
"Corvus splendens","Putrajaya","2022","10",3,1
"Corvus splendens","Putrajaya","2022","11",8,0.5
"Corvus splendens","Putrajaya","2022","12",1,0.5
"Corvus splendens","Putrajaya","2022","4",1,1
"Corvus splendens","Putrajaya","2022","5",3,0.6
"Corvus splendens","Putrajaya","2022","6",1,1
"Corvus splendens","Putrajaya","2022","7",5,0.5
"Corvus splendens","Putrajaya","2022","8",4,0.5
"Corvus splendens","Putrajaya","2023","1",3,0.75
"Corvus splendens","Putrajaya","2023","10",6,0.6
"Corvus splendens","Putrajaya","2023","11",3,0.5
"Corvus splendens","Putrajaya","2023","12",2,0.333333333333333
"Corvus splendens","Putrajaya","2023","4",1,1
"Corvus splendens","Putrajaya","2023","5",11,0.6875
"Corvus splendens","Putrajaya","2023","6",3,0.75
"Corvus splendens","Putrajaya","2023","7",4,0.4
"Corvus splendens","Putrajaya","2023","8",5,0.625
"Corvus splendens","Putrajaya","2023","9",4,0.666666666666667
"Corvus splendens","Putrajaya","2024","1",5,0.625
"Corvus splendens","Putrajaya","2024","10",3,0.75
"Corvus splendens","Putrajaya","2024","11",2,0.666666666666667
"Corvus splendens","Putrajaya","2024","12",1,1
"Corvus splendens","Putrajaya","2024","2",3,0.5
"Corvus splendens","Putrajaya","2024","3",4,0.571428571428571
"Corvus splendens","Putrajaya","2024","4",5,0.625
"Corvus splendens","Putrajaya","2024","5",3,1
"Corvus splendens","Putrajaya","2024","6",5,0.5
"Corvus splendens","Putrajaya","2024","7",12,0.631578947368421
"Corvus splendens","Putrajaya","2024","8",6,0.545454545454545
"Corvus splendens","Putrajaya","2024","9",3,0.75
"Corvus splendens","Putrajaya","2025","10",1,1
"Corvus splendens","Putrajaya","2025","6",2,0.666666666666667
"Corvus splendens","Putrajaya","2026","3",2,0.666666666666667
"Corvus splendens","Putrajaya","2026","7",2,1
"Corvus splendens","Sabah","2015","1",3,0.333333333333333
"Corvus splendens","Sabah","2015","10",2,0.5
"Corvus splendens","Sabah","2015","2",1,0.166666666666667
"Corvus splendens","Sabah","2015","3",6,0.352941176470588
"Corvus splendens","Sabah","2015","4",2,0.25
"Corvus splendens","Sabah","2015","5",3,0.6
"Corvus splendens","Sabah","2015","6",2,0.285714285714286
"Corvus splendens","Sabah","2015","7",1,0.0909090909090909
"Corvus splendens","Sabah","2015","9",2,0.4
"Corvus splendens","Sabah","2016","2",1,0.5
"Corvus splendens","Sabah","2016","3",7,0.466666666666667
"Corvus splendens","Sabah","2016","4",4,0.125
"Corvus splendens","Sabah","2016","5",2,0.25
"Corvus splendens","Sabah","2016","6",8,0.333333333333333
"Corvus splendens","Sabah","2016","8",4,0.166666666666667
"Corvus splendens","Sabah","2016","9",1,0.2
"Corvus splendens","Sabah","2017","11",1,0.1
"Corvus splendens","Sabah","2017","2",2,0.133333333333333
"Corvus splendens","Sabah","2017","4",5,0.2
"Corvus splendens","Sabah","2017","5",1,0.25
"Corvus splendens","Sabah","2017","6",5,0.357142857142857
"Corvus splendens","Sabah","2017","7",9,0.45
"Corvus splendens","Sabah","2017","8",1,0.0666666666666667
"Corvus splendens","Sabah","2017","9",2,0.285714285714286
"Corvus splendens","Sabah","2018","1",4,0.5
"Corvus splendens","Sabah","2018","10",1,0.142857142857143
"Corvus splendens","Sabah","2018","11",1,0.0769230769230769
"Corvus splendens","Sabah","2018","12",1,0.0294117647058824
"Corvus splendens","Sabah","2018","2",6,0.315789473684211
"Corvus splendens","Sabah","2018","3",8,0.275862068965517
"Corvus splendens","Sabah","2018","4",1,0.05
"Corvus splendens","Sabah","2018","5",7,0.107692307692308
"Corvus splendens","Sabah","2018","6",1,0.0476190476190476
"Corvus splendens","Sabah","2018","7",9,0.183673469387755
"Corvus splendens","Sabah","2018","8",8,0.186046511627907
"Corvus splendens","Sabah","2019","1",8,0.727272727272727
"Corvus splendens","Sabah","2019","10",17,0.182795698924731
"Corvus splendens","Sabah","2019","11",1,0.0909090909090909
"Corvus splendens","Sabah","2019","12",1,0.0714285714285714
"Corvus splendens","Sabah","2019","2",7,0.28
"Corvus splendens","Sabah","2019","3",1,0.0833333333333333
"Corvus splendens","Sabah","2019","4",2,0.133333333333333
"Corvus splendens","Sabah","2019","5",5,0.147058823529412
"Corvus splendens","Sabah","2019","6",6,0.5
"Corvus splendens","Sabah","2019","7",8,0.25
"Corvus splendens","Sabah","2019","8",1,0.0588235294117647
"Corvus splendens","Sabah","2019","9",3,0.0882352941176471
"Corvus splendens","Sabah","2020","10",1,0.333333333333333
"Corvus splendens","Sabah","2020","2",6,0.333333333333333
"Corvus splendens","Sabah","2021","10",1,0.333333333333333
"Corvus splendens","Sabah","2021","12",1,1
"Corvus splendens","Sabah","2021","7",1,1
"Corvus splendens","Sabah","2022","1",4,1
"Corvus splendens","Sabah","2022","10",25,0.641025641025641
"Corvus splendens","Sabah","2022","11",7,0.7
"Corvus splendens","Sabah","2022","12",10,0.714285714285714
"Corvus splendens","Sabah","2022","2",6,1
"Corvus splendens","Sabah","2022","3",1,1
"Corvus splendens","Sabah","2022","5",6,0.375
"Corvus splendens","Sabah","2022","6",2,0.166666666666667
"Corvus splendens","Sabah","2022","7",15,0.46875
"Corvus splendens","Sabah","2022","8",2,0.0444444444444444
"Corvus splendens","Sabah","2022","9",38,0.59375
"Corvus splendens","Sabah","2023","1",6,0.2
"Corvus splendens","Sabah","2023","10",21,0.403846153846154
"Corvus splendens","Sabah","2023","11",7,0.411764705882353
"Corvus splendens","Sabah","2023","12",5,0.277777777777778
"Corvus splendens","Sabah","2023","2",6,0.375
"Corvus splendens","Sabah","2023","3",16,0.20253164556962
"Corvus splendens","Sabah","2023","4",28,0.509090909090909
"Corvus splendens","Sabah","2023","5",18,0.276923076923077
"Corvus splendens","Sabah","2023","6",30,0.517241379310345
"Corvus splendens","Sabah","2023","7",8,0.111111111111111
"Corvus splendens","Sabah","2023","8",19,0.218390804597701
"Corvus splendens","Sabah","2023","9",12,0.235294117647059
"Corvus splendens","Sabah","2024","1",5,0.238095238095238
"Corvus splendens","Sabah","2024","10",40,0.396039603960396
"Corvus splendens","Sabah","2024","11",13,0.295454545454545
"Corvus splendens","Sabah","2024","12",9,0.264705882352941
"Corvus splendens","Sabah","2024","2",17,0.395348837209302
"Corvus splendens","Sabah","2024","3",13,0.254901960784314
"Corvus splendens","Sabah","2024","4",15,0.46875
"Corvus splendens","Sabah","2024","5",13,0.180555555555556
"Corvus splendens","Sabah","2024","6",37,0.528571428571429
"Corvus splendens","Sabah","2024","7",41,0.259493670886076
"Corvus splendens","Sabah","2024","8",30,0.258620689655172
"Corvus splendens","Sabah","2024","9",25,0.378787878787879
"Corvus splendens","Sabah","2025","1",3,0.0833333333333333
"Corvus splendens","Sabah","2025","11",1,0.0140845070422535
"Corvus splendens","Sabah","2025","2",3,0.0612244897959184
"Corvus splendens","Sabah","2025","3",2,0.0392156862745098
"Corvus splendens","Sabah","2025","4",1,0.02
"Corvus splendens","Sabah","2025","6",3,0.0394736842105263
"Corvus splendens","Sabah","2025","7",2,0.019047619047619
"Corvus splendens","Sabah","2025","8",4,0.0714285714285714
"Corvus splendens","Sabah","2025","9",7,0.116666666666667
"Corvus splendens","Sabah","2026","2",3,0.0447761194029851
"Corvus splendens","Sabah","2026","5",6,0.09375
"Corvus splendens","Sabah","2026","6",2,0.0392156862745098
"Corvus splendens","Sabah","2026","7",1,0.0294117647058824
"Corvus splendens","Sarawak","2017","5",1,0.1
"Corvus splendens","Sarawak","2019","4",1,0.0666666666666667
"Corvus splendens","Sarawak","2019","7",1,0.0625
"Corvus splendens","Sarawak","2019","9",1,0.03125
"Corvus splendens","Sarawak","2020","10",1,0.25
"Corvus splendens","Sarawak","2021","1",3,1
"Corvus splendens","Sarawak","2021","11",3,0.428571428571429
"Corvus splendens","Sarawak","2021","2",3,0.6
"Corvus splendens","Sarawak","2021","3",1,0.5
"Corvus splendens","Sarawak","2021","4",1,0.25
"Corvus splendens","Sarawak","2021","6",1,0.2
"Corvus splendens","Sarawak","2022","12",1,0.25
"Corvus splendens","Sarawak","2022","5",1,0.166666666666667
"Corvus splendens","Sarawak","2023","2",2,0.25
"Corvus splendens","Sarawak","2023","3",1,0.05
"Corvus splendens","Sarawak","2023","4",1,0.0714285714285714
"Corvus splendens","Sarawak","2023","5",2,0.125
"Corvus splendens","Sarawak","2023","7",2,0.133333333333333
"Corvus splendens","Sarawak","2024","12",1,0.0833333333333333
"Corvus splendens","Sarawak","2024","6",1,0.0416666666666667
"Corvus splendens","Sarawak","2025","10",1,0.0833333333333333
"Corvus splendens","Sarawak","2025","3",1,0.0555555555555556
"Corvus splendens","Selangor","2015","1",25,0.78125
"Corvus splendens","Selangor","2015","10",8,0.533333333333333
"Corvus splendens","Selangor","2015","11",14,0.466666666666667
"Corvus splendens","Selangor","2015","12",8,0.571428571428571
"Corvus splendens","Selangor","2015","2",5,0.277777777777778
"Corvus splendens","Selangor","2015","3",19,0.575757575757576
"Corvus splendens","Selangor","2015","4",11,0.611111111111111
"Corvus splendens","Selangor","2015","5",4,0.5
"Corvus splendens","Selangor","2015","6",21,0.567567567567568
"Corvus splendens","Selangor","2015","7",7,0.4375
"Corvus splendens","Selangor","2015","8",15,0.576923076923077
"Corvus splendens","Selangor","2015","9",6,0.4
"Corvus splendens","Selangor","2016","1",20,0.48780487804878
"Corvus splendens","Selangor","2016","10",9,0.409090909090909
"Corvus splendens","Selangor","2016","11",7,0.538461538461538
"Corvus splendens","Selangor","2016","12",21,0.51219512195122
"Corvus splendens","Selangor","2016","2",18,0.5625
"Corvus splendens","Selangor","2016","3",17,0.414634146341463
"Corvus splendens","Selangor","2016","4",10,0.666666666666667
"Corvus splendens","Selangor","2016","5",23,0.469387755102041
"Corvus splendens","Selangor","2016","6",16,0.432432432432432
"Corvus splendens","Selangor","2016","7",28,0.595744680851064
"Corvus splendens","Selangor","2016","8",8,0.363636363636364
"Corvus splendens","Selangor","2016","9",11,0.523809523809524
"Corvus splendens","Selangor","2017","1",21,0.538461538461538
"Corvus splendens","Selangor","2017","10",10,0.588235294117647
"Corvus splendens","Selangor","2017","11",6,0.75
"Corvus splendens","Selangor","2017","12",12,0.428571428571429
"Corvus splendens","Selangor","2017","2",25,0.568181818181818
"Corvus splendens","Selangor","2017","3",11,0.578947368421053
"Corvus splendens","Selangor","2017","4",15,0.535714285714286
"Corvus splendens","Selangor","2017","5",22,0.415094339622642
"Corvus splendens","Selangor","2017","6",29,0.527272727272727
"Corvus splendens","Selangor","2017","7",22,0.458333333333333
"Corvus splendens","Selangor","2017","8",23,0.46
"Corvus splendens","Selangor","2017","9",20,0.645161290322581
"Corvus splendens","Selangor","2018","1",41,0.594202898550725
"Corvus splendens","Selangor","2018","10",9,0.45
"Corvus splendens","Selangor","2018","11",13,0.5
"Corvus splendens","Selangor","2018","12",19,0.542857142857143
"Corvus splendens","Selangor","2018","2",35,0.603448275862069
"Corvus splendens","Selangor","2018","3",40,0.571428571428571
"Corvus splendens","Selangor","2018","4",44,0.473118279569892
"Corvus splendens","Selangor","2018","5",33,0.515625
"Corvus splendens","Selangor","2018","6",11,0.55
"Corvus splendens","Selangor","2018","7",25,0.675675675675676
"Corvus splendens","Selangor","2018","8",24,0.571428571428571
"Corvus splendens","Selangor","2018","9",27,0.6
"Corvus splendens","Selangor","2019","1",28,0.474576271186441
"Corvus splendens","Selangor","2019","10",44,0.523809523809524
"Corvus splendens","Selangor","2019","11",8,0.32
"Corvus splendens","Selangor","2019","12",27,0.574468085106383
"Corvus splendens","Selangor","2019","2",16,0.444444444444444
"Corvus splendens","Selangor","2019","3",18,0.6
"Corvus splendens","Selangor","2019","4",42,0.583333333333333
"Corvus splendens","Selangor","2019","5",32,0.551724137931034
"Corvus splendens","Selangor","2019","6",33,0.589285714285714
"Corvus splendens","Selangor","2019","7",51,0.520408163265306
"Corvus splendens","Selangor","2019","8",36,0.537313432835821
"Corvus splendens","Selangor","2019","9",47,0.758064516129032
"Corvus splendens","Selangor","2020","1",27,0.5625
"Corvus splendens","Selangor","2020","10",53,0.768115942028985
"Corvus splendens","Selangor","2020","11",23,0.547619047619048
"Corvus splendens","Selangor","2020","12",41,0.694915254237288
"Corvus splendens","Selangor","2020","2",57,0.553398058252427
"Corvus splendens","Selangor","2020","3",36,0.493150684931507
"Corvus splendens","Selangor","2020","4",7,0.466666666666667
"Corvus splendens","Selangor","2020","5",22,0.6875
"Corvus splendens","Selangor","2020","6",51,0.698630136986301
"Corvus splendens","Selangor","2020","7",20,0.606060606060606
"Corvus splendens","Selangor","2020","8",14,0.636363636363636
"Corvus splendens","Selangor","2020","9",27,0.58695652173913
"Corvus splendens","Selangor","2021","1",41,0.683333333333333
"Corvus splendens","Selangor","2021","10",42,0.531645569620253
"Corvus splendens","Selangor","2021","11",23,0.575
"Corvus splendens","Selangor","2021","12",29,0.591836734693878
"Corvus splendens","Selangor","2021","2",26,0.742857142857143
"Corvus splendens","Selangor","2021","3",58,0.753246753246753
"Corvus splendens","Selangor","2021","4",48,0.666666666666667
"Corvus splendens","Selangor","2021","5",38,0.612903225806452
"Corvus splendens","Selangor","2021","6",32,0.780487804878049
"Corvus splendens","Selangor","2021","7",15,0.882352941176471
"Corvus splendens","Selangor","2021","8",20,0.740740740740741
"Corvus splendens","Selangor","2021","9",27,0.658536585365854
"Corvus splendens","Selangor","2022","1",43,0.811320754716981
"Corvus splendens","Selangor","2022","10",84,0.579310344827586
"Corvus splendens","Selangor","2022","11",130,0.726256983240223
"Corvus splendens","Selangor","2022","12",120,0.634920634920635
"Corvus splendens","Selangor","2022","2",34,0.596491228070175
"Corvus splendens","Selangor","2022","3",21,0.538461538461538
"Corvus splendens","Selangor","2022","4",52,0.641975308641975
"Corvus splendens","Selangor","2022","5",56,0.651162790697674
"Corvus splendens","Selangor","2022","6",44,0.594594594594595
"Corvus splendens","Selangor","2022","7",22,0.488888888888889
"Corvus splendens","Selangor","2022","8",47,0.652777777777778
"Corvus splendens","Selangor","2022","9",79,0.806122448979592
"Corvus splendens","Selangor","2023","1",97,0.621794871794872
"Corvus splendens","Selangor","2023","10",94,0.622516556291391
"Corvus splendens","Selangor","2023","11",50,0.595238095238095
"Corvus splendens","Selangor","2023","12",67,0.567796610169492
"Corvus splendens","Selangor","2023","2",130,0.751445086705202
"Corvus splendens","Selangor","2023","3",159,0.760765550239234
"Corvus splendens","Selangor","2023","4",88,0.682170542635659
"Corvus splendens","Selangor","2023","5",82,0.561643835616438
"Corvus splendens","Selangor","2023","6",64,0.587155963302752
"Corvus splendens","Selangor","2023","7",108,0.590163934426229
"Corvus splendens","Selangor","2023","8",96,0.635761589403974
"Corvus splendens","Selangor","2023","9",56,0.608695652173913
"Corvus splendens","Selangor","2024","1",76,0.571428571428571
"Corvus splendens","Selangor","2024","10",83,0.542483660130719
"Corvus splendens","Selangor","2024","11",90,0.625
"Corvus splendens","Selangor","2024","12",91,0.645390070921986
"Corvus splendens","Selangor","2024","2",97,0.664383561643836
"Corvus splendens","Selangor","2024","3",104,0.638036809815951
"Corvus splendens","Selangor","2024","4",76,0.660869565217391
"Corvus splendens","Selangor","2024","5",85,0.639097744360902
"Corvus splendens","Selangor","2024","6",128,0.576576576576577
"Corvus splendens","Selangor","2024","7",93,0.505434782608696
"Corvus splendens","Selangor","2024","8",82,0.535947712418301
"Corvus splendens","Selangor","2024","9",81,0.58273381294964
"Corvus splendens","Selangor","2025","1",3,0.103448275862069
"Corvus splendens","Selangor","2025","10",7,0.184210526315789
"Corvus splendens","Selangor","2025","11",19,0.475
"Corvus splendens","Selangor","2025","12",5,0.106382978723404
"Corvus splendens","Selangor","2025","2",7,0.189189189189189
"Corvus splendens","Selangor","2025","3",4,0.1
"Corvus splendens","Selangor","2025","4",14,0.285714285714286
"Corvus splendens","Selangor","2025","5",4,0.142857142857143
"Corvus splendens","Selangor","2025","6",12,0.333333333333333
"Corvus splendens","Selangor","2025","7",8,0.210526315789474
"Corvus splendens","Selangor","2025","8",2,0.0666666666666667
"Corvus splendens","Selangor","2025","9",7,0.194444444444444
"Corvus splendens","Selangor","2026","1",6,0.12
"Corvus splendens","Selangor","2026","2",8,0.177777777777778
"Corvus splendens","Selangor","2026","3",3,0.130434782608696
"Corvus splendens","Selangor","2026","4",7,0.291666666666667
"Corvus splendens","Selangor","2026","5",5,0.185185185185185
"Corvus splendens","Selangor","2026","6",6,0.12
"Corvus splendens","Selangor","2026","7",16,0.421052631578947
"Corvus splendens","Terengganu","2015","2",1,1
"Corvus splendens","Terengganu","2015","4",1,0.25
"Corvus splendens","Terengganu","2017","1",1,0.5
"Corvus splendens","Terengganu","2017","8",1,0.333333333333333
"Corvus splendens","Terengganu","2018","7",1,0.125
"Corvus splendens","Terengganu","2019","7",4,0.4
"Macaca fascicularis","Johor","2015","1",1,0.166666666666667
"Macaca fascicularis","Johor","2015","4",1,0.5
"Macaca fascicularis","Johor","2016","10",1,1
"Macaca fascicularis","Johor","2016","7",1,0.0909090909090909
"Macaca fascicularis","Johor","2018","9",1,0.0476190476190476
"Macaca fascicularis","Johor","2019","10",4,0.0740740740740741
"Macaca fascicularis","Johor","2019","12",2,0.0444444444444444
"Macaca fascicularis","Johor","2019","3",2,0.1
"Macaca fascicularis","Johor","2019","4",2,0.08
"Macaca fascicularis","Johor","2019","7",1,0.0833333333333333
"Macaca fascicularis","Johor","2019","8",1,0.0714285714285714
"Macaca fascicularis","Johor","2020","1",2,0.0512820512820513
"Macaca fascicularis","Johor","2020","10",2,0.0588235294117647
"Macaca fascicularis","Johor","2020","12",1,0.0625
"Macaca fascicularis","Johor","2020","2",3,0.1
"Macaca fascicularis","Johor","2020","7",1,0.0526315789473684
"Macaca fascicularis","Johor","2020","8",1,0.0344827586206897
"Macaca fascicularis","Johor","2020","9",5,0.454545454545455
"Macaca fascicularis","Johor","2021","1",4,0.285714285714286
"Macaca fascicularis","Johor","2021","11",5,0.333333333333333
"Macaca fascicularis","Johor","2021","12",1,0.0625
"Macaca fascicularis","Johor","2021","4",3,0.230769230769231
"Macaca fascicularis","Johor","2021","5",5,0.227272727272727
"Macaca fascicularis","Johor","2022","1",3,0.136363636363636
"Macaca fascicularis","Johor","2022","10",1,0.0227272727272727
"Macaca fascicularis","Johor","2022","11",1,0.0144927536231884
"Macaca fascicularis","Johor","2022","4",4,0.285714285714286
"Macaca fascicularis","Johor","2022","5",2,0.0476190476190476
"Macaca fascicularis","Johor","2022","9",1,0.032258064516129
"Macaca fascicularis","Johor","2023","11",1,0.0303030303030303
"Macaca fascicularis","Johor","2023","3",1,0.0208333333333333
"Macaca fascicularis","Johor","2023","4",11,0.234042553191489
"Macaca fascicularis","Johor","2023","5",4,0.0625
"Macaca fascicularis","Johor","2023","6",2,0.0526315789473684
"Macaca fascicularis","Johor","2023","7",5,0.131578947368421
"Macaca fascicularis","Johor","2023","9",5,0.072463768115942
"Macaca fascicularis","Johor","2024","1",1,0.0416666666666667
"Macaca fascicularis","Johor","2024","10",1,0.0232558139534884
"Macaca fascicularis","Johor","2024","11",1,0.0166666666666667
"Macaca fascicularis","Johor","2024","3",4,0.0579710144927536
"Macaca fascicularis","Johor","2024","4",9,0.1125
"Macaca fascicularis","Johor","2024","5",2,0.0434782608695652
"Macaca fascicularis","Johor","2024","7",1,0.00819672131147541
"Macaca fascicularis","Johor","2024","9",3,0.0638297872340425
"Macaca fascicularis","Johor","2025","10",5,0.454545454545455
"Macaca fascicularis","Johor","2025","11",1,0.2
"Macaca fascicularis","Johor","2025","12",2,0.25
"Macaca fascicularis","Johor","2025","4",2,0.153846153846154
"Macaca fascicularis","Johor","2025","5",20,0.425531914893617
"Macaca fascicularis","Johor","2025","6",4,0.307692307692308
"Macaca fascicularis","Johor","2025","7",6,0.545454545454545
"Macaca fascicularis","Johor","2025","8",2,0.153846153846154
"Macaca fascicularis","Johor","2025","9",4,0.444444444444444
"Macaca fascicularis","Johor","2026","1",1,0.333333333333333
"Macaca fascicularis","Johor","2026","2",8,0.285714285714286
"Macaca fascicularis","Johor","2026","4",23,0.338235294117647
"Macaca fascicularis","Johor","2026","5",3,0.272727272727273
"Macaca fascicularis","Johor","2026","6",4,0.333333333333333
"Macaca fascicularis","Johor","2026","7",1,0.2
"Macaca fascicularis","Johor","2026","8",3,0.3
"Macaca fascicularis","Kedah","2015","1",2,0.25
"Macaca fascicularis","Kedah","2015","4",1,0.111111111111111
"Macaca fascicularis","Kedah","2016","1",1,0.0833333333333333
"Macaca fascicularis","Kedah","2016","3",1,0.333333333333333
"Macaca fascicularis","Kedah","2016","7",3,0.333333333333333
"Macaca fascicularis","Kedah","2016","9",1,1
"Macaca fascicularis","Kedah","2017","11",3,0.2
"Macaca fascicularis","Kedah","2017","12",7,0.25
"Macaca fascicularis","Kedah","2017","9",3,0.230769230769231
"Macaca fascicularis","Kedah","2018","1",1,0.0476190476190476
"Macaca fascicularis","Kedah","2018","2",1,0.142857142857143
"Macaca fascicularis","Kedah","2018","3",2,0.0689655172413793
"Macaca fascicularis","Kedah","2018","8",1,0.0526315789473684
"Macaca fascicularis","Kedah","2019","1",1,0.142857142857143
"Macaca fascicularis","Kedah","2019","12",1,0.0714285714285714
"Macaca fascicularis","Kedah","2019","2",3,0.0833333333333333
"Macaca fascicularis","Kedah","2019","3",2,0.0952380952380952
"Macaca fascicularis","Kedah","2019","4",2,0.2
"Macaca fascicularis","Kedah","2019","6",2,0.153846153846154
"Macaca fascicularis","Kedah","2019","7",1,0.0714285714285714
"Macaca fascicularis","Kedah","2019","8",1,0.0833333333333333
"Macaca fascicularis","Kedah","2020","12",1,0.333333333333333
"Macaca fascicularis","Kedah","2020","2",2,0.0714285714285714
"Macaca fascicularis","Kedah","2020","7",1,0.0588235294117647
"Macaca fascicularis","Kedah","2021","1",1,0.333333333333333
"Macaca fascicularis","Kedah","2021","11",1,0.0384615384615385
"Macaca fascicularis","Kedah","2022","1",3,0.157894736842105
"Macaca fascicularis","Kedah","2022","10",4,0.307692307692308
"Macaca fascicularis","Kedah","2022","11",3,0.272727272727273
"Macaca fascicularis","Kedah","2022","3",1,0.0588235294117647
"Macaca fascicularis","Kedah","2022","7",3,0.0789473684210526
"Macaca fascicularis","Kedah","2022","8",2,0.0714285714285714
"Macaca fascicularis","Kedah","2023","1",4,0.0597014925373134
"Macaca fascicularis","Kedah","2023","11",7,0.145833333333333
"Macaca fascicularis","Kedah","2023","12",3,0.0769230769230769
"Macaca fascicularis","Kedah","2023","2",4,0.037037037037037
"Macaca fascicularis","Kedah","2023","3",1,0.0303030303030303
"Macaca fascicularis","Kedah","2023","4",2,0.105263157894737
"Macaca fascicularis","Kedah","2023","7",1,0.333333333333333
"Macaca fascicularis","Kedah","2023","8",1,0.024390243902439
"Macaca fascicularis","Kedah","2023","9",2,0.285714285714286
"Macaca fascicularis","Kedah","2024","1",1,0.0125
"Macaca fascicularis","Kedah","2024","10",3,0.15
"Macaca fascicularis","Kedah","2024","11",4,0.129032258064516
"Macaca fascicularis","Kedah","2024","12",3,0.0461538461538462
"Macaca fascicularis","Kedah","2024","2",6,0.0967741935483871
"Macaca fascicularis","Kedah","2024","3",2,0.0526315789473684
"Macaca fascicularis","Kedah","2024","5",1,0.0588235294117647
"Macaca fascicularis","Kedah","2024","6",4,0.105263157894737
"Macaca fascicularis","Kedah","2024","7",3,0.0714285714285714
"Macaca fascicularis","Kedah","2024","8",5,0.128205128205128
"Macaca fascicularis","Kedah","2024","9",5,0.238095238095238
"Macaca fascicularis","Kedah","2025","1",5,0.555555555555556
"Macaca fascicularis","Kedah","2025","10",5,0.454545454545455
"Macaca fascicularis","Kedah","2025","11",3,0.5
"Macaca fascicularis","Kedah","2025","12",22,0.709677419354839
"Macaca fascicularis","Kedah","2025","2",4,0.666666666666667
"Macaca fascicularis","Kedah","2025","3",11,0.733333333333333
"Macaca fascicularis","Kedah","2025","4",2,0.285714285714286
"Macaca fascicularis","Kedah","2025","5",2,0.4
"Macaca fascicularis","Kedah","2025","7",11,0.846153846153846
"Macaca fascicularis","Kedah","2025","8",15,0.652173913043478
"Macaca fascicularis","Kedah","2025","9",3,0.428571428571429
"Macaca fascicularis","Kedah","2026","1",9,0.310344827586207
"Macaca fascicularis","Kedah","2026","2",11,0.578947368421053
"Macaca fascicularis","Kedah","2026","3",7,0.636363636363636
"Macaca fascicularis","Kedah","2026","4",3,0.1875
"Macaca fascicularis","Kedah","2026","5",1,0.25
"Macaca fascicularis","Kedah","2026","6",10,0.37037037037037
"Macaca fascicularis","Kedah","2026","7",3,0.5
"Macaca fascicularis","Kedah","2026","8",3,1
"Macaca fascicularis","Kelantan","2023","6",1,0.25
"Macaca fascicularis","Kelantan","2025","11",1,0.333333333333333
"Macaca fascicularis","Kuala Lumpur","2015","10",1,0.5
"Macaca fascicularis","Kuala Lumpur","2015","3",1,0.0909090909090909
"Macaca fascicularis","Kuala Lumpur","2016","10",2,0.222222222222222
"Macaca fascicularis","Kuala Lumpur","2016","11",1,0.166666666666667
"Macaca fascicularis","Kuala Lumpur","2016","2",1,0.1
"Macaca fascicularis","Kuala Lumpur","2017","10",1,0.5
"Macaca fascicularis","Kuala Lumpur","2017","12",1,0.0555555555555556
"Macaca fascicularis","Kuala Lumpur","2017","5",1,0.166666666666667
"Macaca fascicularis","Kuala Lumpur","2017","8",8,0.25
"Macaca fascicularis","Kuala Lumpur","2018","3",1,0.05
"Macaca fascicularis","Kuala Lumpur","2018","4",13,0.302325581395349
"Macaca fascicularis","Kuala Lumpur","2018","8",1,0.0555555555555556
"Macaca fascicularis","Kuala Lumpur","2018","9",3,0.107142857142857
"Macaca fascicularis","Kuala Lumpur","2019","10",3,0.166666666666667
"Macaca fascicularis","Kuala Lumpur","2019","11",2,0.117647058823529
"Macaca fascicularis","Kuala Lumpur","2019","12",1,0.05
"Macaca fascicularis","Kuala Lumpur","2019","2",1,0.04
"Macaca fascicularis","Kuala Lumpur","2019","4",9,0.346153846153846
"Macaca fascicularis","Kuala Lumpur","2019","7",4,0.0434782608695652
"Macaca fascicularis","Kuala Lumpur","2019","8",1,0.0285714285714286
"Macaca fascicularis","Kuala Lumpur","2020","1",1,0.027027027027027
"Macaca fascicularis","Kuala Lumpur","2020","12",2,0.153846153846154
"Macaca fascicularis","Kuala Lumpur","2020","3",2,0.0869565217391304
"Macaca fascicularis","Kuala Lumpur","2020","8",1,0.0333333333333333
"Macaca fascicularis","Kuala Lumpur","2021","1",1,0.0588235294117647
"Macaca fascicularis","Kuala Lumpur","2021","10",1,0.142857142857143
"Macaca fascicularis","Kuala Lumpur","2021","11",1,0.0555555555555556
"Macaca fascicularis","Kuala Lumpur","2021","12",1,0.125
"Macaca fascicularis","Kuala Lumpur","2021","3",2,0.0909090909090909
"Macaca fascicularis","Kuala Lumpur","2021","4",1,0.0526315789473684
"Macaca fascicularis","Kuala Lumpur","2021","5",9,0.272727272727273
"Macaca fascicularis","Kuala Lumpur","2021","7",1,0.0769230769230769
"Macaca fascicularis","Kuala Lumpur","2022","1",1,0.1
"Macaca fascicularis","Kuala Lumpur","2022","10",1,0.0285714285714286
"Macaca fascicularis","Kuala Lumpur","2022","11",1,0.037037037037037
"Macaca fascicularis","Kuala Lumpur","2022","12",2,0.0392156862745098
"Macaca fascicularis","Kuala Lumpur","2022","3",1,0.0909090909090909
"Macaca fascicularis","Kuala Lumpur","2022","4",3,0.136363636363636
"Macaca fascicularis","Kuala Lumpur","2022","5",3,0.166666666666667
"Macaca fascicularis","Kuala Lumpur","2022","6",2,0.133333333333333
"Macaca fascicularis","Kuala Lumpur","2022","7",3,0.136363636363636
"Macaca fascicularis","Kuala Lumpur","2022","8",1,0.03125
"Macaca fascicularis","Kuala Lumpur","2022","9",2,0.0392156862745098
"Macaca fascicularis","Kuala Lumpur","2023","1",3,0.0365853658536585
"Macaca fascicularis","Kuala Lumpur","2023","10",2,0.0384615384615385
"Macaca fascicularis","Kuala Lumpur","2023","11",3,0.0405405405405405
"Macaca fascicularis","Kuala Lumpur","2023","12",9,0.125
"Macaca fascicularis","Kuala Lumpur","2023","2",2,0.0229885057471264
"Macaca fascicularis","Kuala Lumpur","2023","3",3,0.0461538461538462
"Macaca fascicularis","Kuala Lumpur","2023","4",7,0.11864406779661
"Macaca fascicularis","Kuala Lumpur","2023","5",4,0.133333333333333
"Macaca fascicularis","Kuala Lumpur","2023","6",1,0.0147058823529412
"Macaca fascicularis","Kuala Lumpur","2023","7",10,0.117647058823529
"Macaca fascicularis","Kuala Lumpur","2023","8",6,0.0545454545454545
"Macaca fascicularis","Kuala Lumpur","2023","9",3,0.0517241379310345
"Macaca fascicularis","Kuala Lumpur","2024","1",4,0.0615384615384615
"Macaca fascicularis","Kuala Lumpur","2024","10",3,0.0337078651685393
"Macaca fascicularis","Kuala Lumpur","2024","11",3,0.0588235294117647
"Macaca fascicularis","Kuala Lumpur","2024","12",9,0.1
"Macaca fascicularis","Kuala Lumpur","2024","2",1,0.0158730158730159
"Macaca fascicularis","Kuala Lumpur","2024","3",8,0.0909090909090909
"Macaca fascicularis","Kuala Lumpur","2024","4",1,0.0161290322580645
"Macaca fascicularis","Kuala Lumpur","2024","5",2,0.0294117647058824
"Macaca fascicularis","Kuala Lumpur","2024","6",4,0.0869565217391304
"Macaca fascicularis","Kuala Lumpur","2024","7",5,0.0505050505050505
"Macaca fascicularis","Kuala Lumpur","2024","8",8,0.0898876404494382
"Macaca fascicularis","Kuala Lumpur","2024","9",4,0.0625
"Macaca fascicularis","Kuala Lumpur","2025","1",3,0.3
"Macaca fascicularis","Kuala Lumpur","2025","10",10,0.303030303030303
"Macaca fascicularis","Kuala Lumpur","2025","11",2,0.0625
"Macaca fascicularis","Kuala Lumpur","2025","12",15,0.441176470588235
"Macaca fascicularis","Kuala Lumpur","2025","2",6,0.461538461538462
"Macaca fascicularis","Kuala Lumpur","2025","3",2,0.222222222222222
"Macaca fascicularis","Kuala Lumpur","2025","4",19,0.59375
"Macaca fascicularis","Kuala Lumpur","2025","5",1,0.0833333333333333
"Macaca fascicularis","Kuala Lumpur","2025","6",2,0.181818181818182
"Macaca fascicularis","Kuala Lumpur","2025","7",6,0.181818181818182
"Macaca fascicularis","Kuala Lumpur","2025","8",3,0.1875
"Macaca fascicularis","Kuala Lumpur","2025","9",4,0.210526315789474
"Macaca fascicularis","Kuala Lumpur","2026","1",17,0.361702127659574
"Macaca fascicularis","Kuala Lumpur","2026","2",26,0.565217391304348
"Macaca fascicularis","Kuala Lumpur","2026","3",6,0.230769230769231
"Macaca fascicularis","Kuala Lumpur","2026","4",10,0.277777777777778
"Macaca fascicularis","Kuala Lumpur","2026","5",7,0.189189189189189
"Macaca fascicularis","Kuala Lumpur","2026","6",6,0.181818181818182
"Macaca fascicularis","Kuala Lumpur","2026","7",9,0.219512195121951
"Macaca fascicularis","Kuala Lumpur","2026","8",4,0.444444444444444
"Macaca fascicularis","Labuan","2025","6",1,0.333333333333333
"Macaca fascicularis","Melaka","2017","12",1,0.25
"Macaca fascicularis","Melaka","2019","7",1,0.142857142857143
"Macaca fascicularis","Melaka","2021","11",4,0.25
"Macaca fascicularis","Melaka","2024","7",2,0.0555555555555556
"Macaca fascicularis","Melaka","2024","8",2,0.0869565217391304
"Macaca fascicularis","Melaka","2025","6",1,0.333333333333333
"Macaca fascicularis","Melaka","2025","9",1,0.25
"Macaca fascicularis","Melaka","2026","2",1,0.0833333333333333
"Macaca fascicularis","Melaka","2026","4",2,0.4
"Macaca fascicularis","Melaka","2026","7",1,1
"Macaca fascicularis","Negeri Sembilan","2017","8",1,0.333333333333333
"Macaca fascicularis","Negeri Sembilan","2018","11",1,0.0714285714285714
"Macaca fascicularis","Negeri Sembilan","2018","12",2,0.142857142857143
"Macaca fascicularis","Negeri Sembilan","2018","3",3,0.136363636363636
"Macaca fascicularis","Negeri Sembilan","2018","4",1,0.5
"Macaca fascicularis","Negeri Sembilan","2018","9",1,0.25
"Macaca fascicularis","Negeri Sembilan","2019","1",2,0.111111111111111
"Macaca fascicularis","Negeri Sembilan","2019","10",1,0.166666666666667
"Macaca fascicularis","Negeri Sembilan","2019","11",1,0.125
"Macaca fascicularis","Negeri Sembilan","2019","2",1,0.0833333333333333
"Macaca fascicularis","Negeri Sembilan","2019","3",3,0.15
"Macaca fascicularis","Negeri Sembilan","2019","6",1,0.2
"Macaca fascicularis","Negeri Sembilan","2019","7",1,0.04
"Macaca fascicularis","Negeri Sembilan","2019","8",2,0.142857142857143
"Macaca fascicularis","Negeri Sembilan","2020","1",2,0.333333333333333
"Macaca fascicularis","Negeri Sembilan","2020","10",1,0.04
"Macaca fascicularis","Negeri Sembilan","2020","2",1,0.125
"Macaca fascicularis","Negeri Sembilan","2020","3",2,0.142857142857143
"Macaca fascicularis","Negeri Sembilan","2021","1",4,0.25
"Macaca fascicularis","Negeri Sembilan","2021","10",2,0.0188679245283019
"Macaca fascicularis","Negeri Sembilan","2021","11",2,0.0172413793103448
"Macaca fascicularis","Negeri Sembilan","2021","3",4,0.19047619047619
"Macaca fascicularis","Negeri Sembilan","2021","6",1,0.0087719298245614
"Macaca fascicularis","Negeri Sembilan","2021","7",1,0.00684931506849315
"Macaca fascicularis","Negeri Sembilan","2021","8",1,0.008
"Macaca fascicularis","Negeri Sembilan","2022","1",1,0.0099009900990099
"Macaca fascicularis","Negeri Sembilan","2022","9",1,0.0222222222222222
"Macaca fascicularis","Negeri Sembilan","2023","3",1,0.0188679245283019
"Macaca fascicularis","Negeri Sembilan","2023","4",2,0.032258064516129
"Macaca fascicularis","Negeri Sembilan","2023","8",1,0.0196078431372549
"Macaca fascicularis","Negeri Sembilan","2024","10",1,0.0196078431372549
"Macaca fascicularis","Negeri Sembilan","2024","2",2,0.166666666666667
"Macaca fascicularis","Negeri Sembilan","2025","1",1,0.333333333333333
"Macaca fascicularis","Negeri Sembilan","2025","3",3,0.5
"Macaca fascicularis","Negeri Sembilan","2025","7",1,1
"Macaca fascicularis","Negeri Sembilan","2026","1",1,0.5
"Macaca fascicularis","Negeri Sembilan","2026","2",1,0.5
"Macaca fascicularis","Negeri Sembilan","2026","3",4,1
"Macaca fascicularis","Negeri Sembilan","2026","4",1,0.25
"Macaca fascicularis","Negeri Sembilan","2026","5",1,0.25
"Macaca fascicularis","Pahang","2015","10",2,0.5
"Macaca fascicularis","Pahang","2015","11",1,0.142857142857143
"Macaca fascicularis","Pahang","2015","2",4,0.153846153846154
"Macaca fascicularis","Pahang","2015","3",2,0.117647058823529
"Macaca fascicularis","Pahang","2015","7",2,0.285714285714286
"Macaca fascicularis","Pahang","2015","8",1,0.111111111111111
"Macaca fascicularis","Pahang","2016","1",2,0.222222222222222
"Macaca fascicularis","Pahang","2016","11",3,0.5
"Macaca fascicularis","Pahang","2016","2",2,0.285714285714286
"Macaca fascicularis","Pahang","2016","4",2,0.333333333333333
"Macaca fascicularis","Pahang","2016","5",3,0.230769230769231
"Macaca fascicularis","Pahang","2016","6",8,0.615384615384615
"Macaca fascicularis","Pahang","2016","7",3,0.2
"Macaca fascicularis","Pahang","2016","8",5,0.208333333333333
"Macaca fascicularis","Pahang","2017","1",3,0.75
"Macaca fascicularis","Pahang","2017","10",1,0.166666666666667
"Macaca fascicularis","Pahang","2017","12",1,0.166666666666667
"Macaca fascicularis","Pahang","2017","4",1,0.0357142857142857
"Macaca fascicularis","Pahang","2017","6",1,0.0555555555555556
"Macaca fascicularis","Pahang","2017","7",2,0.117647058823529
"Macaca fascicularis","Pahang","2018","3",4,0.148148148148148
"Macaca fascicularis","Pahang","2018","4",3,0.176470588235294
"Macaca fascicularis","Pahang","2018","5",1,0.0588235294117647
"Macaca fascicularis","Pahang","2018","6",2,0.105263157894737
"Macaca fascicularis","Pahang","2018","7",1,0.0434782608695652
"Macaca fascicularis","Pahang","2018","8",1,0.125
"Macaca fascicularis","Pahang","2019","1",1,0.1
"Macaca fascicularis","Pahang","2019","10",1,0.0833333333333333
"Macaca fascicularis","Pahang","2019","12",1,0.111111111111111
"Macaca fascicularis","Pahang","2019","2",1,0.0454545454545455
"Macaca fascicularis","Pahang","2019","4",3,0.111111111111111
"Macaca fascicularis","Pahang","2019","6",5,0.15625
"Macaca fascicularis","Pahang","2019","7",8,0.173913043478261
"Macaca fascicularis","Pahang","2019","8",6,0.171428571428571
"Macaca fascicularis","Pahang","2020","12",1,0.333333333333333
"Macaca fascicularis","Pahang","2020","2",1,0.0555555555555556
"Macaca fascicularis","Pahang","2020","3",1,0.0416666666666667
"Macaca fascicularis","Pahang","2020","8",1,0.166666666666667
"Macaca fascicularis","Pahang","2021","11",1,0.25
"Macaca fascicularis","Pahang","2021","12",2,0.4
"Macaca fascicularis","Pahang","2022","1",1,0.0769230769230769
"Macaca fascicularis","Pahang","2022","6",2,0.181818181818182
"Macaca fascicularis","Pahang","2022","7",1,0.010752688172043
"Macaca fascicularis","Pahang","2022","8",2,0.105263157894737
"Macaca fascicularis","Pahang","2022","9",1,0.0588235294117647
"Macaca fascicularis","Pahang","2023","1",2,0.0909090909090909
"Macaca fascicularis","Pahang","2023","10",2,0.2
"Macaca fascicularis","Pahang","2023","11",1,0.0625
"Macaca fascicularis","Pahang","2023","3",1,0.04
"Macaca fascicularis","Pahang","2023","6",4,0.0888888888888889
"Macaca fascicularis","Pahang","2023","7",2,0.0769230769230769
"Macaca fascicularis","Pahang","2023","8",3,0.0789473684210526
"Macaca fascicularis","Pahang","2023","9",4,0.2
"Macaca fascicularis","Pahang","2024","1",3,0.142857142857143
"Macaca fascicularis","Pahang","2024","10",6,0.214285714285714
"Macaca fascicularis","Pahang","2024","12",5,0.217391304347826
"Macaca fascicularis","Pahang","2024","2",3,0.230769230769231
"Macaca fascicularis","Pahang","2024","3",2,0.0434782608695652
"Macaca fascicularis","Pahang","2024","6",5,0.131578947368421
"Macaca fascicularis","Pahang","2024","7",13,0.295454545454545
"Macaca fascicularis","Pahang","2024","8",3,0.115384615384615
"Macaca fascicularis","Pahang","2024","9",1,0.0555555555555556
"Macaca fascicularis","Pahang","2025","10",7,0.466666666666667
"Macaca fascicularis","Pahang","2025","11",3,0.375
"Macaca fascicularis","Pahang","2025","12",3,1
"Macaca fascicularis","Pahang","2025","2",2,0.333333333333333
"Macaca fascicularis","Pahang","2025","3",2,0.222222222222222
"Macaca fascicularis","Pahang","2025","4",2,0.285714285714286
"Macaca fascicularis","Pahang","2025","5",7,0.875
"Macaca fascicularis","Pahang","2025","6",10,0.909090909090909
"Macaca fascicularis","Pahang","2025","7",4,0.666666666666667
"Macaca fascicularis","Pahang","2025","8",8,0.8
"Macaca fascicularis","Pahang","2025","9",2,0.285714285714286
"Macaca fascicularis","Pahang","2026","1",2,0.666666666666667
"Macaca fascicularis","Pahang","2026","2",7,0.777777777777778
"Macaca fascicularis","Pahang","2026","3",5,0.714285714285714
"Macaca fascicularis","Pahang","2026","4",26,0.481481481481481
"Macaca fascicularis","Pahang","2026","5",8,0.347826086956522
"Macaca fascicularis","Pahang","2026","6",4,0.571428571428571
"Macaca fascicularis","Pahang","2026","7",7,0.7
"Macaca fascicularis","Pahang","2026","8",3,0.75
"Macaca fascicularis","Perak","2015","12",1,0.166666666666667
"Macaca fascicularis","Perak","2015","4",1,0.25
"Macaca fascicularis","Perak","2015","7",2,0.5
"Macaca fascicularis","Perak","2016","1",1,0.125
"Macaca fascicularis","Perak","2016","3",3,0.75
"Macaca fascicularis","Perak","2016","6",1,0.166666666666667
"Macaca fascicularis","Perak","2017","1",1,0.111111111111111
"Macaca fascicularis","Perak","2017","12",1,0.111111111111111
"Macaca fascicularis","Perak","2017","4",1,0.142857142857143
"Macaca fascicularis","Perak","2017","5",1,0.333333333333333
"Macaca fascicularis","Perak","2018","8",2,0.166666666666667
"Macaca fascicularis","Perak","2019","10",1,0.125
"Macaca fascicularis","Perak","2019","12",2,0.0833333333333333
"Macaca fascicularis","Perak","2019","6",1,0.111111111111111
"Macaca fascicularis","Perak","2020","8",2,0.153846153846154
"Macaca fascicularis","Perak","2021","1",1,0.0294117647058824
"Macaca fascicularis","Perak","2021","11",1,0.0909090909090909
"Macaca fascicularis","Perak","2021","12",2,0.105263157894737
"Macaca fascicularis","Perak","2021","3",1,0.0769230769230769
"Macaca fascicularis","Perak","2023","1",1,0.0285714285714286
"Macaca fascicularis","Perak","2023","2",1,0.142857142857143
"Macaca fascicularis","Perak","2023","4",1,0.0588235294117647
"Macaca fascicularis","Perak","2023","5",2,0.0714285714285714
"Macaca fascicularis","Perak","2023","6",1,0.0666666666666667
"Macaca fascicularis","Perak","2023","7",3,0.103448275862069
"Macaca fascicularis","Perak","2024","1",8,0.148148148148148
"Macaca fascicularis","Perak","2024","10",2,0.0625
"Macaca fascicularis","Perak","2024","11",4,0.153846153846154
"Macaca fascicularis","Perak","2024","12",4,0.0634920634920635
"Macaca fascicularis","Perak","2024","2",5,0.0819672131147541
"Macaca fascicularis","Perak","2024","3",2,0.125
"Macaca fascicularis","Perak","2024","5",2,0.105263157894737
"Macaca fascicularis","Perak","2024","6",1,0.0384615384615385
"Macaca fascicularis","Perak","2024","7",2,0.08
"Macaca fascicularis","Perak","2024","9",3,0.176470588235294
"Macaca fascicularis","Perak","2025","10",1,0.1
"Macaca fascicularis","Perak","2025","12",14,0.823529411764706
"Macaca fascicularis","Perak","2025","3",1,0.111111111111111
"Macaca fascicularis","Perak","2025","4",2,0.4
"Macaca fascicularis","Perak","2025","6",4,0.363636363636364
"Macaca fascicularis","Perak","2025","7",3,0.333333333333333
"Macaca fascicularis","Perak","2025","8",9,0.346153846153846
"Macaca fascicularis","Perak","2025","9",5,0.357142857142857
"Macaca fascicularis","Perak","2026","1",1,0.5
"Macaca fascicularis","Perak","2026","2",3,0.333333333333333
"Macaca fascicularis","Perak","2026","3",2,0.666666666666667
"Macaca fascicularis","Perak","2026","4",6,0.352941176470588
"Macaca fascicularis","Perak","2026","5",2,0.181818181818182
"Macaca fascicularis","Perak","2026","6",4,0.444444444444444
"Macaca fascicularis","Perak","2026","7",2,0.285714285714286
"Macaca fascicularis","Perak","2026","8",1,1
"Macaca fascicularis","Perlis","2024","10",1,0.125
"Macaca fascicularis","Perlis","2025","8",1,1
"Macaca fascicularis","Perlis","2026","1",1,1
"Macaca fascicularis","Pulau Pinang","2015","10",1,0.0909090909090909
"Macaca fascicularis","Pulau Pinang","2015","12",1,0.0256410256410256
"Macaca fascicularis","Pulau Pinang","2015","3",2,0.0740740740740741
"Macaca fascicularis","Pulau Pinang","2016","10",1,0.0588235294117647
"Macaca fascicularis","Pulau Pinang","2016","2",1,0.04
"Macaca fascicularis","Pulau Pinang","2016","3",1,0.0476190476190476
"Macaca fascicularis","Pulau Pinang","2016","5",1,0.1
"Macaca fascicularis","Pulau Pinang","2016","9",3,0.214285714285714
"Macaca fascicularis","Pulau Pinang","2017","10",3,0.0625
"Macaca fascicularis","Pulau Pinang","2017","3",1,0.0476190476190476
"Macaca fascicularis","Pulau Pinang","2017","7",4,0.0784313725490196
"Macaca fascicularis","Pulau Pinang","2017","9",1,0.0196078431372549
"Macaca fascicularis","Pulau Pinang","2018","10",3,0.1
"Macaca fascicularis","Pulau Pinang","2018","11",1,0.0232558139534884
"Macaca fascicularis","Pulau Pinang","2018","2",1,0.0344827586206897
"Macaca fascicularis","Pulau Pinang","2018","3",6,0.111111111111111
"Macaca fascicularis","Pulau Pinang","2018","7",1,0.0208333333333333
"Macaca fascicularis","Pulau Pinang","2018","8",5,0.119047619047619
"Macaca fascicularis","Pulau Pinang","2019","1",2,0.0350877192982456
"Macaca fascicularis","Pulau Pinang","2019","11",3,0.03125
"Macaca fascicularis","Pulau Pinang","2019","12",4,0.0547945205479452
"Macaca fascicularis","Pulau Pinang","2019","2",134,0.611872146118721
"Macaca fascicularis","Pulau Pinang","2019","3",3,0.0857142857142857
"Macaca fascicularis","Pulau Pinang","2019","4",36,0.165137614678899
"Macaca fascicularis","Pulau Pinang","2019","5",6,0.125
"Macaca fascicularis","Pulau Pinang","2019","6",4,0.166666666666667
"Macaca fascicularis","Pulau Pinang","2019","7",1,0.025
"Macaca fascicularis","Pulau Pinang","2019","8",4,0.0606060606060606
"Macaca fascicularis","Pulau Pinang","2019","9",5,0.0490196078431373
"Macaca fascicularis","Pulau Pinang","2020","1",8,0.0975609756097561
"Macaca fascicularis","Pulau Pinang","2020","2",1,0.0104166666666667
"Macaca fascicularis","Pulau Pinang","2020","3",1,0.00735294117647059
"Macaca fascicularis","Pulau Pinang","2020","7",1,0.0178571428571429
"Macaca fascicularis","Pulau Pinang","2021","10",1,0.0126582278481013
"Macaca fascicularis","Pulau Pinang","2021","11",2,0.1
"Macaca fascicularis","Pulau Pinang","2021","12",2,0.0208333333333333
"Macaca fascicularis","Pulau Pinang","2021","3",2,0.013986013986014
"Macaca fascicularis","Pulau Pinang","2021","4",3,0.0352941176470588
"Macaca fascicularis","Pulau Pinang","2021","5",1,0.0126582278481013
"Macaca fascicularis","Pulau Pinang","2021","8",3,0.136363636363636
"Macaca fascicularis","Pulau Pinang","2022","1",5,0.0714285714285714
"Macaca fascicularis","Pulau Pinang","2022","11",4,0.0634920634920635
"Macaca fascicularis","Pulau Pinang","2022","12",3,0.027027027027027
"Macaca fascicularis","Pulau Pinang","2022","2",1,0.0294117647058824
"Macaca fascicularis","Pulau Pinang","2022","4",2,0.0555555555555556
"Macaca fascicularis","Pulau Pinang","2022","7",7,0.259259259259259
"Macaca fascicularis","Pulau Pinang","2022","8",4,0.04
"Macaca fascicularis","Pulau Pinang","2023","10",5,0.0757575757575758
"Macaca fascicularis","Pulau Pinang","2023","12",7,0.0588235294117647
"Macaca fascicularis","Pulau Pinang","2023","2",5,0.0543478260869565
"Macaca fascicularis","Pulau Pinang","2023","3",4,0.036036036036036
"Macaca fascicularis","Pulau Pinang","2023","4",2,0.0434782608695652
"Macaca fascicularis","Pulau Pinang","2023","5",4,0.114285714285714
"Macaca fascicularis","Pulau Pinang","2023","6",4,0.0727272727272727
"Macaca fascicularis","Pulau Pinang","2023","7",8,0.111111111111111
"Macaca fascicularis","Pulau Pinang","2023","8",6,0.0394736842105263
"Macaca fascicularis","Pulau Pinang","2024","1",7,0.0630630630630631
"Macaca fascicularis","Pulau Pinang","2024","10",10,0.10989010989011
"Macaca fascicularis","Pulau Pinang","2024","11",2,0.0338983050847458
"Macaca fascicularis","Pulau Pinang","2024","12",7,0.0463576158940397
"Macaca fascicularis","Pulau Pinang","2024","2",2,0.0178571428571429
"Macaca fascicularis","Pulau Pinang","2024","3",5,0.0694444444444444
"Macaca fascicularis","Pulau Pinang","2024","4",3,0.038961038961039
"Macaca fascicularis","Pulau Pinang","2024","5",6,0.0967741935483871
"Macaca fascicularis","Pulau Pinang","2024","6",8,0.195121951219512
"Macaca fascicularis","Pulau Pinang","2024","7",7,0.0843373493975904
"Macaca fascicularis","Pulau Pinang","2024","8",8,0.0963855421686747
"Macaca fascicularis","Pulau Pinang","2024","9",3,0.075
"Macaca fascicularis","Pulau Pinang","2025","1",3,0.115384615384615
"Macaca fascicularis","Pulau Pinang","2025","10",6,0.375
"Macaca fascicularis","Pulau Pinang","2025","11",4,0.148148148148148
"Macaca fascicularis","Pulau Pinang","2025","12",14,0.325581395348837
"Macaca fascicularis","Pulau Pinang","2025","2",5,0.5
"Macaca fascicularis","Pulau Pinang","2025","3",10,0.476190476190476
"Macaca fascicularis","Pulau Pinang","2025","4",6,0.352941176470588
"Macaca fascicularis","Pulau Pinang","2025","5",4,0.363636363636364
"Macaca fascicularis","Pulau Pinang","2025","6",9,0.409090909090909
"Macaca fascicularis","Pulau Pinang","2025","7",9,0.346153846153846
"Macaca fascicularis","Pulau Pinang","2025","8",14,0.378378378378378
"Macaca fascicularis","Pulau Pinang","2025","9",9,0.428571428571429
"Macaca fascicularis","Pulau Pinang","2026","1",10,0.294117647058824
"Macaca fascicularis","Pulau Pinang","2026","2",7,0.291666666666667
"Macaca fascicularis","Pulau Pinang","2026","3",8,0.258064516129032
"Macaca fascicularis","Pulau Pinang","2026","4",7,0.5
"Macaca fascicularis","Pulau Pinang","2026","5",9,0.473684210526316
"Macaca fascicularis","Pulau Pinang","2026","6",12,0.387096774193548
"Macaca fascicularis","Pulau Pinang","2026","7",1,0.05
"Macaca fascicularis","Pulau Pinang","2026","8",2,0.25
"Macaca fascicularis","Putrajaya","2022","7",1,0.1
"Macaca fascicularis","Putrajaya","2023","10",2,0.2
"Macaca fascicularis","Putrajaya","2023","9",1,0.166666666666667
"Macaca fascicularis","Putrajaya","2024","8",1,0.0909090909090909
"Macaca fascicularis","Sabah","2015","11",1,0.5
"Macaca fascicularis","Sabah","2015","2",2,0.333333333333333
"Macaca fascicularis","Sabah","2015","3",6,0.352941176470588
"Macaca fascicularis","Sabah","2015","4",2,0.25
"Macaca fascicularis","Sabah","2015","7",3,0.272727272727273
"Macaca fascicularis","Sabah","2015","8",4,0.5
"Macaca fascicularis","Sabah","2015","9",2,0.4
"Macaca fascicularis","Sabah","2016","1",4,0.5
"Macaca fascicularis","Sabah","2016","10",3,0.333333333333333
"Macaca fascicularis","Sabah","2016","11",4,0.363636363636364
"Macaca fascicularis","Sabah","2016","12",6,0.545454545454545
"Macaca fascicularis","Sabah","2016","3",2,0.133333333333333
"Macaca fascicularis","Sabah","2016","4",13,0.40625
"Macaca fascicularis","Sabah","2016","5",1,0.125
"Macaca fascicularis","Sabah","2016","6",8,0.333333333333333
"Macaca fascicularis","Sabah","2016","8",6,0.25
"Macaca fascicularis","Sabah","2016","9",2,0.4
"Macaca fascicularis","Sabah","2017","10",2,0.333333333333333
"Macaca fascicularis","Sabah","2017","11",5,0.5
"Macaca fascicularis","Sabah","2017","12",2,0.5
"Macaca fascicularis","Sabah","2017","2",8,0.533333333333333
"Macaca fascicularis","Sabah","2017","4",6,0.24
"Macaca fascicularis","Sabah","2017","6",2,0.142857142857143
"Macaca fascicularis","Sabah","2017","7",5,0.25
"Macaca fascicularis","Sabah","2017","8",9,0.6
"Macaca fascicularis","Sabah","2017","9",3,0.428571428571429
"Macaca fascicularis","Sabah","2018","1",2,0.25
"Macaca fascicularis","Sabah","2018","11",7,0.538461538461538
"Macaca fascicularis","Sabah","2018","12",18,0.529411764705882
"Macaca fascicularis","Sabah","2018","2",7,0.368421052631579
"Macaca fascicularis","Sabah","2018","3",8,0.275862068965517
"Macaca fascicularis","Sabah","2018","4",7,0.35
"Macaca fascicularis","Sabah","2018","5",41,0.630769230769231
"Macaca fascicularis","Sabah","2018","6",9,0.428571428571429
"Macaca fascicularis","Sabah","2018","7",22,0.448979591836735
"Macaca fascicularis","Sabah","2018","8",10,0.232558139534884
"Macaca fascicularis","Sabah","2018","9",3,0.230769230769231
"Macaca fascicularis","Sabah","2019","1",2,0.181818181818182
"Macaca fascicularis","Sabah","2019","10",41,0.440860215053763
"Macaca fascicularis","Sabah","2019","11",4,0.363636363636364
"Macaca fascicularis","Sabah","2019","12",7,0.5
"Macaca fascicularis","Sabah","2019","2",14,0.56
"Macaca fascicularis","Sabah","2019","3",2,0.166666666666667
"Macaca fascicularis","Sabah","2019","4",3,0.2
"Macaca fascicularis","Sabah","2019","5",11,0.323529411764706
"Macaca fascicularis","Sabah","2019","7",8,0.25
"Macaca fascicularis","Sabah","2019","8",8,0.470588235294118
"Macaca fascicularis","Sabah","2019","9",17,0.5
"Macaca fascicularis","Sabah","2020","1",8,0.571428571428571
"Macaca fascicularis","Sabah","2020","11",1,0.25
"Macaca fascicularis","Sabah","2020","2",4,0.222222222222222
"Macaca fascicularis","Sabah","2020","3",5,0.454545454545455
"Macaca fascicularis","Sabah","2020","4",1,0.333333333333333
"Macaca fascicularis","Sabah","2020","6",3,0.75
"Macaca fascicularis","Sabah","2020","8",1,0.5
"Macaca fascicularis","Sabah","2020","9",1,0.25
"Macaca fascicularis","Sabah","2022","10",6,0.153846153846154
"Macaca fascicularis","Sabah","2022","11",1,0.1
"Macaca fascicularis","Sabah","2022","12",2,0.142857142857143
"Macaca fascicularis","Sabah","2022","5",6,0.375
"Macaca fascicularis","Sabah","2022","6",2,0.166666666666667
"Macaca fascicularis","Sabah","2022","7",4,0.125
"Macaca fascicularis","Sabah","2022","8",17,0.377777777777778
"Macaca fascicularis","Sabah","2022","9",17,0.265625
"Macaca fascicularis","Sabah","2023","1",15,0.5
"Macaca fascicularis","Sabah","2023","10",19,0.365384615384615
"Macaca fascicularis","Sabah","2023","11",3,0.176470588235294
"Macaca fascicularis","Sabah","2023","12",6,0.333333333333333
"Macaca fascicularis","Sabah","2023","2",5,0.3125
"Macaca fascicularis","Sabah","2023","3",34,0.430379746835443
"Macaca fascicularis","Sabah","2023","4",7,0.127272727272727
"Macaca fascicularis","Sabah","2023","5",20,0.307692307692308
"Macaca fascicularis","Sabah","2023","6",8,0.137931034482759
"Macaca fascicularis","Sabah","2023","7",28,0.388888888888889
"Macaca fascicularis","Sabah","2023","8",41,0.471264367816092
"Macaca fascicularis","Sabah","2023","9",15,0.294117647058824
"Macaca fascicularis","Sabah","2024","1",3,0.142857142857143
"Macaca fascicularis","Sabah","2024","10",14,0.138613861386139
"Macaca fascicularis","Sabah","2024","11",15,0.340909090909091
"Macaca fascicularis","Sabah","2024","12",12,0.352941176470588
"Macaca fascicularis","Sabah","2024","2",13,0.302325581395349
"Macaca fascicularis","Sabah","2024","3",17,0.333333333333333
"Macaca fascicularis","Sabah","2024","4",6,0.1875
"Macaca fascicularis","Sabah","2024","5",38,0.527777777777778
"Macaca fascicularis","Sabah","2024","6",8,0.114285714285714
"Macaca fascicularis","Sabah","2024","7",67,0.424050632911392
"Macaca fascicularis","Sabah","2024","8",22,0.189655172413793
"Macaca fascicularis","Sabah","2024","9",17,0.257575757575758
"Macaca fascicularis","Sabah","2025","1",13,0.361111111111111
"Macaca fascicularis","Sabah","2025","10",31,0.553571428571429
"Macaca fascicularis","Sabah","2025","11",40,0.563380281690141
"Macaca fascicularis","Sabah","2025","12",7,0.21875
"Macaca fascicularis","Sabah","2025","2",20,0.408163265306122
"Macaca fascicularis","Sabah","2025","3",24,0.470588235294118
"Macaca fascicularis","Sabah","2025","4",23,0.46
"Macaca fascicularis","Sabah","2025","5",37,0.536231884057971
"Macaca fascicularis","Sabah","2025","6",29,0.381578947368421
"Macaca fascicularis","Sabah","2025","7",50,0.476190476190476
"Macaca fascicularis","Sabah","2025","8",21,0.375
"Macaca fascicularis","Sabah","2025","9",28,0.466666666666667
"Macaca fascicularis","Sabah","2026","1",9,0.428571428571429
"Macaca fascicularis","Sabah","2026","2",41,0.611940298507463
"Macaca fascicularis","Sabah","2026","3",17,0.346938775510204
"Macaca fascicularis","Sabah","2026","4",27,0.46551724137931
"Macaca fascicularis","Sabah","2026","5",25,0.390625
"Macaca fascicularis","Sabah","2026","6",21,0.411764705882353
"Macaca fascicularis","Sabah","2026","7",10,0.294117647058824
"Macaca fascicularis","Sarawak","2015","11",3,0.75
"Macaca fascicularis","Sarawak","2015","2",1,0.333333333333333
"Macaca fascicularis","Sarawak","2015","6",3,0.375
"Macaca fascicularis","Sarawak","2015","7",1,0.5
"Macaca fascicularis","Sarawak","2016","1",1,0.2
"Macaca fascicularis","Sarawak","2016","3",1,1
"Macaca fascicularis","Sarawak","2016","4",2,0.2
"Macaca fascicularis","Sarawak","2016","7",1,0.5
"Macaca fascicularis","Sarawak","2016","8",1,0.166666666666667
"Macaca fascicularis","Sarawak","2017","1",4,0.571428571428571
"Macaca fascicularis","Sarawak","2017","10",2,0.285714285714286
"Macaca fascicularis","Sarawak","2017","11",3,0.75
"Macaca fascicularis","Sarawak","2017","12",1,0.166666666666667
"Macaca fascicularis","Sarawak","2017","2",2,0.5
"Macaca fascicularis","Sarawak","2017","3",1,0.166666666666667
"Macaca fascicularis","Sarawak","2017","5",1,0.1
"Macaca fascicularis","Sarawak","2017","6",2,0.181818181818182
"Macaca fascicularis","Sarawak","2017","7",5,0.833333333333333
"Macaca fascicularis","Sarawak","2017","8",3,0.272727272727273
"Macaca fascicularis","Sarawak","2017","9",1,0.333333333333333
"Macaca fascicularis","Sarawak","2018","10",2,0.5
"Macaca fascicularis","Sarawak","2018","2",3,0.375
"Macaca fascicularis","Sarawak","2018","5",2,0.125
"Macaca fascicularis","Sarawak","2018","6",3,0.333333333333333
"Macaca fascicularis","Sarawak","2018","7",2,0.117647058823529
"Macaca fascicularis","Sarawak","2018","8",2,0.2
"Macaca fascicularis","Sarawak","2018","9",3,0.6
"Macaca fascicularis","Sarawak","2019","10",3,0.214285714285714
"Macaca fascicularis","Sarawak","2019","11",3,0.6
"Macaca fascicularis","Sarawak","2019","12",1,0.25
"Macaca fascicularis","Sarawak","2019","2",1,0.2
"Macaca fascicularis","Sarawak","2019","3",3,0.272727272727273
"Macaca fascicularis","Sarawak","2019","7",1,0.0625
"Macaca fascicularis","Sarawak","2019","8",3,0.375
"Macaca fascicularis","Sarawak","2020","2",2,0.666666666666667
"Macaca fascicularis","Sarawak","2020","3",1,0.5
"Macaca fascicularis","Sarawak","2021","10",2,0.2
"Macaca fascicularis","Sarawak","2021","11",1,0.142857142857143
"Macaca fascicularis","Sarawak","2022","11",2,0.5
"Macaca fascicularis","Sarawak","2022","3",1,0.166666666666667
"Macaca fascicularis","Sarawak","2022","4",1,0.1
"Macaca fascicularis","Sarawak","2022","5",3,0.5
"Macaca fascicularis","Sarawak","2022","6",2,0.222222222222222
"Macaca fascicularis","Sarawak","2022","7",1,0.111111111111111
"Macaca fascicularis","Sarawak","2022","9",3,0.176470588235294
"Macaca fascicularis","Sarawak","2023","10",2,0.25
"Macaca fascicularis","Sarawak","2023","12",2,0.333333333333333
"Macaca fascicularis","Sarawak","2023","2",2,0.25
"Macaca fascicularis","Sarawak","2023","3",4,0.2
"Macaca fascicularis","Sarawak","2023","4",6,0.428571428571429
"Macaca fascicularis","Sarawak","2023","5",4,0.25
"Macaca fascicularis","Sarawak","2023","7",2,0.133333333333333
"Macaca fascicularis","Sarawak","2023","8",4,0.181818181818182
"Macaca fascicularis","Sarawak","2024","1",1,0.05
"Macaca fascicularis","Sarawak","2024","10",2,0.0645161290322581
"Macaca fascicularis","Sarawak","2024","11",3,0.166666666666667
"Macaca fascicularis","Sarawak","2024","12",4,0.333333333333333
"Macaca fascicularis","Sarawak","2024","2",2,0.111111111111111
"Macaca fascicularis","Sarawak","2024","3",1,0.0454545454545455
"Macaca fascicularis","Sarawak","2024","4",4,0.16
"Macaca fascicularis","Sarawak","2024","5",1,0.0588235294117647
"Macaca fascicularis","Sarawak","2024","6",4,0.166666666666667
"Macaca fascicularis","Sarawak","2024","7",10,0.238095238095238
"Macaca fascicularis","Sarawak","2024","8",48,0.266666666666667
"Macaca fascicularis","Sarawak","2024","9",3,0.103448275862069
"Macaca fascicularis","Sarawak","2025","1",10,0.526315789473684
"Macaca fascicularis","Sarawak","2025","10",6,0.5
"Macaca fascicularis","Sarawak","2025","11",2,0.222222222222222
"Macaca fascicularis","Sarawak","2025","12",2,0.222222222222222
"Macaca fascicularis","Sarawak","2025","2",6,0.6
"Macaca fascicularis","Sarawak","2025","3",6,0.333333333333333
"Macaca fascicularis","Sarawak","2025","4",10,0.588235294117647
"Macaca fascicularis","Sarawak","2025","5",3,0.230769230769231
"Macaca fascicularis","Sarawak","2025","6",5,0.625
"Macaca fascicularis","Sarawak","2025","7",11,0.578947368421053
"Macaca fascicularis","Sarawak","2025","8",8,0.727272727272727
"Macaca fascicularis","Sarawak","2025","9",16,0.615384615384615
"Macaca fascicularis","Sarawak","2026","1",3,0.375
"Macaca fascicularis","Sarawak","2026","2",4,0.444444444444444
"Macaca fascicularis","Sarawak","2026","3",6,0.315789473684211
"Macaca fascicularis","Sarawak","2026","4",4,0.307692307692308
"Macaca fascicularis","Sarawak","2026","5",9,0.75
"Macaca fascicularis","Sarawak","2026","6",1,0.25
"Macaca fascicularis","Sarawak","2026","7",5,0.384615384615385
"Macaca fascicularis","Sarawak","2026","8",1,1
"Macaca fascicularis","Selangor","2015","11",1,0.0333333333333333
"Macaca fascicularis","Selangor","2015","12",1,0.0714285714285714
"Macaca fascicularis","Selangor","2015","2",5,0.277777777777778
"Macaca fascicularis","Selangor","2015","3",2,0.0606060606060606
"Macaca fascicularis","Selangor","2015","6",1,0.027027027027027
"Macaca fascicularis","Selangor","2015","7",3,0.1875
"Macaca fascicularis","Selangor","2015","8",2,0.0769230769230769
"Macaca fascicularis","Selangor","2016","1",2,0.0487804878048781
"Macaca fascicularis","Selangor","2016","10",4,0.181818181818182
"Macaca fascicularis","Selangor","2016","12",1,0.024390243902439
"Macaca fascicularis","Selangor","2016","2",2,0.0625
"Macaca fascicularis","Selangor","2016","3",2,0.0487804878048781
"Macaca fascicularis","Selangor","2016","5",1,0.0204081632653061
"Macaca fascicularis","Selangor","2016","6",6,0.162162162162162
"Macaca fascicularis","Selangor","2016","7",5,0.106382978723404
"Macaca fascicularis","Selangor","2016","8",8,0.363636363636364
"Macaca fascicularis","Selangor","2016","9",4,0.19047619047619
"Macaca fascicularis","Selangor","2017","1",2,0.0512820512820513
"Macaca fascicularis","Selangor","2017","10",3,0.176470588235294
"Macaca fascicularis","Selangor","2017","11",1,0.125
"Macaca fascicularis","Selangor","2017","12",2,0.0714285714285714
"Macaca fascicularis","Selangor","2017","2",1,0.0227272727272727
"Macaca fascicularis","Selangor","2017","4",3,0.107142857142857
"Macaca fascicularis","Selangor","2017","5",8,0.150943396226415
"Macaca fascicularis","Selangor","2017","6",1,0.0181818181818182
"Macaca fascicularis","Selangor","2017","8",7,0.14
"Macaca fascicularis","Selangor","2017","9",1,0.032258064516129
"Macaca fascicularis","Selangor","2018","1",2,0.0289855072463768
"Macaca fascicularis","Selangor","2018","10",2,0.1
"Macaca fascicularis","Selangor","2018","11",2,0.0769230769230769
"Macaca fascicularis","Selangor","2018","12",1,0.0285714285714286
"Macaca fascicularis","Selangor","2018","3",2,0.0285714285714286
"Macaca fascicularis","Selangor","2018","4",12,0.129032258064516
"Macaca fascicularis","Selangor","2018","5",3,0.046875
"Macaca fascicularis","Selangor","2018","6",1,0.05
"Macaca fascicularis","Selangor","2018","7",3,0.0810810810810811
"Macaca fascicularis","Selangor","2018","8",2,0.0476190476190476
"Macaca fascicularis","Selangor","2018","9",7,0.155555555555556
"Macaca fascicularis","Selangor","2019","10",15,0.178571428571429
"Macaca fascicularis","Selangor","2019","11",3,0.12
"Macaca fascicularis","Selangor","2019","12",2,0.0425531914893617
"Macaca fascicularis","Selangor","2019","2",2,0.0555555555555556
"Macaca fascicularis","Selangor","2019","3",1,0.0333333333333333
"Macaca fascicularis","Selangor","2019","4",6,0.0833333333333333
"Macaca fascicularis","Selangor","2019","5",2,0.0344827586206897
"Macaca fascicularis","Selangor","2019","6",4,0.0714285714285714
"Macaca fascicularis","Selangor","2019","7",11,0.112244897959184
"Macaca fascicularis","Selangor","2019","8",7,0.104477611940299
"Macaca fascicularis","Selangor","2019","9",1,0.0161290322580645
"Macaca fascicularis","Selangor","2020","1",5,0.104166666666667
"Macaca fascicularis","Selangor","2020","10",2,0.0289855072463768
"Macaca fascicularis","Selangor","2020","11",2,0.0476190476190476
"Macaca fascicularis","Selangor","2020","2",1,0.00970873786407767
"Macaca fascicularis","Selangor","2020","3",1,0.0136986301369863
"Macaca fascicularis","Selangor","2020","4",1,0.0666666666666667
"Macaca fascicularis","Selangor","2020","7",2,0.0606060606060606
"Macaca fascicularis","Selangor","2021","1",2,0.0333333333333333
"Macaca fascicularis","Selangor","2021","10",4,0.0506329113924051
"Macaca fascicularis","Selangor","2021","11",9,0.225
"Macaca fascicularis","Selangor","2021","3",2,0.025974025974026
"Macaca fascicularis","Selangor","2021","4",1,0.0138888888888889
"Macaca fascicularis","Selangor","2021","5",3,0.0483870967741935
"Macaca fascicularis","Selangor","2021","8",2,0.0740740740740741
"Macaca fascicularis","Selangor","2021","9",1,0.024390243902439
"Macaca fascicularis","Selangor","2022","1",1,0.0188679245283019
"Macaca fascicularis","Selangor","2022","10",11,0.0758620689655172
"Macaca fascicularis","Selangor","2022","11",4,0.0223463687150838
"Macaca fascicularis","Selangor","2022","12",5,0.0264550264550265
"Macaca fascicularis","Selangor","2022","2",3,0.0526315789473684
"Macaca fascicularis","Selangor","2022","5",7,0.0813953488372093
"Macaca fascicularis","Selangor","2022","6",3,0.0405405405405405
"Macaca fascicularis","Selangor","2022","7",5,0.111111111111111
"Macaca fascicularis","Selangor","2022","8",5,0.0694444444444444
"Macaca fascicularis","Selangor","2022","9",2,0.0204081632653061
"Macaca fascicularis","Selangor","2023","1",10,0.0641025641025641
"Macaca fascicularis","Selangor","2023","10",12,0.0794701986754967
"Macaca fascicularis","Selangor","2023","11",7,0.0833333333333333
"Macaca fascicularis","Selangor","2023","12",14,0.11864406779661
"Macaca fascicularis","Selangor","2023","2",4,0.023121387283237
"Macaca fascicularis","Selangor","2023","3",5,0.0239234449760766
"Macaca fascicularis","Selangor","2023","4",6,0.0465116279069767
"Macaca fascicularis","Selangor","2023","5",24,0.164383561643836
"Macaca fascicularis","Selangor","2023","6",5,0.0458715596330275
"Macaca fascicularis","Selangor","2023","7",11,0.0601092896174863
"Macaca fascicularis","Selangor","2023","8",9,0.0596026490066225
"Macaca fascicularis","Selangor","2023","9",8,0.0869565217391304
"Macaca fascicularis","Selangor","2024","1",12,0.0902255639097744
"Macaca fascicularis","Selangor","2024","10",15,0.0980392156862745
"Macaca fascicularis","Selangor","2024","11",16,0.111111111111111
"Macaca fascicularis","Selangor","2024","12",7,0.049645390070922
"Macaca fascicularis","Selangor","2024","2",7,0.0479452054794521
"Macaca fascicularis","Selangor","2024","3",12,0.0736196319018405
"Macaca fascicularis","Selangor","2024","4",6,0.0521739130434783
"Macaca fascicularis","Selangor","2024","5",9,0.0676691729323308
"Macaca fascicularis","Selangor","2024","6",7,0.0315315315315315
"Macaca fascicularis","Selangor","2024","7",26,0.141304347826087
"Macaca fascicularis","Selangor","2024","8",13,0.0849673202614379
"Macaca fascicularis","Selangor","2024","9",8,0.0575539568345324
"Macaca fascicularis","Selangor","2025","1",10,0.344827586206897
"Macaca fascicularis","Selangor","2025","10",17,0.447368421052632
"Macaca fascicularis","Selangor","2025","11",10,0.25
"Macaca fascicularis","Selangor","2025","12",34,0.723404255319149
"Macaca fascicularis","Selangor","2025","2",23,0.621621621621622
"Macaca fascicularis","Selangor","2025","3",20,0.5
"Macaca fascicularis","Selangor","2025","4",22,0.448979591836735
"Macaca fascicularis","Selangor","2025","5",13,0.464285714285714
"Macaca fascicularis","Selangor","2025","6",18,0.5
"Macaca fascicularis","Selangor","2025","7",25,0.657894736842105
"Macaca fascicularis","Selangor","2025","8",16,0.533333333333333
"Macaca fascicularis","Selangor","2025","9",19,0.527777777777778
"Macaca fascicularis","Selangor","2026","1",27,0.54
"Macaca fascicularis","Selangor","2026","2",27,0.6
"Macaca fascicularis","Selangor","2026","3",12,0.521739130434783
"Macaca fascicularis","Selangor","2026","4",12,0.5
"Macaca fascicularis","Selangor","2026","5",16,0.592592592592593
"Macaca fascicularis","Selangor","2026","6",34,0.68
"Macaca fascicularis","Selangor","2026","7",13,0.342105263157895
"Macaca fascicularis","Selangor","2026","8",6,0.666666666666667
"Macaca fascicularis","Terengganu","2016","5",1,1
"Macaca fascicularis","Terengganu","2018","4",1,1
"Macaca fascicularis","Terengganu","2020","2",1,0.5
"Macaca fascicularis","Terengganu","2021","1",2,0.666666666666667
"Macaca fascicularis","Terengganu","2021","12",1,0.5
"Macaca fascicularis","Terengganu","2021","5",1,1
"Macaca fascicularis","Terengganu","2023","6",1,1
"Macaca fascicularis","Terengganu","2024","3",1,0.5
"Macaca fascicularis","Terengganu","2024","5",1,0.125
"Macaca fascicularis","Terengganu","2025","10",1,0.5
"Macaca fascicularis","Terengganu","2025","4",1,0.5
"Macaca fascicularis","Terengganu","2025","7",1,0.25
"Macaca fascicularis","Terengganu","2026","3",1,0.333333333333333
"Macaca fascicularis","Terengganu","2026","6",1,1
"Macaca fascicularis","Terengganu","2026","7",1,0.25
"Malayopython reticulatus","Johor","2015","6",1,0.333333333333333
"Malayopython reticulatus","Johor","2017","3",1,0.166666666666667
"Malayopython reticulatus","Johor","2018","6",1,0.0666666666666667
"Malayopython reticulatus","Johor","2018","9",1,0.0476190476190476
"Malayopython reticulatus","Johor","2019","6",1,0.0909090909090909
"Malayopython reticulatus","Johor","2021","11",1,0.0666666666666667
"Malayopython reticulatus","Johor","2022","10",1,0.0227272727272727
"Malayopython reticulatus","Johor","2022","5",1,0.0238095238095238
"Malayopython reticulatus","Johor","2022","6",1,0.0277777777777778
"Malayopython reticulatus","Johor","2023","12",1,0.00746268656716418
"Malayopython reticulatus","Johor","2023","7",1,0.0263157894736842
"Malayopython reticulatus","Johor","2023","8",1,0.0344827586206897
"Malayopython reticulatus","Johor","2024","10",1,0.0232558139534884
"Malayopython reticulatus","Johor","2024","11",1,0.0166666666666667
"Malayopython reticulatus","Johor","2024","2",1,0.0294117647058824
"Malayopython reticulatus","Johor","2024","3",3,0.0434782608695652
"Malayopython reticulatus","Johor","2024","8",1,0.032258064516129
"Malayopython reticulatus","Johor","2025","10",1,0.0909090909090909
"Malayopython reticulatus","Johor","2025","12",1,0.125
"Malayopython reticulatus","Johor","2025","4",5,0.384615384615385
"Malayopython reticulatus","Johor","2025","5",1,0.0212765957446809
"Malayopython reticulatus","Johor","2026","2",3,0.107142857142857
"Malayopython reticulatus","Johor","2026","4",7,0.102941176470588
"Malayopython reticulatus","Johor","2026","5",1,0.0909090909090909
"Malayopython reticulatus","Johor","2026","6",1,0.0833333333333333
"Malayopython reticulatus","Kedah","2015","4",1,0.111111111111111
"Malayopython reticulatus","Kedah","2016","1",3,0.25
"Malayopython reticulatus","Kedah","2017","3",1,0.0909090909090909
"Malayopython reticulatus","Kedah","2019","3",2,0.0952380952380952
"Malayopython reticulatus","Kedah","2019","7",1,0.0714285714285714
"Malayopython reticulatus","Kedah","2019","9",2,0.25
"Malayopython reticulatus","Kedah","2020","8",1,0.0625
"Malayopython reticulatus","Kedah","2021","10",2,0.0869565217391304
"Malayopython reticulatus","Kedah","2022","11",1,0.0909090909090909
"Malayopython reticulatus","Kedah","2023","12",1,0.0256410256410256
"Malayopython reticulatus","Kedah","2023","5",1,0.0434782608695652
"Malayopython reticulatus","Kedah","2023","8",1,0.024390243902439
"Malayopython reticulatus","Kedah","2024","8",1,0.0256410256410256
"Malayopython reticulatus","Kedah","2025","11",1,0.166666666666667
"Malayopython reticulatus","Kedah","2025","4",1,0.142857142857143
"Malayopython reticulatus","Kedah","2025","9",1,0.142857142857143
"Malayopython reticulatus","Kedah","2026","5",2,0.5
"Malayopython reticulatus","Kedah","2026","7",1,0.166666666666667
"Malayopython reticulatus","Kelantan","2023","7",1,0.166666666666667
"Malayopython reticulatus","Kelantan","2025","8",1,1
"Malayopython reticulatus","Kuala Lumpur","2021","11",1,0.0555555555555556
"Malayopython reticulatus","Kuala Lumpur","2022","12",1,0.0196078431372549
"Malayopython reticulatus","Kuala Lumpur","2023","4",1,0.0169491525423729
"Malayopython reticulatus","Kuala Lumpur","2024","10",1,0.0112359550561798
"Malayopython reticulatus","Kuala Lumpur","2025","10",1,0.0303030303030303
"Malayopython reticulatus","Kuala Lumpur","2025","11",1,0.03125
"Malayopython reticulatus","Kuala Lumpur","2025","9",1,0.0526315789473684
"Malayopython reticulatus","Kuala Lumpur","2026","1",1,0.0212765957446809
"Malayopython reticulatus","Kuala Lumpur","2026","3",1,0.0384615384615385
"Malayopython reticulatus","Kuala Lumpur","2026","4",1,0.0277777777777778
"Malayopython reticulatus","Kuala Lumpur","2026","5",2,0.0540540540540541
"Malayopython reticulatus","Labuan","2018","3",1,1
"Malayopython reticulatus","Melaka","2020","11",1,1
"Malayopython reticulatus","Melaka","2022","3",1,0.1
"Malayopython reticulatus","Melaka","2023","6",2,0.285714285714286
"Malayopython reticulatus","Melaka","2025","8",1,0.333333333333333
"Malayopython reticulatus","Melaka","2026","8",1,1
"Malayopython reticulatus","Negeri Sembilan","2017","10",1,0.333333333333333
"Malayopython reticulatus","Negeri Sembilan","2017","8",1,0.333333333333333
"Malayopython reticulatus","Negeri Sembilan","2019","10",1,0.166666666666667
"Malayopython reticulatus","Negeri Sembilan","2021","10",1,0.00943396226415094
"Malayopython reticulatus","Negeri Sembilan","2021","8",2,0.016
"Malayopython reticulatus","Negeri Sembilan","2023","10",1,0.0169491525423729
"Malayopython reticulatus","Negeri Sembilan","2024","8",1,0.0238095238095238
"Malayopython reticulatus","Negeri Sembilan","2026","4",2,0.5
"Malayopython reticulatus","Pahang","2016","8",2,0.0833333333333333
"Malayopython reticulatus","Pahang","2017","7",1,0.0588235294117647
"Malayopython reticulatus","Pahang","2017","8",1,0.0625
"Malayopython reticulatus","Pahang","2023","12",1,0.0769230769230769
"Malayopython reticulatus","Pahang","2023","4",1,0.0555555555555556
"Malayopython reticulatus","Pahang","2024","6",1,0.0263157894736842
"Malayopython reticulatus","Pahang","2024","7",1,0.0227272727272727
"Malayopython reticulatus","Pahang","2025","10",1,0.0666666666666667
"Malayopython reticulatus","Pahang","2026","5",2,0.0869565217391304
"Malayopython reticulatus","Perak","2017","5",1,0.333333333333333
"Malayopython reticulatus","Perak","2021","1",1,0.0294117647058824
"Malayopython reticulatus","Perak","2022","4",1,0.04
"Malayopython reticulatus","Perak","2024","8",2,0.0952380952380952
"Malayopython reticulatus","Perak","2025","3",4,0.444444444444444
"Malayopython reticulatus","Perlis","2024","1",1,0.166666666666667
"Malayopython reticulatus","Pulau Pinang","2020","8",1,0.0476190476190476
"Malayopython reticulatus","Pulau Pinang","2021","11",2,0.1
"Malayopython reticulatus","Pulau Pinang","2021","2",1,0.0149253731343284
"Malayopython reticulatus","Pulau Pinang","2021","8",1,0.0454545454545455
"Malayopython reticulatus","Pulau Pinang","2022","10",1,0.0119047619047619
"Malayopython reticulatus","Pulau Pinang","2022","9",1,0.0158730158730159
"Malayopython reticulatus","Pulau Pinang","2023","10",1,0.0151515151515152
"Malayopython reticulatus","Pulau Pinang","2024","3",1,0.0138888888888889
"Malayopython reticulatus","Pulau Pinang","2025","12",2,0.0465116279069767
"Malayopython reticulatus","Pulau Pinang","2026","3",1,0.032258064516129
"Malayopython reticulatus","Sabah","2015","1",1,0.111111111111111
"Malayopython reticulatus","Sabah","2015","7",1,0.0909090909090909
"Malayopython reticulatus","Sabah","2016","4",2,0.0625
"Malayopython reticulatus","Sabah","2016","8",1,0.0416666666666667
"Malayopython reticulatus","Sabah","2017","8",1,0.0666666666666667
"Malayopython reticulatus","Sabah","2018","11",1,0.0769230769230769
"Malayopython reticulatus","Sabah","2018","5",1,0.0153846153846154
"Malayopython reticulatus","Sabah","2018","6",2,0.0952380952380952
"Malayopython reticulatus","Sabah","2018","7",2,0.0408163265306122
"Malayopython reticulatus","Sabah","2019","10",4,0.043010752688172
"Malayopython reticulatus","Sabah","2019","3",2,0.166666666666667
"Malayopython reticulatus","Sabah","2019","5",1,0.0294117647058824
"Malayopython reticulatus","Sabah","2019","9",4,0.117647058823529
"Malayopython reticulatus","Sabah","2020","11",1,0.25
"Malayopython reticulatus","Sabah","2020","7",2,1
"Malayopython reticulatus","Sabah","2021","4",1,0.5
"Malayopython reticulatus","Sabah","2022","8",1,0.0222222222222222
"Malayopython reticulatus","Sabah","2022","9",1,0.015625
"Malayopython reticulatus","Sabah","2023","11",2,0.117647058823529
"Malayopython reticulatus","Sabah","2023","2",2,0.125
"Malayopython reticulatus","Sabah","2023","4",3,0.0545454545454545
"Malayopython reticulatus","Sabah","2023","5",1,0.0153846153846154
"Malayopython reticulatus","Sabah","2023","6",1,0.0172413793103448
"Malayopython reticulatus","Sabah","2023","8",2,0.0229885057471264
"Malayopython reticulatus","Sabah","2024","3",4,0.0784313725490196
"Malayopython reticulatus","Sabah","2024","5",3,0.0416666666666667
"Malayopython reticulatus","Sabah","2024","8",3,0.0258620689655172
"Malayopython reticulatus","Sabah","2024","9",1,0.0151515151515152
"Malayopython reticulatus","Sabah","2025","1",1,0.0277777777777778
"Malayopython reticulatus","Sabah","2025","10",3,0.0535714285714286
"Malayopython reticulatus","Sabah","2025","11",1,0.0140845070422535
"Malayopython reticulatus","Sabah","2025","12",2,0.0625
"Malayopython reticulatus","Sabah","2025","2",2,0.0408163265306122
"Malayopython reticulatus","Sabah","2025","3",3,0.0588235294117647
"Malayopython reticulatus","Sabah","2025","4",2,0.04
"Malayopython reticulatus","Sabah","2025","5",1,0.0144927536231884
"Malayopython reticulatus","Sabah","2025","6",4,0.0526315789473684
"Malayopython reticulatus","Sabah","2025","8",2,0.0357142857142857
"Malayopython reticulatus","Sabah","2025","9",3,0.05
"Malayopython reticulatus","Sabah","2026","1",1,0.0476190476190476
"Malayopython reticulatus","Sabah","2026","4",3,0.0517241379310345
"Malayopython reticulatus","Sabah","2026","5",2,0.03125
"Malayopython reticulatus","Sabah","2026","6",1,0.0196078431372549
"Malayopython reticulatus","Sabah","2026","8",2,0.25
"Malayopython reticulatus","Sarawak","2017","6",1,0.0909090909090909
"Malayopython reticulatus","Sarawak","2017","9",1,0.333333333333333
"Malayopython reticulatus","Sarawak","2018","2",1,0.125
"Malayopython reticulatus","Sarawak","2021","11",1,0.142857142857143
"Malayopython reticulatus","Sarawak","2023","9",1,0.1
"Malayopython reticulatus","Sarawak","2024","10",1,0.032258064516129
"Malayopython reticulatus","Sarawak","2024","11",3,0.166666666666667
"Malayopython reticulatus","Sarawak","2024","2",1,0.0555555555555556
"Malayopython reticulatus","Sarawak","2024","3",1,0.0454545454545455
"Malayopython reticulatus","Sarawak","2024","7",1,0.0238095238095238
"Malayopython reticulatus","Sarawak","2024","8",3,0.0166666666666667
"Malayopython reticulatus","Sarawak","2025","1",1,0.0526315789473684
"Malayopython reticulatus","Sarawak","2025","11",1,0.111111111111111
"Malayopython reticulatus","Sarawak","2025","12",3,0.333333333333333
"Malayopython reticulatus","Sarawak","2025","3",1,0.0555555555555556
"Malayopython reticulatus","Sarawak","2025","5",4,0.307692307692308
"Malayopython reticulatus","Sarawak","2025","8",1,0.0909090909090909
"Malayopython reticulatus","Sarawak","2025","9",1,0.0384615384615385
"Malayopython reticulatus","Sarawak","2026","3",2,0.105263157894737
"Malayopython reticulatus","Sarawak","2026","4",1,0.0769230769230769
"Malayopython reticulatus","Selangor","2016","3",2,0.0487804878048781
"Malayopython reticulatus","Selangor","2017","1",1,0.0256410256410256
"Malayopython reticulatus","Selangor","2020","7",2,0.0606060606060606
"Malayopython reticulatus","Selangor","2021","10",1,0.0126582278481013
"Malayopython reticulatus","Selangor","2022","11",1,0.00558659217877095
"Malayopython reticulatus","Selangor","2022","12",1,0.00529100529100529
"Malayopython reticulatus","Selangor","2022","8",1,0.0138888888888889
"Malayopython reticulatus","Selangor","2023","10",2,0.0132450331125828
"Malayopython reticulatus","Selangor","2023","12",2,0.0169491525423729
"Malayopython reticulatus","Selangor","2023","7",2,0.0109289617486339
"Malayopython reticulatus","Selangor","2023","9",1,0.0108695652173913
"Malayopython reticulatus","Selangor","2024","1",1,0.0075187969924812
"Malayopython reticulatus","Selangor","2024","10",1,0.0065359477124183
"Malayopython reticulatus","Selangor","2024","12",1,0.00709219858156028
"Malayopython reticulatus","Selangor","2024","2",1,0.00684931506849315
"Malayopython reticulatus","Selangor","2024","5",1,0.0075187969924812
"Malayopython reticulatus","Selangor","2025","1",1,0.0344827586206897
"Malayopython reticulatus","Selangor","2025","10",2,0.0526315789473684
"Malayopython reticulatus","Selangor","2025","12",2,0.0425531914893617
"Malayopython reticulatus","Selangor","2025","4",1,0.0204081632653061
"Malayopython reticulatus","Selangor","2025","5",3,0.107142857142857
"Malayopython reticulatus","Selangor","2025","8",2,0.0666666666666667
"Malayopython reticulatus","Selangor","2026","3",2,0.0869565217391304
"Malayopython reticulatus","Selangor","2026","4",2,0.0833333333333333
"Malayopython reticulatus","Terengganu","2019","8",1,0.25
"Malayopython reticulatus","Terengganu","2020","6",1,1
"Malayopython reticulatus","Terengganu","2025","10",1,0.5
"Naja sumatrana","Johor","2017","2",1,0.0909090909090909
"Naja sumatrana","Johor","2018","4",1,0.0384615384615385
"Naja sumatrana","Johor","2019","6",1,0.0909090909090909
"Naja sumatrana","Johor","2019","7",1,0.0833333333333333
"Naja sumatrana","Johor","2019","8",1,0.0714285714285714
"Naja sumatrana","Johor","2022","10",1,0.0227272727272727
"Naja sumatrana","Johor","2022","12",1,0.0112359550561798
"Naja sumatrana","Johor","2022","8",2,0.0689655172413793
"Naja sumatrana","Johor","2023","5",1,0.015625
"Naja sumatrana","Johor","2025","11",1,0.2
"Naja sumatrana","Johor","2025","12",2,0.25
"Naja sumatrana","Johor","2026","4",1,0.0147058823529412
"Naja sumatrana","Johor","2026","5",2,0.181818181818182
"Naja sumatrana","Johor","2026","7",1,0.2
"Naja sumatrana","Kelantan","2024","10",1,1
"Naja sumatrana","Kelantan","2024","6",1,0.5
"Naja sumatrana","Kuala Lumpur","2017","3",1,0.142857142857143
"Naja sumatrana","Kuala Lumpur","2018","4",1,0.0232558139534884
"Naja sumatrana","Kuala Lumpur","2019","11",1,0.0588235294117647
"Naja sumatrana","Kuala Lumpur","2023","12",1,0.0138888888888889
"Naja sumatrana","Melaka","2018","11",1,0.25
"Naja sumatrana","Negeri Sembilan","2015","9",1,1
"Naja sumatrana","Negeri Sembilan","2018","11",2,0.142857142857143
"Naja sumatrana","Negeri Sembilan","2018","3",1,0.0454545454545455
"Naja sumatrana","Negeri Sembilan","2019","1",1,0.0555555555555556
"Naja sumatrana","Negeri Sembilan","2020","1",2,0.333333333333333
"Naja sumatrana","Negeri Sembilan","2020","10",1,0.04
"Naja sumatrana","Negeri Sembilan","2021","11",1,0.00862068965517241
"Naja sumatrana","Negeri Sembilan","2021","4",1,0.015625
"Naja sumatrana","Negeri Sembilan","2023","12",1,0.02
"Naja sumatrana","Negeri Sembilan","2023","2",1,0.0188679245283019
"Naja sumatrana","Negeri Sembilan","2024","6",1,0.04
"Naja sumatrana","Negeri Sembilan","2025","10",2,1
"Naja sumatrana","Pahang","2015","7",1,0.142857142857143
"Naja sumatrana","Pahang","2019","1",1,0.1
"Naja sumatrana","Pahang","2023","6",1,0.0222222222222222
"Naja sumatrana","Pahang","2023","8",1,0.0263157894736842
"Naja sumatrana","Pahang","2024","9",1,0.0555555555555556
"Naja sumatrana","Pahang","2025","4",1,0.142857142857143
"Naja sumatrana","Pahang","2026","1",1,0.333333333333333
"Naja sumatrana","Perak","2023","1",1,0.0285714285714286
"Naja sumatrana","Perak","2024","5",1,0.0526315789473684
"Naja sumatrana","Pulau Pinang","2021","10",1,0.0126582278481013
"Naja sumatrana","Pulau Pinang","2021","9",1,0.0158730158730159
"Naja sumatrana","Pulau Pinang","2024","3",1,0.0138888888888889
"Naja sumatrana","Sabah","2017","4",1,0.04
"Naja sumatrana","Sabah","2017","7",1,0.05
"Naja sumatrana","Sabah","2018","12",1,0.0294117647058824
"Naja sumatrana","Sabah","2019","10",1,0.010752688172043
"Naja sumatrana","Sabah","2019","7",1,0.03125
"Naja sumatrana","Sabah","2019","8",1,0.0588235294117647
"Naja sumatrana","Sabah","2019","9",1,0.0294117647058824
"Naja sumatrana","Sabah","2020","10",1,0.333333333333333
"Naja sumatrana","Sabah","2020","4",1,0.333333333333333
"Naja sumatrana","Sabah","2020","5",1,0.5
"Naja sumatrana","Sabah","2021","5",1,1
"Naja sumatrana","Sabah","2022","10",1,0.0256410256410256
"Naja sumatrana","Sabah","2022","11",1,0.1
"Naja sumatrana","Sabah","2022","7",1,0.03125
"Naja sumatrana","Sabah","2023","10",1,0.0192307692307692
"Naja sumatrana","Sabah","2023","4",1,0.0181818181818182
"Naja sumatrana","Sabah","2023","6",1,0.0172413793103448
"Naja sumatrana","Sabah","2023","7",1,0.0138888888888889
"Naja sumatrana","Sabah","2023","8",1,0.0114942528735632
"Naja sumatrana","Sabah","2024","1",1,0.0476190476190476
"Naja sumatrana","Sabah","2024","10",1,0.0099009900990099
"Naja sumatrana","Sabah","2024","5",1,0.0138888888888889
"Naja sumatrana","Sabah","2024","7",1,0.00632911392405063
"Naja sumatrana","Sabah","2024","8",2,0.0172413793103448
"Naja sumatrana","Sabah","2025","10",2,0.0357142857142857
"Naja sumatrana","Sabah","2025","11",3,0.0422535211267606
"Naja sumatrana","Sabah","2025","12",1,0.03125
"Naja sumatrana","Sabah","2025","2",1,0.0204081632653061
"Naja sumatrana","Sabah","2025","3",1,0.0196078431372549
"Naja sumatrana","Sabah","2025","4",2,0.04
"Naja sumatrana","Sabah","2025","6",2,0.0263157894736842
"Naja sumatrana","Sabah","2025","7",1,0.00952380952380952
"Naja sumatrana","Sabah","2025","8",1,0.0178571428571429
"Naja sumatrana","Sabah","2025","9",1,0.0166666666666667
"Naja sumatrana","Sabah","2026","2",1,0.0149253731343284
"Naja sumatrana","Sarawak","2016","5",1,0.0769230769230769
"Naja sumatrana","Sarawak","2017","11",1,0.25
"Naja sumatrana","Sarawak","2020","5",1,0.25
"Naja sumatrana","Sarawak","2021","8",1,0.25
"Naja sumatrana","Sarawak","2022","12",1,0.25
"Naja sumatrana","Sarawak","2022","4",1,0.1
"Naja sumatrana","Sarawak","2022","9",1,0.0588235294117647
"Naja sumatrana","Sarawak","2023","3",1,0.05
"Naja sumatrana","Sarawak","2024","10",1,0.032258064516129
"Naja sumatrana","Sarawak","2024","3",2,0.0909090909090909
"Naja sumatrana","Sarawak","2024","5",1,0.0588235294117647
"Naja sumatrana","Sarawak","2024","8",6,0.0333333333333333
"Naja sumatrana","Sarawak","2025","10",1,0.0833333333333333
"Naja sumatrana","Sarawak","2025","4",1,0.0588235294117647
"Naja sumatrana","Sarawak","2025","7",1,0.0526315789473684
"Naja sumatrana","Sarawak","2026","7",1,0.0769230769230769
"Naja sumatrana","Selangor","2023","12",1,0.00847457627118644
"Naja sumatrana","Selangor","2024","8",1,0.0065359477124183
"Naja sumatrana","Selangor","2025","3",1,0.025
"Naja sumatrana","Selangor","2026","2",1,0.0222222222222222
"Naja sumatrana","Terengganu","2025","9",1,1
"Sus scrofa","Johor","2015","6",1,0.333333333333333
"Sus scrofa","Johor","2018","4",1,0.0384615384615385
"Sus scrofa","Johor","2019","4",1,0.04
"Sus scrofa","Johor","2020","10",1,0.0294117647058824
"Sus scrofa","Johor","2020","2",1,0.0333333333333333
"Sus scrofa","Johor","2020","9",1,0.0909090909090909
"Sus scrofa","Johor","2021","1",1,0.0714285714285714
"Sus scrofa","Johor","2021","12",1,0.0625
"Sus scrofa","Johor","2022","12",1,0.0112359550561798
"Sus scrofa","Johor","2022","7",1,0.0263157894736842
"Sus scrofa","Johor","2022","8",1,0.0344827586206897
"Sus scrofa","Johor","2024","4",2,0.025
"Sus scrofa","Johor","2024","8",1,0.032258064516129
"Sus scrofa","Johor","2026","5",1,0.0909090909090909
"Sus scrofa","Kedah","2019","11",1,0.0666666666666667
"Sus scrofa","Kedah","2019","12",1,0.0714285714285714
"Sus scrofa","Kedah","2019","2",1,0.0277777777777778
"Sus scrofa","Kedah","2022","1",1,0.0526315789473684
"Sus scrofa","Kedah","2022","12",1,0.0625
"Sus scrofa","Kelantan","2025","11",1,0.333333333333333
"Sus scrofa","Kuala Lumpur","2023","4",1,0.0169491525423729
"Sus scrofa","Kuala Lumpur","2023","9",1,0.0172413793103448
"Sus scrofa","Negeri Sembilan","2020","10",1,0.04
"Sus scrofa","Negeri Sembilan","2020","6",1,0.142857142857143
"Sus scrofa","Negeri Sembilan","2021","5",1,0.0101010101010101
"Sus scrofa","Negeri Sembilan","2026","7",1,0.333333333333333
"Sus scrofa","Pahang","2015","10",1,0.25
"Sus scrofa","Pahang","2015","4",1,0.333333333333333
"Sus scrofa","Pahang","2015","9",1,0.1
"Sus scrofa","Pahang","2016","10",1,0.25
"Sus scrofa","Pahang","2016","3",2,0.117647058823529
"Sus scrofa","Pahang","2016","6",1,0.0769230769230769
"Sus scrofa","Pahang","2016","8",1,0.0416666666666667
"Sus scrofa","Pahang","2017","7",1,0.0588235294117647
"Sus scrofa","Pahang","2017","8",1,0.0625
"Sus scrofa","Pahang","2018","11",1,0.2
"Sus scrofa","Pahang","2018","3",5,0.185185185185185
"Sus scrofa","Pahang","2019","2",1,0.0454545454545455
"Sus scrofa","Pahang","2019","3",2,0.142857142857143
"Sus scrofa","Pahang","2019","4",3,0.111111111111111
"Sus scrofa","Pahang","2019","6",3,0.09375
"Sus scrofa","Pahang","2019","7",3,0.0652173913043478
"Sus scrofa","Pahang","2020","1",1,0.2
"Sus scrofa","Pahang","2020","10",1,0.111111111111111
"Sus scrofa","Pahang","2020","2",1,0.0555555555555556
"Sus scrofa","Pahang","2021","12",1,0.2
"Sus scrofa","Pahang","2021","8",1,0.333333333333333
"Sus scrofa","Pahang","2023","3",1,0.04
"Sus scrofa","Pahang","2023","6",1,0.0222222222222222
"Sus scrofa","Pahang","2023","7",1,0.0384615384615385
"Sus scrofa","Pahang","2024","3",2,0.0434782608695652
"Sus scrofa","Pahang","2024","6",1,0.0263157894736842
"Sus scrofa","Pahang","2024","7",1,0.0227272727272727
"Sus scrofa","Pahang","2024","8",2,0.0769230769230769
"Sus scrofa","Pahang","2025","10",1,0.0666666666666667
"Sus scrofa","Pahang","2025","11",1,0.125
"Sus scrofa","Pahang","2025","2",1,0.166666666666667
"Sus scrofa","Pahang","2025","3",5,0.555555555555556
"Sus scrofa","Pahang","2025","9",2,0.285714285714286
"Sus scrofa","Pahang","2026","3",1,0.142857142857143
"Sus scrofa","Pahang","2026","4",1,0.0185185185185185
"Sus scrofa","Pahang","2026","5",1,0.0434782608695652
"Sus scrofa","Pahang","2026","7",1,0.1
"Sus scrofa","Perak","2019","9",1,0.333333333333333
"Sus scrofa","Perak","2020","9",1,0.166666666666667
"Sus scrofa","Perak","2022","1",1,0.0217391304347826
"Sus scrofa","Perak","2023","11",1,0.0588235294117647
"Sus scrofa","Perak","2024","2",2,0.0327868852459016
"Sus scrofa","Perak","2025","7",1,0.111111111111111
"Sus scrofa","Perak","2025","9",1,0.0714285714285714
"Sus scrofa","Perlis","2022","1",1,0.333333333333333
"Sus scrofa","Perlis","2024","2",3,0.25
"Sus scrofa","Perlis","2025","4",1,1
"Sus scrofa","Pulau Pinang","2018","8",1,0.0238095238095238
"Sus scrofa","Pulau Pinang","2020","1",1,0.0121951219512195
"Sus scrofa","Pulau Pinang","2021","2",1,0.0149253731343284
"Sus scrofa","Pulau Pinang","2022","1",1,0.0142857142857143
"Sus scrofa","Pulau Pinang","2024","2",1,0.00892857142857143
"Sus scrofa","Pulau Pinang","2026","2",1,0.0416666666666667
"Sus scrofa","Selangor","2017","1",1,0.0256410256410256
"Sus scrofa","Selangor","2019","7",1,0.0102040816326531
"Sus scrofa","Selangor","2021","10",1,0.0126582278481013
"Sus scrofa","Selangor","2021","11",2,0.05
"Sus scrofa","Selangor","2022","2",1,0.0175438596491228
"Sus scrofa","Selangor","2023","11",1,0.0119047619047619
"Sus scrofa","Selangor","2023","4",1,0.00775193798449612
"Sus scrofa","Selangor","2023","9",1,0.0108695652173913
"Sus scrofa","Selangor","2024","1",1,0.0075187969924812
"Sus scrofa","Selangor","2024","12",1,0.00709219858156028
"Sus scrofa","Selangor","2025","10",1,0.0263157894736842
"Sus scrofa","Selangor","2025","2",1,0.027027027027027
"Sus scrofa","Selangor","2025","5",1,0.0357142857142857
"Sus scrofa","Selangor","2025","9",1,0.0277777777777778
"Sus scrofa","Selangor","2026","4",1,0.0416666666666667
"Sus scrofa","Selangor","2026","5",2,0.0740740740740741
"Sus scrofa","Terengganu","2020","12",1,1
"Sus scrofa","Terengganu","2020","2",1,0.5
"Sus scrofa","Terengganu","2024","12",1,0.142857142857143
"Sus scrofa","Terengganu","2024","2",2,0.666666666666667
"Sus scrofa","Terengganu","2024","5",1,0.125
"Sus scrofa","Terengganu","2025","7",1,0.25
"Varanus salvator","Johor","2015","1",2,0.333333333333333
"Varanus salvator","Johor","2015","6",1,0.333333333333333
"Varanus salvator","Johor","2016","7",1,0.0909090909090909
"Varanus salvator","Johor","2017","3",1,0.166666666666667
"Varanus salvator","Johor","2017","4",1,0.0476190476190476
"Varanus salvator","Johor","2017","8",1,0.0476190476190476
"Varanus salvator","Johor","2018","7",1,0.05
"Varanus salvator","Johor","2019","3",1,0.05
"Varanus salvator","Johor","2019","4",2,0.08
"Varanus salvator","Johor","2019","7",1,0.0833333333333333
"Varanus salvator","Johor","2019","8",3,0.214285714285714
"Varanus salvator","Johor","2020","1",1,0.0256410256410256
"Varanus salvator","Johor","2020","12",1,0.0625
"Varanus salvator","Johor","2020","2",1,0.0333333333333333
"Varanus salvator","Johor","2020","7",2,0.105263157894737
"Varanus salvator","Johor","2020","8",6,0.206896551724138
"Varanus salvator","Johor","2021","1",4,0.285714285714286
"Varanus salvator","Johor","2021","10",1,0.025
"Varanus salvator","Johor","2021","11",1,0.0666666666666667
"Varanus salvator","Johor","2021","2",1,0.125
"Varanus salvator","Johor","2021","3",1,0.0833333333333333
"Varanus salvator","Johor","2021","4",6,0.461538461538462
"Varanus salvator","Johor","2021","5",5,0.227272727272727
"Varanus salvator","Johor","2021","6",1,0.5
"Varanus salvator","Johor","2022","1",1,0.0454545454545455
"Varanus salvator","Johor","2022","11",2,0.0289855072463768
"Varanus salvator","Johor","2022","12",1,0.0112359550561798
"Varanus salvator","Johor","2022","5",2,0.0476190476190476
"Varanus salvator","Johor","2022","6",1,0.0277777777777778
"Varanus salvator","Johor","2023","1",1,0.037037037037037
"Varanus salvator","Johor","2023","12",1,0.00746268656716418
"Varanus salvator","Johor","2023","2",1,0.0212765957446809
"Varanus salvator","Johor","2023","3",1,0.0208333333333333
"Varanus salvator","Johor","2023","4",5,0.106382978723404
"Varanus salvator","Johor","2023","5",4,0.0625
"Varanus salvator","Johor","2023","6",7,0.184210526315789
"Varanus salvator","Johor","2023","7",5,0.131578947368421
"Varanus salvator","Johor","2023","8",1,0.0344827586206897
"Varanus salvator","Johor","2023","9",1,0.0144927536231884
"Varanus salvator","Johor","2024","1",2,0.0833333333333333
"Varanus salvator","Johor","2024","12",1,0.0153846153846154
"Varanus salvator","Johor","2024","2",8,0.235294117647059
"Varanus salvator","Johor","2024","3",5,0.072463768115942
"Varanus salvator","Johor","2024","4",15,0.1875
"Varanus salvator","Johor","2024","5",4,0.0869565217391304
"Varanus salvator","Johor","2024","6",1,0.0344827586206897
"Varanus salvator","Johor","2024","7",2,0.0163934426229508
"Varanus salvator","Johor","2024","8",4,0.129032258064516
"Varanus salvator","Johor","2024","9",1,0.0212765957446809
"Varanus salvator","Johor","2025","1",2,0.4
"Varanus salvator","Johor","2025","10",5,0.454545454545455
"Varanus salvator","Johor","2025","11",2,0.4
"Varanus salvator","Johor","2025","12",2,0.25
"Varanus salvator","Johor","2025","4",3,0.230769230769231
"Varanus salvator","Johor","2025","5",15,0.319148936170213
"Varanus salvator","Johor","2025","6",5,0.384615384615385
"Varanus salvator","Johor","2025","7",2,0.181818181818182
"Varanus salvator","Johor","2025","8",7,0.538461538461538
"Varanus salvator","Johor","2025","9",3,0.333333333333333
"Varanus salvator","Johor","2026","2",4,0.142857142857143
"Varanus salvator","Johor","2026","3",3,0.6
"Varanus salvator","Johor","2026","4",23,0.338235294117647
"Varanus salvator","Johor","2026","5",2,0.181818181818182
"Varanus salvator","Johor","2026","6",4,0.333333333333333
"Varanus salvator","Johor","2026","7",2,0.4
"Varanus salvator","Johor","2026","8",1,0.1
"Varanus salvator","Kedah","2015","1",1,0.125
"Varanus salvator","Kedah","2015","11",1,0.166666666666667
"Varanus salvator","Kedah","2015","12",1,0.111111111111111
"Varanus salvator","Kedah","2015","9",1,0.25
"Varanus salvator","Kedah","2016","1",1,0.0833333333333333
"Varanus salvator","Kedah","2016","11",1,0.1
"Varanus salvator","Kedah","2016","7",2,0.222222222222222
"Varanus salvator","Kedah","2017","11",3,0.2
"Varanus salvator","Kedah","2017","2",1,0.2
"Varanus salvator","Kedah","2017","6",1,0.142857142857143
"Varanus salvator","Kedah","2017","9",2,0.153846153846154
"Varanus salvator","Kedah","2018","11",1,0.0833333333333333
"Varanus salvator","Kedah","2019","1",1,0.142857142857143
"Varanus salvator","Kedah","2019","10",1,0.166666666666667
"Varanus salvator","Kedah","2019","12",1,0.0714285714285714
"Varanus salvator","Kedah","2019","2",1,0.0277777777777778
"Varanus salvator","Kedah","2019","6",3,0.230769230769231
"Varanus salvator","Kedah","2019","8",1,0.0833333333333333
"Varanus salvator","Kedah","2019","9",1,0.125
"Varanus salvator","Kedah","2020","2",2,0.0714285714285714
"Varanus salvator","Kedah","2020","3",2,0.0909090909090909
"Varanus salvator","Kedah","2020","7",2,0.117647058823529
"Varanus salvator","Kedah","2022","5",1,0.0454545454545455
"Varanus salvator","Kedah","2022","9",1,0.0833333333333333
"Varanus salvator","Kedah","2023","11",2,0.0416666666666667
"Varanus salvator","Kedah","2023","12",3,0.0769230769230769
"Varanus salvator","Kedah","2023","8",1,0.024390243902439
"Varanus salvator","Kedah","2024","1",3,0.0375
"Varanus salvator","Kedah","2024","10",1,0.05
"Varanus salvator","Kedah","2024","11",2,0.0645161290322581
"Varanus salvator","Kedah","2024","12",4,0.0615384615384615
"Varanus salvator","Kedah","2024","2",2,0.032258064516129
"Varanus salvator","Kedah","2024","4",1,0.0434782608695652
"Varanus salvator","Kedah","2024","6",2,0.0526315789473684
"Varanus salvator","Kedah","2024","7",3,0.0714285714285714
"Varanus salvator","Kedah","2024","8",8,0.205128205128205
"Varanus salvator","Kedah","2024","9",2,0.0952380952380952
"Varanus salvator","Kedah","2025","1",2,0.222222222222222
"Varanus salvator","Kedah","2025","10",2,0.181818181818182
"Varanus salvator","Kedah","2025","11",1,0.166666666666667
"Varanus salvator","Kedah","2025","12",5,0.161290322580645
"Varanus salvator","Kedah","2025","4",2,0.285714285714286
"Varanus salvator","Kedah","2025","5",1,0.2
"Varanus salvator","Kedah","2025","7",1,0.0769230769230769
"Varanus salvator","Kedah","2025","8",5,0.217391304347826
"Varanus salvator","Kedah","2025","9",2,0.285714285714286
"Varanus salvator","Kedah","2026","1",8,0.275862068965517
"Varanus salvator","Kedah","2026","2",5,0.263157894736842
"Varanus salvator","Kedah","2026","3",3,0.272727272727273
"Varanus salvator","Kedah","2026","4",2,0.125
"Varanus salvator","Kedah","2026","5",1,0.25
"Varanus salvator","Kedah","2026","6",7,0.259259259259259
"Varanus salvator","Kedah","2026","7",1,0.166666666666667
"Varanus salvator","Kelantan","2020","2",1,0.5
"Varanus salvator","Kelantan","2023","12",1,1
"Varanus salvator","Kelantan","2024","4",2,0.5
"Varanus salvator","Kelantan","2024","9",1,0.5
"Varanus salvator","Kelantan","2025","3",1,1
"Varanus salvator","Kuala Lumpur","2015","11",3,0.272727272727273
"Varanus salvator","Kuala Lumpur","2015","12",1,0.0833333333333333
"Varanus salvator","Kuala Lumpur","2016","2",1,0.1
"Varanus salvator","Kuala Lumpur","2018","3",1,0.05
"Varanus salvator","Kuala Lumpur","2018","4",2,0.0465116279069767
"Varanus salvator","Kuala Lumpur","2019","3",1,0.025
"Varanus salvator","Kuala Lumpur","2019","4",3,0.115384615384615
"Varanus salvator","Kuala Lumpur","2019","5",1,0.0769230769230769
"Varanus salvator","Kuala Lumpur","2019","6",2,0.133333333333333
"Varanus salvator","Kuala Lumpur","2019","8",2,0.0571428571428571
"Varanus salvator","Kuala Lumpur","2020","1",1,0.027027027027027
"Varanus salvator","Kuala Lumpur","2020","2",1,0.0285714285714286
"Varanus salvator","Kuala Lumpur","2020","3",1,0.0434782608695652
"Varanus salvator","Kuala Lumpur","2020","7",1,0.0277777777777778
"Varanus salvator","Kuala Lumpur","2021","12",1,0.125
"Varanus salvator","Kuala Lumpur","2021","4",1,0.0526315789473684
"Varanus salvator","Kuala Lumpur","2021","5",4,0.121212121212121
"Varanus salvator","Kuala Lumpur","2021","8",1,0.111111111111111
"Varanus salvator","Kuala Lumpur","2022","1",1,0.1
"Varanus salvator","Kuala Lumpur","2022","10",1,0.0285714285714286
"Varanus salvator","Kuala Lumpur","2022","11",1,0.037037037037037
"Varanus salvator","Kuala Lumpur","2022","12",2,0.0392156862745098
"Varanus salvator","Kuala Lumpur","2022","4",3,0.136363636363636
"Varanus salvator","Kuala Lumpur","2022","5",1,0.0555555555555556
"Varanus salvator","Kuala Lumpur","2022","6",1,0.0666666666666667
"Varanus salvator","Kuala Lumpur","2022","7",2,0.0909090909090909
"Varanus salvator","Kuala Lumpur","2022","8",2,0.0625
"Varanus salvator","Kuala Lumpur","2022","9",2,0.0392156862745098
"Varanus salvator","Kuala Lumpur","2023","1",2,0.024390243902439
"Varanus salvator","Kuala Lumpur","2023","10",2,0.0384615384615385
"Varanus salvator","Kuala Lumpur","2023","11",1,0.0135135135135135
"Varanus salvator","Kuala Lumpur","2023","12",2,0.0277777777777778
"Varanus salvator","Kuala Lumpur","2023","2",2,0.0229885057471264
"Varanus salvator","Kuala Lumpur","2023","3",1,0.0153846153846154
"Varanus salvator","Kuala Lumpur","2023","4",3,0.0508474576271186
"Varanus salvator","Kuala Lumpur","2023","5",3,0.1
"Varanus salvator","Kuala Lumpur","2023","6",4,0.0588235294117647
"Varanus salvator","Kuala Lumpur","2023","7",5,0.0588235294117647
"Varanus salvator","Kuala Lumpur","2023","8",1,0.00909090909090909
"Varanus salvator","Kuala Lumpur","2024","1",1,0.0153846153846154
"Varanus salvator","Kuala Lumpur","2024","10",2,0.0224719101123595
"Varanus salvator","Kuala Lumpur","2024","11",3,0.0588235294117647
"Varanus salvator","Kuala Lumpur","2024","12",11,0.122222222222222
"Varanus salvator","Kuala Lumpur","2024","2",4,0.0634920634920635
"Varanus salvator","Kuala Lumpur","2024","3",4,0.0454545454545455
"Varanus salvator","Kuala Lumpur","2024","4",1,0.0161290322580645
"Varanus salvator","Kuala Lumpur","2024","5",1,0.0147058823529412
"Varanus salvator","Kuala Lumpur","2024","6",2,0.0434782608695652
"Varanus salvator","Kuala Lumpur","2024","7",8,0.0808080808080808
"Varanus salvator","Kuala Lumpur","2024","8",3,0.0337078651685393
"Varanus salvator","Kuala Lumpur","2024","9",1,0.015625
"Varanus salvator","Kuala Lumpur","2025","1",2,0.2
"Varanus salvator","Kuala Lumpur","2025","10",3,0.0909090909090909
"Varanus salvator","Kuala Lumpur","2025","11",14,0.4375
"Varanus salvator","Kuala Lumpur","2025","12",10,0.294117647058824
"Varanus salvator","Kuala Lumpur","2025","2",4,0.307692307692308
"Varanus salvator","Kuala Lumpur","2025","3",2,0.222222222222222
"Varanus salvator","Kuala Lumpur","2025","4",4,0.125
"Varanus salvator","Kuala Lumpur","2025","5",3,0.25
"Varanus salvator","Kuala Lumpur","2025","6",2,0.181818181818182
"Varanus salvator","Kuala Lumpur","2025","7",11,0.333333333333333
"Varanus salvator","Kuala Lumpur","2025","8",8,0.5
"Varanus salvator","Kuala Lumpur","2025","9",6,0.315789473684211
"Varanus salvator","Kuala Lumpur","2026","1",17,0.361702127659574
"Varanus salvator","Kuala Lumpur","2026","2",11,0.239130434782609
"Varanus salvator","Kuala Lumpur","2026","3",11,0.423076923076923
"Varanus salvator","Kuala Lumpur","2026","4",7,0.194444444444444
"Varanus salvator","Kuala Lumpur","2026","5",10,0.27027027027027
"Varanus salvator","Kuala Lumpur","2026","6",11,0.333333333333333
"Varanus salvator","Kuala Lumpur","2026","7",5,0.121951219512195
"Varanus salvator","Kuala Lumpur","2026","8",1,0.111111111111111
"Varanus salvator","Labuan","2022","1",1,1
"Varanus salvator","Labuan","2022","9",2,1
"Varanus salvator","Labuan","2024","11",1,1
"Varanus salvator","Labuan","2024","8",1,1
"Varanus salvator","Labuan","2025","6",2,0.666666666666667
"Varanus salvator","Melaka","2015","12",2,0.125
"Varanus salvator","Melaka","2017","3",1,1
"Varanus salvator","Melaka","2017","4",3,0.75
"Varanus salvator","Melaka","2017","5",3,0.75
"Varanus salvator","Melaka","2017","9",1,0.25
"Varanus salvator","Melaka","2019","6",1,0.2
"Varanus salvator","Melaka","2019","7",1,0.142857142857143
"Varanus salvator","Melaka","2019","8",2,0.222222222222222
"Varanus salvator","Melaka","2021","11",1,0.0625
"Varanus salvator","Melaka","2021","12",1,0.0714285714285714
"Varanus salvator","Melaka","2022","12",1,0.111111111111111
"Varanus salvator","Melaka","2022","4",1,0.25
"Varanus salvator","Melaka","2022","7",2,0.0194174757281553
"Varanus salvator","Melaka","2022","8",1,0.111111111111111
"Varanus salvator","Melaka","2023","10",3,0.3
"Varanus salvator","Melaka","2023","11",2,0.333333333333333
"Varanus salvator","Melaka","2023","12",1,0.0909090909090909
"Varanus salvator","Melaka","2023","2",1,0.0833333333333333
"Varanus salvator","Melaka","2023","4",2,0.142857142857143
"Varanus salvator","Melaka","2023","5",3,0.125
"Varanus salvator","Melaka","2023","6",2,0.285714285714286
"Varanus salvator","Melaka","2023","7",1,0.125
"Varanus salvator","Melaka","2023","8",3,0.428571428571429
"Varanus salvator","Melaka","2023","9",2,1
"Varanus salvator","Melaka","2024","1",3,0.5
"Varanus salvator","Melaka","2024","10",1,0.0588235294117647
"Varanus salvator","Melaka","2024","11",3,0.0697674418604651
"Varanus salvator","Melaka","2024","12",1,0.037037037037037
"Varanus salvator","Melaka","2024","3",5,0.208333333333333
"Varanus salvator","Melaka","2024","4",1,0.0769230769230769
"Varanus salvator","Melaka","2024","5",2,0.333333333333333
"Varanus salvator","Melaka","2024","6",1,0.0454545454545455
"Varanus salvator","Melaka","2024","7",3,0.0833333333333333
"Varanus salvator","Melaka","2024","8",1,0.0434782608695652
"Varanus salvator","Melaka","2024","9",2,0.222222222222222
"Varanus salvator","Melaka","2025","11",4,0.571428571428571
"Varanus salvator","Melaka","2025","12",1,0.25
"Varanus salvator","Melaka","2025","2",1,1
"Varanus salvator","Melaka","2025","3",3,0.75
"Varanus salvator","Melaka","2025","5",4,0.8
"Varanus salvator","Melaka","2025","6",1,0.333333333333333
"Varanus salvator","Melaka","2025","7",2,0.5
"Varanus salvator","Melaka","2025","8",2,0.666666666666667
"Varanus salvator","Melaka","2025","9",3,0.75
"Varanus salvator","Melaka","2026","1",3,0.428571428571429
"Varanus salvator","Melaka","2026","2",4,0.333333333333333
"Varanus salvator","Melaka","2026","3",2,0.666666666666667
"Varanus salvator","Melaka","2026","4",2,0.4
"Varanus salvator","Melaka","2026","5",2,0.666666666666667
"Varanus salvator","Melaka","2026","6",1,0.5
"Varanus salvator","Negeri Sembilan","2017","8",1,0.333333333333333
"Varanus salvator","Negeri Sembilan","2018","1",1,0.333333333333333
"Varanus salvator","Negeri Sembilan","2018","10",1,0.166666666666667
"Varanus salvator","Negeri Sembilan","2018","12",1,0.0714285714285714
"Varanus salvator","Negeri Sembilan","2019","6",1,0.2
"Varanus salvator","Negeri Sembilan","2019","7",1,0.04
"Varanus salvator","Negeri Sembilan","2019","8",1,0.0714285714285714
"Varanus salvator","Negeri Sembilan","2020","4",1,0.2
"Varanus salvator","Negeri Sembilan","2021","1",2,0.125
"Varanus salvator","Negeri Sembilan","2021","11",1,0.00862068965517241
"Varanus salvator","Negeri Sembilan","2021","3",1,0.0476190476190476
"Varanus salvator","Negeri Sembilan","2021","4",1,0.015625
"Varanus salvator","Negeri Sembilan","2021","8",1,0.008
"Varanus salvator","Negeri Sembilan","2021","9",1,0.00775193798449612
"Varanus salvator","Negeri Sembilan","2022","1",1,0.0099009900990099
"Varanus salvator","Negeri Sembilan","2022","12",2,0.0307692307692308
"Varanus salvator","Negeri Sembilan","2022","4",1,0.0121951219512195
"Varanus salvator","Negeri Sembilan","2023","3",1,0.0188679245283019
"Varanus salvator","Negeri Sembilan","2023","9",1,0.03125
"Varanus salvator","Negeri Sembilan","2024","2",1,0.0833333333333333
"Varanus salvator","Negeri Sembilan","2024","6",1,0.04
"Varanus salvator","Negeri Sembilan","2025","1",2,0.666666666666667
"Varanus salvator","Negeri Sembilan","2025","2",1,1
"Varanus salvator","Negeri Sembilan","2025","3",2,0.333333333333333
"Varanus salvator","Negeri Sembilan","2025","6",1,0.5
"Varanus salvator","Negeri Sembilan","2025","8",1,1
"Varanus salvator","Negeri Sembilan","2026","4",1,0.25
"Varanus salvator","Negeri Sembilan","2026","6",1,0.333333333333333
"Varanus salvator","Negeri Sembilan","2026","7",1,0.333333333333333
"Varanus salvator","Pahang","2015","8",1,0.111111111111111
"Varanus salvator","Pahang","2015","9",1,0.1
"Varanus salvator","Pahang","2016","6",1,0.0769230769230769
"Varanus salvator","Pahang","2018","3",3,0.111111111111111
"Varanus salvator","Pahang","2019","12",1,0.111111111111111
"Varanus salvator","Pahang","2019","6",1,0.03125
"Varanus salvator","Pahang","2019","7",7,0.152173913043478
"Varanus salvator","Pahang","2020","1",1,0.2
"Varanus salvator","Pahang","2021","1",2,0.285714285714286
"Varanus salvator","Pahang","2021","11",3,0.75
"Varanus salvator","Pahang","2022","11",1,0.0909090909090909
"Varanus salvator","Pahang","2022","4",1,0.0769230769230769
"Varanus salvator","Pahang","2023","11",1,0.0625
"Varanus salvator","Pahang","2023","12",1,0.0769230769230769
"Varanus salvator","Pahang","2023","6",1,0.0222222222222222
"Varanus salvator","Pahang","2023","8",3,0.0789473684210526
"Varanus salvator","Pahang","2024","1",4,0.19047619047619
"Varanus salvator","Pahang","2024","12",1,0.0434782608695652
"Varanus salvator","Pahang","2024","5",5,0.217391304347826
"Varanus salvator","Pahang","2024","6",1,0.0263157894736842
"Varanus salvator","Pahang","2025","10",3,0.2
"Varanus salvator","Pahang","2025","11",1,0.125
"Varanus salvator","Pahang","2025","2",2,0.333333333333333
"Varanus salvator","Pahang","2025","3",2,0.222222222222222
"Varanus salvator","Pahang","2025","4",3,0.428571428571429
"Varanus salvator","Pahang","2025","5",1,0.125
"Varanus salvator","Pahang","2025","7",1,0.166666666666667
"Varanus salvator","Pahang","2025","8",1,0.1
"Varanus salvator","Pahang","2025","9",3,0.428571428571429
"Varanus salvator","Pahang","2026","2",1,0.111111111111111
"Varanus salvator","Pahang","2026","3",1,0.142857142857143
"Varanus salvator","Pahang","2026","4",14,0.259259259259259
"Varanus salvator","Pahang","2026","5",7,0.304347826086957
"Varanus salvator","Pahang","2026","6",2,0.285714285714286
"Varanus salvator","Pahang","2026","7",2,0.2
"Varanus salvator","Pahang","2026","8",1,0.25
"Varanus salvator","Perak","2015","7",1,0.25
"Varanus salvator","Perak","2016","11",1,0.142857142857143
"Varanus salvator","Perak","2017","1",3,0.333333333333333
"Varanus salvator","Perak","2017","11",1,0.0666666666666667
"Varanus salvator","Perak","2017","12",1,0.111111111111111
"Varanus salvator","Perak","2017","2",2,0.133333333333333
"Varanus salvator","Perak","2017","7",3,0.428571428571429
"Varanus salvator","Perak","2018","12",1,0.25
"Varanus salvator","Perak","2018","8",1,0.0833333333333333
"Varanus salvator","Perak","2019","1",1,0.25
"Varanus salvator","Perak","2019","10",1,0.125
"Varanus salvator","Perak","2019","12",1,0.0416666666666667
"Varanus salvator","Perak","2019","4",1,0.0476190476190476
"Varanus salvator","Perak","2019","5",1,0.0625
"Varanus salvator","Perak","2019","6",1,0.111111111111111
"Varanus salvator","Perak","2019","7",1,0.25
"Varanus salvator","Perak","2020","5",1,0.25
"Varanus salvator","Perak","2020","7",1,0.111111111111111
"Varanus salvator","Perak","2021","11",2,0.181818181818182
"Varanus salvator","Perak","2021","12",3,0.157894736842105
"Varanus salvator","Perak","2022","11",2,0.222222222222222
"Varanus salvator","Perak","2022","12",1,0.0416666666666667
"Varanus salvator","Perak","2022","4",1,0.04
"Varanus salvator","Perak","2022","5",1,0.142857142857143
"Varanus salvator","Perak","2022","6",1,0.111111111111111
"Varanus salvator","Perak","2022","7",3,0.2
"Varanus salvator","Perak","2022","8",1,0.0555555555555556
"Varanus salvator","Perak","2022","9",1,0.0769230769230769
"Varanus salvator","Perak","2023","1",2,0.0571428571428571
"Varanus salvator","Perak","2023","10",8,0.444444444444444
"Varanus salvator","Perak","2023","11",1,0.0588235294117647
"Varanus salvator","Perak","2023","12",1,0.0227272727272727
"Varanus salvator","Perak","2023","2",2,0.285714285714286
"Varanus salvator","Perak","2023","5",2,0.0714285714285714
"Varanus salvator","Perak","2023","6",2,0.133333333333333
"Varanus salvator","Perak","2023","7",5,0.172413793103448
"Varanus salvator","Perak","2024","1",8,0.148148148148148
"Varanus salvator","Perak","2024","10",2,0.0625
"Varanus salvator","Perak","2024","11",1,0.0384615384615385
"Varanus salvator","Perak","2024","12",2,0.0317460317460317
"Varanus salvator","Perak","2024","2",4,0.0655737704918033
"Varanus salvator","Perak","2024","3",1,0.0625
"Varanus salvator","Perak","2024","5",2,0.105263157894737
"Varanus salvator","Perak","2024","6",3,0.115384615384615
"Varanus salvator","Perak","2024","7",1,0.04
"Varanus salvator","Perak","2024","8",1,0.0476190476190476
"Varanus salvator","Perak","2024","9",5,0.294117647058824
"Varanus salvator","Perak","2025","1",2,1
"Varanus salvator","Perak","2025","10",6,0.6
"Varanus salvator","Perak","2025","11",2,0.333333333333333
"Varanus salvator","Perak","2025","12",1,0.0588235294117647
"Varanus salvator","Perak","2025","2",4,0.8
"Varanus salvator","Perak","2025","3",3,0.333333333333333
"Varanus salvator","Perak","2025","4",2,0.4
"Varanus salvator","Perak","2025","5",1,0.5
"Varanus salvator","Perak","2025","6",5,0.454545454545455
"Varanus salvator","Perak","2025","7",1,0.111111111111111
"Varanus salvator","Perak","2025","8",9,0.346153846153846
"Varanus salvator","Perak","2025","9",6,0.428571428571429
"Varanus salvator","Perak","2026","1",1,0.5
"Varanus salvator","Perak","2026","2",5,0.555555555555556
"Varanus salvator","Perak","2026","3",1,0.333333333333333
"Varanus salvator","Perak","2026","4",7,0.411764705882353
"Varanus salvator","Perak","2026","5",3,0.272727272727273
"Varanus salvator","Perak","2026","6",3,0.333333333333333
"Varanus salvator","Perak","2026","7",4,0.571428571428571
"Varanus salvator","Perlis","2022","1",2,0.666666666666667
"Varanus salvator","Perlis","2023","12",1,0.166666666666667
"Varanus salvator","Perlis","2025","7",1,0.333333333333333
"Varanus salvator","Perlis","2026","3",1,1
"Varanus salvator","Pulau Pinang","2015","8",1,0.0909090909090909
"Varanus salvator","Pulau Pinang","2017","1",1,0.0166666666666667
"Varanus salvator","Pulau Pinang","2017","10",2,0.0416666666666667
"Varanus salvator","Pulau Pinang","2017","12",2,0.032258064516129
"Varanus salvator","Pulau Pinang","2017","5",2,0.0625
"Varanus salvator","Pulau Pinang","2017","9",1,0.0196078431372549
"Varanus salvator","Pulau Pinang","2018","1",1,0.0178571428571429
"Varanus salvator","Pulau Pinang","2018","10",3,0.1
"Varanus salvator","Pulau Pinang","2018","11",2,0.0465116279069767
"Varanus salvator","Pulau Pinang","2018","12",1,0.037037037037037
"Varanus salvator","Pulau Pinang","2018","3",4,0.0740740740740741
"Varanus salvator","Pulau Pinang","2018","5",2,0.0357142857142857
"Varanus salvator","Pulau Pinang","2018","7",1,0.0208333333333333
"Varanus salvator","Pulau Pinang","2018","8",3,0.0714285714285714
"Varanus salvator","Pulau Pinang","2018","9",1,0.037037037037037
"Varanus salvator","Pulau Pinang","2019","1",1,0.0175438596491228
"Varanus salvator","Pulau Pinang","2019","10",2,0.0188679245283019
"Varanus salvator","Pulau Pinang","2019","11",3,0.03125
"Varanus salvator","Pulau Pinang","2019","12",2,0.0273972602739726
"Varanus salvator","Pulau Pinang","2019","2",8,0.0365296803652968
"Varanus salvator","Pulau Pinang","2019","3",1,0.0285714285714286
"Varanus salvator","Pulau Pinang","2019","4",27,0.123853211009174
"Varanus salvator","Pulau Pinang","2019","5",3,0.0625
"Varanus salvator","Pulau Pinang","2019","6",1,0.0416666666666667
"Varanus salvator","Pulau Pinang","2019","7",1,0.025
"Varanus salvator","Pulau Pinang","2019","8",4,0.0606060606060606
"Varanus salvator","Pulau Pinang","2019","9",2,0.0196078431372549
"Varanus salvator","Pulau Pinang","2020","1",1,0.0121951219512195
"Varanus salvator","Pulau Pinang","2020","11",1,0.0131578947368421
"Varanus salvator","Pulau Pinang","2020","2",2,0.0208333333333333
"Varanus salvator","Pulau Pinang","2020","6",1,0.0344827586206897
"Varanus salvator","Pulau Pinang","2021","12",4,0.0416666666666667
"Varanus salvator","Pulau Pinang","2021","3",1,0.00699300699300699
"Varanus salvator","Pulau Pinang","2021","5",2,0.0253164556962025
"Varanus salvator","Pulau Pinang","2021","7",3,0.115384615384615
"Varanus salvator","Pulau Pinang","2021","9",2,0.0317460317460317
"Varanus salvator","Pulau Pinang","2022","1",1,0.0142857142857143
"Varanus salvator","Pulau Pinang","2022","10",2,0.0238095238095238
"Varanus salvator","Pulau Pinang","2022","11",7,0.111111111111111
"Varanus salvator","Pulau Pinang","2022","12",14,0.126126126126126
"Varanus salvator","Pulau Pinang","2022","3",2,0.0769230769230769
"Varanus salvator","Pulau Pinang","2022","5",3,0.0909090909090909
"Varanus salvator","Pulau Pinang","2022","6",3,0.125
"Varanus salvator","Pulau Pinang","2022","7",1,0.037037037037037
"Varanus salvator","Pulau Pinang","2022","8",1,0.01
"Varanus salvator","Pulau Pinang","2022","9",1,0.0158730158730159
"Varanus salvator","Pulau Pinang","2023","1",14,0.0828402366863905
"Varanus salvator","Pulau Pinang","2023","10",1,0.0151515151515152
"Varanus salvator","Pulau Pinang","2023","11",1,0.00719424460431655
"Varanus salvator","Pulau Pinang","2023","12",4,0.0336134453781513
"Varanus salvator","Pulau Pinang","2023","2",3,0.0326086956521739
"Varanus salvator","Pulau Pinang","2023","4",1,0.0217391304347826
"Varanus salvator","Pulau Pinang","2023","5",2,0.0571428571428571
"Varanus salvator","Pulau Pinang","2023","6",5,0.0909090909090909
"Varanus salvator","Pulau Pinang","2023","7",2,0.0277777777777778
"Varanus salvator","Pulau Pinang","2023","8",8,0.0526315789473684
"Varanus salvator","Pulau Pinang","2023","9",1,0.0175438596491228
"Varanus salvator","Pulau Pinang","2024","1",22,0.198198198198198
"Varanus salvator","Pulau Pinang","2024","10",6,0.0659340659340659
"Varanus salvator","Pulau Pinang","2024","11",7,0.11864406779661
"Varanus salvator","Pulau Pinang","2024","12",14,0.0927152317880795
"Varanus salvator","Pulau Pinang","2024","2",6,0.0535714285714286
"Varanus salvator","Pulau Pinang","2024","3",5,0.0694444444444444
"Varanus salvator","Pulau Pinang","2024","4",2,0.025974025974026
"Varanus salvator","Pulau Pinang","2024","5",2,0.032258064516129
"Varanus salvator","Pulau Pinang","2024","6",2,0.0487804878048781
"Varanus salvator","Pulau Pinang","2024","7",6,0.072289156626506
"Varanus salvator","Pulau Pinang","2024","8",4,0.0481927710843374
"Varanus salvator","Pulau Pinang","2025","1",10,0.384615384615385
"Varanus salvator","Pulau Pinang","2025","10",5,0.3125
"Varanus salvator","Pulau Pinang","2025","11",19,0.703703703703704
"Varanus salvator","Pulau Pinang","2025","12",10,0.232558139534884
"Varanus salvator","Pulau Pinang","2025","3",5,0.238095238095238
"Varanus salvator","Pulau Pinang","2025","4",5,0.294117647058824
"Varanus salvator","Pulau Pinang","2025","5",3,0.272727272727273
"Varanus salvator","Pulau Pinang","2025","6",3,0.136363636363636
"Varanus salvator","Pulau Pinang","2025","7",4,0.153846153846154
"Varanus salvator","Pulau Pinang","2025","8",10,0.27027027027027
"Varanus salvator","Pulau Pinang","2025","9",6,0.285714285714286
"Varanus salvator","Pulau Pinang","2026","1",13,0.382352941176471
"Varanus salvator","Pulau Pinang","2026","2",4,0.166666666666667
"Varanus salvator","Pulau Pinang","2026","3",16,0.516129032258065
"Varanus salvator","Pulau Pinang","2026","4",1,0.0714285714285714
"Varanus salvator","Pulau Pinang","2026","5",6,0.315789473684211
"Varanus salvator","Pulau Pinang","2026","6",6,0.193548387096774
"Varanus salvator","Pulau Pinang","2026","7",10,0.5
"Varanus salvator","Pulau Pinang","2026","8",3,0.375
"Varanus salvator","Putrajaya","2015","8",1,0.333333333333333
"Varanus salvator","Putrajaya","2023","10",1,0.1
"Varanus salvator","Putrajaya","2023","5",2,0.125
"Varanus salvator","Putrajaya","2023","9",1,0.166666666666667
"Varanus salvator","Putrajaya","2026","3",1,0.333333333333333
"Varanus salvator","Putrajaya","2026","5",2,1
"Varanus salvator","Sabah","2015","1",2,0.222222222222222
"Varanus salvator","Sabah","2015","10",1,0.25
"Varanus salvator","Sabah","2015","11",1,0.5
"Varanus salvator","Sabah","2015","2",3,0.5
"Varanus salvator","Sabah","2015","3",5,0.294117647058824
"Varanus salvator","Sabah","2015","4",2,0.25
"Varanus salvator","Sabah","2015","5",1,0.2
"Varanus salvator","Sabah","2015","6",2,0.285714285714286
"Varanus salvator","Sabah","2015","7",5,0.454545454545455
"Varanus salvator","Sabah","2015","8",4,0.5
"Varanus salvator","Sabah","2016","1",4,0.5
"Varanus salvator","Sabah","2016","10",6,0.666666666666667
"Varanus salvator","Sabah","2016","11",7,0.636363636363636
"Varanus salvator","Sabah","2016","12",3,0.272727272727273
"Varanus salvator","Sabah","2016","3",4,0.266666666666667
"Varanus salvator","Sabah","2016","4",10,0.3125
"Varanus salvator","Sabah","2016","5",4,0.5
"Varanus salvator","Sabah","2016","6",7,0.291666666666667
"Varanus salvator","Sabah","2016","7",1,0.5
"Varanus salvator","Sabah","2016","8",3,0.125
"Varanus salvator","Sabah","2016","9",2,0.4
"Varanus salvator","Sabah","2017","1",3,1
"Varanus salvator","Sabah","2017","10",3,0.5
"Varanus salvator","Sabah","2017","11",4,0.4
"Varanus salvator","Sabah","2017","2",3,0.2
"Varanus salvator","Sabah","2017","4",5,0.2
"Varanus salvator","Sabah","2017","6",4,0.285714285714286
"Varanus salvator","Sabah","2017","7",3,0.15
"Varanus salvator","Sabah","2017","8",3,0.2
"Varanus salvator","Sabah","2017","9",2,0.285714285714286
"Varanus salvator","Sabah","2018","1",2,0.25
"Varanus salvator","Sabah","2018","10",4,0.571428571428571
"Varanus salvator","Sabah","2018","11",4,0.307692307692308
"Varanus salvator","Sabah","2018","12",10,0.294117647058824
"Varanus salvator","Sabah","2018","2",4,0.210526315789474
"Varanus salvator","Sabah","2018","3",7,0.241379310344828
"Varanus salvator","Sabah","2018","4",10,0.5
"Varanus salvator","Sabah","2018","5",16,0.246153846153846
"Varanus salvator","Sabah","2018","6",7,0.333333333333333
"Varanus salvator","Sabah","2018","7",8,0.163265306122449
"Varanus salvator","Sabah","2018","8",13,0.302325581395349
"Varanus salvator","Sabah","2018","9",7,0.538461538461538
"Varanus salvator","Sabah","2019","10",30,0.32258064516129
"Varanus salvator","Sabah","2019","11",5,0.454545454545455
"Varanus salvator","Sabah","2019","12",5,0.357142857142857
"Varanus salvator","Sabah","2019","2",4,0.16
"Varanus salvator","Sabah","2019","3",2,0.166666666666667
"Varanus salvator","Sabah","2019","4",5,0.333333333333333
"Varanus salvator","Sabah","2019","5",13,0.382352941176471
"Varanus salvator","Sabah","2019","7",12,0.375
"Varanus salvator","Sabah","2019","8",7,0.411764705882353
"Varanus salvator","Sabah","2019","9",9,0.264705882352941
"Varanus salvator","Sabah","2020","1",3,0.214285714285714
"Varanus salvator","Sabah","2020","10",1,0.333333333333333
"Varanus salvator","Sabah","2020","11",2,0.5
"Varanus salvator","Sabah","2020","2",4,0.222222222222222
"Varanus salvator","Sabah","2020","3",6,0.545454545454545
"Varanus salvator","Sabah","2020","4",1,0.333333333333333
"Varanus salvator","Sabah","2020","5",1,0.5
"Varanus salvator","Sabah","2020","6",1,0.25
"Varanus salvator","Sabah","2020","9",3,0.75
"Varanus salvator","Sabah","2021","3",1,1
"Varanus salvator","Sabah","2021","4",1,0.5
"Varanus salvator","Sabah","2022","10",6,0.153846153846154
"Varanus salvator","Sabah","2022","11",1,0.1
"Varanus salvator","Sabah","2022","12",1,0.0714285714285714
"Varanus salvator","Sabah","2022","5",4,0.25
"Varanus salvator","Sabah","2022","6",4,0.333333333333333
"Varanus salvator","Sabah","2022","7",5,0.15625
"Varanus salvator","Sabah","2022","8",19,0.422222222222222
"Varanus salvator","Sabah","2022","9",8,0.125
"Varanus salvator","Sabah","2023","1",8,0.266666666666667
"Varanus salvator","Sabah","2023","10",7,0.134615384615385
"Varanus salvator","Sabah","2023","11",5,0.294117647058824
"Varanus salvator","Sabah","2023","12",5,0.277777777777778
"Varanus salvator","Sabah","2023","2",3,0.1875
"Varanus salvator","Sabah","2023","3",24,0.30379746835443
"Varanus salvator","Sabah","2023","4",8,0.145454545454545
"Varanus salvator","Sabah","2023","5",20,0.307692307692308
"Varanus salvator","Sabah","2023","6",14,0.241379310344828
"Varanus salvator","Sabah","2023","7",13,0.180555555555556
"Varanus salvator","Sabah","2023","8",16,0.183908045977011
"Varanus salvator","Sabah","2023","9",16,0.313725490196078
"Varanus salvator","Sabah","2024","1",10,0.476190476190476
"Varanus salvator","Sabah","2024","10",34,0.336633663366337
"Varanus salvator","Sabah","2024","11",13,0.295454545454545
"Varanus salvator","Sabah","2024","12",12,0.352941176470588
"Varanus salvator","Sabah","2024","2",9,0.209302325581395
"Varanus salvator","Sabah","2024","3",11,0.215686274509804
"Varanus salvator","Sabah","2024","4",9,0.28125
"Varanus salvator","Sabah","2024","5",10,0.138888888888889
"Varanus salvator","Sabah","2024","6",17,0.242857142857143
"Varanus salvator","Sabah","2024","7",42,0.265822784810127
"Varanus salvator","Sabah","2024","8",30,0.258620689655172
"Varanus salvator","Sabah","2024","9",15,0.227272727272727
"Varanus salvator","Sabah","2025","1",19,0.527777777777778
"Varanus salvator","Sabah","2025","10",20,0.357142857142857
"Varanus salvator","Sabah","2025","11",26,0.366197183098592
"Varanus salvator","Sabah","2025","12",22,0.6875
"Varanus salvator","Sabah","2025","2",23,0.469387755102041
"Varanus salvator","Sabah","2025","3",21,0.411764705882353
"Varanus salvator","Sabah","2025","4",22,0.44
"Varanus salvator","Sabah","2025","5",31,0.449275362318841
"Varanus salvator","Sabah","2025","6",37,0.486842105263158
"Varanus salvator","Sabah","2025","7",52,0.495238095238095
"Varanus salvator","Sabah","2025","8",28,0.5
"Varanus salvator","Sabah","2025","9",21,0.35
"Varanus salvator","Sabah","2026","1",11,0.523809523809524
"Varanus salvator","Sabah","2026","2",22,0.328358208955224
"Varanus salvator","Sabah","2026","3",32,0.653061224489796
"Varanus salvator","Sabah","2026","4",28,0.482758620689655
"Varanus salvator","Sabah","2026","5",31,0.484375
"Varanus salvator","Sabah","2026","6",27,0.529411764705882
"Varanus salvator","Sabah","2026","7",23,0.676470588235294
"Varanus salvator","Sabah","2026","8",6,0.75
"Varanus salvator","Sarawak","2015","11",1,0.25
"Varanus salvator","Sarawak","2015","7",1,0.5
"Varanus salvator","Sarawak","2016","4",1,0.1
"Varanus salvator","Sarawak","2017","1",2,0.285714285714286
"Varanus salvator","Sarawak","2017","2",1,0.25
"Varanus salvator","Sarawak","2017","4",1,0.0833333333333333
"Varanus salvator","Sarawak","2017","6",3,0.272727272727273
"Varanus salvator","Sarawak","2017","8",4,0.363636363636364
"Varanus salvator","Sarawak","2017","9",1,0.333333333333333
"Varanus salvator","Sarawak","2018","1",1,0.111111111111111
"Varanus salvator","Sarawak","2018","5",2,0.125
"Varanus salvator","Sarawak","2018","6",3,0.333333333333333
"Varanus salvator","Sarawak","2018","7",2,0.117647058823529
"Varanus salvator","Sarawak","2019","11",2,0.4
"Varanus salvator","Sarawak","2019","4",2,0.133333333333333
"Varanus salvator","Sarawak","2020","1",1,1
"Varanus salvator","Sarawak","2020","2",1,0.333333333333333
"Varanus salvator","Sarawak","2020","4",1,0.333333333333333
"Varanus salvator","Sarawak","2021","10",1,0.1
"Varanus salvator","Sarawak","2021","12",1,0.5
"Varanus salvator","Sarawak","2021","5",1,0.125
"Varanus salvator","Sarawak","2022","11",1,0.25
"Varanus salvator","Sarawak","2022","12",1,0.25
"Varanus salvator","Sarawak","2023","10",3,0.375
"Varanus salvator","Sarawak","2023","11",3,0.428571428571429
"Varanus salvator","Sarawak","2023","12",2,0.333333333333333
"Varanus salvator","Sarawak","2023","2",1,0.125
"Varanus salvator","Sarawak","2023","3",1,0.05
"Varanus salvator","Sarawak","2023","4",1,0.0714285714285714
"Varanus salvator","Sarawak","2023","5",3,0.1875
"Varanus salvator","Sarawak","2023","7",1,0.0666666666666667
"Varanus salvator","Sarawak","2023","8",5,0.227272727272727
"Varanus salvator","Sarawak","2023","9",2,0.2
"Varanus salvator","Sarawak","2024","1",9,0.45
"Varanus salvator","Sarawak","2024","10",1,0.032258064516129
"Varanus salvator","Sarawak","2024","11",1,0.0555555555555556
"Varanus salvator","Sarawak","2024","12",3,0.25
"Varanus salvator","Sarawak","2024","2",3,0.166666666666667
"Varanus salvator","Sarawak","2024","3",1,0.0454545454545455
"Varanus salvator","Sarawak","2024","4",2,0.08
"Varanus salvator","Sarawak","2024","6",4,0.166666666666667
"Varanus salvator","Sarawak","2024","7",6,0.142857142857143
"Varanus salvator","Sarawak","2024","8",42,0.233333333333333
"Varanus salvator","Sarawak","2024","9",1,0.0344827586206897
"Varanus salvator","Sarawak","2025","1",7,0.368421052631579
"Varanus salvator","Sarawak","2025","10",3,0.25
"Varanus salvator","Sarawak","2025","11",5,0.555555555555556
"Varanus salvator","Sarawak","2025","12",3,0.333333333333333
"Varanus salvator","Sarawak","2025","2",4,0.4
"Varanus salvator","Sarawak","2025","3",7,0.388888888888889
"Varanus salvator","Sarawak","2025","4",6,0.352941176470588
"Varanus salvator","Sarawak","2025","5",4,0.307692307692308
"Varanus salvator","Sarawak","2025","6",3,0.375
"Varanus salvator","Sarawak","2025","7",4,0.210526315789474
"Varanus salvator","Sarawak","2025","8",1,0.0909090909090909
"Varanus salvator","Sarawak","2025","9",4,0.153846153846154
"Varanus salvator","Sarawak","2026","1",2,0.25
"Varanus salvator","Sarawak","2026","2",4,0.444444444444444
"Varanus salvator","Sarawak","2026","3",10,0.526315789473684
"Varanus salvator","Sarawak","2026","4",2,0.153846153846154
"Varanus salvator","Sarawak","2026","6",3,0.75
"Varanus salvator","Sarawak","2026","7",6,0.461538461538462
"Varanus salvator","Selangor","2015","2",3,0.166666666666667
"Varanus salvator","Selangor","2015","3",1,0.0303030303030303
"Varanus salvator","Selangor","2015","9",1,0.0666666666666667
"Varanus salvator","Selangor","2016","1",1,0.024390243902439
"Varanus salvator","Selangor","2016","6",4,0.108108108108108
"Varanus salvator","Selangor","2017","1",1,0.0256410256410256
"Varanus salvator","Selangor","2017","5",5,0.0943396226415094
"Varanus salvator","Selangor","2017","6",2,0.0363636363636364
"Varanus salvator","Selangor","2017","8",3,0.06
"Varanus salvator","Selangor","2018","12",1,0.0285714285714286
"Varanus salvator","Selangor","2018","3",2,0.0285714285714286
"Varanus salvator","Selangor","2018","4",2,0.021505376344086
"Varanus salvator","Selangor","2018","5",2,0.03125
"Varanus salvator","Selangor","2018","7",1,0.027027027027027
"Varanus salvator","Selangor","2018","8",1,0.0238095238095238
"Varanus salvator","Selangor","2018","9",1,0.0222222222222222
"Varanus salvator","Selangor","2019","10",5,0.0595238095238095
"Varanus salvator","Selangor","2019","11",2,0.08
"Varanus salvator","Selangor","2019","2",2,0.0555555555555556
"Varanus salvator","Selangor","2019","3",1,0.0333333333333333
"Varanus salvator","Selangor","2019","4",1,0.0138888888888889
"Varanus salvator","Selangor","2019","5",2,0.0344827586206897
"Varanus salvator","Selangor","2019","6",2,0.0357142857142857
"Varanus salvator","Selangor","2019","7",1,0.0102040816326531
"Varanus salvator","Selangor","2020","1",1,0.0208333333333333
"Varanus salvator","Selangor","2020","6",3,0.0410958904109589
"Varanus salvator","Selangor","2020","8",1,0.0454545454545455
"Varanus salvator","Selangor","2021","1",3,0.05
"Varanus salvator","Selangor","2021","10",1,0.0126582278481013
"Varanus salvator","Selangor","2021","11",1,0.025
"Varanus salvator","Selangor","2021","12",3,0.0612244897959184
"Varanus salvator","Selangor","2021","2",1,0.0285714285714286
"Varanus salvator","Selangor","2021","4",3,0.0416666666666667
"Varanus salvator","Selangor","2021","5",4,0.0645161290322581
"Varanus salvator","Selangor","2021","9",1,0.024390243902439
"Varanus salvator","Selangor","2022","1",1,0.0188679245283019
"Varanus salvator","Selangor","2022","10",4,0.0275862068965517
"Varanus salvator","Selangor","2022","11",2,0.0111731843575419
"Varanus salvator","Selangor","2022","12",2,0.0105820105820106
"Varanus salvator","Selangor","2022","4",3,0.037037037037037
"Varanus salvator","Selangor","2022","5",1,0.0116279069767442
"Varanus salvator","Selangor","2022","6",1,0.0135135135135135
"Varanus salvator","Selangor","2022","7",3,0.0666666666666667
"Varanus salvator","Selangor","2022","8",3,0.0416666666666667
"Varanus salvator","Selangor","2022","9",2,0.0204081632653061
"Varanus salvator","Selangor","2023","1",1,0.00641025641025641
"Varanus salvator","Selangor","2023","10",6,0.0397350993377483
"Varanus salvator","Selangor","2023","11",6,0.0714285714285714
"Varanus salvator","Selangor","2023","12",5,0.0423728813559322
"Varanus salvator","Selangor","2023","2",1,0.00578034682080925
"Varanus salvator","Selangor","2023","3",1,0.00478468899521531
"Varanus salvator","Selangor","2023","4",2,0.0155038759689922
"Varanus salvator","Selangor","2023","5",3,0.0205479452054795
"Varanus salvator","Selangor","2023","6",2,0.018348623853211
"Varanus salvator","Selangor","2023","7",6,0.0327868852459016
"Varanus salvator","Selangor","2023","8",3,0.0198675496688742
"Varanus salvator","Selangor","2023","9",7,0.0760869565217391
"Varanus salvator","Selangor","2024","1",7,0.0526315789473684
"Varanus salvator","Selangor","2024","10",8,0.0522875816993464
"Varanus salvator","Selangor","2024","11",7,0.0486111111111111
"Varanus salvator","Selangor","2024","12",7,0.049645390070922
"Varanus salvator","Selangor","2024","2",1,0.00684931506849315
"Varanus salvator","Selangor","2024","3",4,0.0245398773006135
"Varanus salvator","Selangor","2024","4",3,0.0260869565217391
"Varanus salvator","Selangor","2024","5",5,0.037593984962406
"Varanus salvator","Selangor","2024","6",8,0.036036036036036
"Varanus salvator","Selangor","2024","7",20,0.108695652173913
"Varanus salvator","Selangor","2024","8",7,0.0457516339869281
"Varanus salvator","Selangor","2024","9",6,0.0431654676258993
"Varanus salvator","Selangor","2025","1",13,0.448275862068966
"Varanus salvator","Selangor","2025","10",8,0.210526315789474
"Varanus salvator","Selangor","2025","11",7,0.175
"Varanus salvator","Selangor","2025","12",5,0.106382978723404
"Varanus salvator","Selangor","2025","2",2,0.0540540540540541
"Varanus salvator","Selangor","2025","3",9,0.225
"Varanus salvator","Selangor","2025","4",5,0.102040816326531
"Varanus salvator","Selangor","2025","5",6,0.214285714285714
"Varanus salvator","Selangor","2025","6",5,0.138888888888889
"Varanus salvator","Selangor","2025","7",4,0.105263157894737
"Varanus salvator","Selangor","2025","8",7,0.233333333333333
"Varanus salvator","Selangor","2025","9",6,0.166666666666667
"Varanus salvator","Selangor","2026","1",13,0.26
"Varanus salvator","Selangor","2026","2",8,0.177777777777778
"Varanus salvator","Selangor","2026","3",6,0.260869565217391
"Varanus salvator","Selangor","2026","4",1,0.0416666666666667
"Varanus salvator","Selangor","2026","5",3,0.111111111111111
"Varanus salvator","Selangor","2026","6",7,0.14
"Varanus salvator","Selangor","2026","7",7,0.184210526315789
"Varanus salvator","Selangor","2026","8",3,0.333333333333333
"Varanus salvator","Terengganu","2015","4",1,0.25
"Varanus salvator","Terengganu","2015","7",1,1
"Varanus salvator","Terengganu","2016","7",1,1
"Varanus salvator","Terengganu","2018","3",1,1
"Varanus salvator","Terengganu","2019","8",2,0.5
"Varanus salvator","Terengganu","2020","3",1,1
"Varanus salvator","Terengganu","2021","1",1,0.333333333333333
"Varanus salvator","Terengganu","2021","12",1,0.5
"Varanus salvator","Terengganu","2023","8",2,0.222222222222222
"Varanus salvator","Terengganu","2024","3",1,0.5
"Varanus salvator","Terengganu","2024","4",1,1
"Varanus salvator","Terengganu","2024","5",3,0.375
"Varanus salvator","Terengganu","2025","3",2,0.666666666666667
"Varanus salvator","Terengganu","2025","4",1,0.5
"Varanus salvator","Terengganu","2025","7",1,0.25
"Varanus salvator","Terengganu","2025","8",2,0.666666666666667
"Varanus salvator","Terengganu","2026","3",1,0.333333333333333
"Varanus salvator","Terengganu","2026","4",2,1
"Varanus salvator","Terengganu","2026","7",2,0.5
