species,state_normalised,year,pop_2020_k,forest_reserve_ha,month,encounter_count,encounter_share,present
Acridotheres tristis,Johor,2015,4009.7,414637,1,1,0.166667,1
Corvus splendens,Johor,2015,4009.7,414637,1,2,0.333333,1
Macaca fascicularis,Johor,2015,4009.7,414637,1,1,0.166667,1
Malayopython reticulatus,Johor,2015,4009.7,414637,1,0,0.0,0
Naja sumatrana,Johor,2015,4009.7,414637,1,0,0.0,0
Sus scrofa,Johor,2015,4009.7,414637,1,0,0.0,0
Varanus salvator,Johor,2015,4009.7,414637,1,2,0.333333,1
Acridotheres tristis,Kedah,2015,2131.4,341976,1,4,0.5,1
Corvus splendens,Kedah,2015,2131.4,341976,1,1,0.125,1
Macaca fascicularis,Kedah,2015,2131.4,341976,1,2,0.25,1
Malayopython reticulatus,Kedah,2015,2131.4,341976,1,0,0.0,0
Naja sumatrana,Kedah,2015,2131.4,341976,1,0,0.0,0
Sus scrofa,Kedah,2015,2131.4,341976,1,0,0.0,0
Varanus salvator,Kedah,2015,2131.4,341976,1,1,0.125,1
Acridotheres tristis,Melaka,2015,998.4,5104,1,1,1.0,1
Corvus splendens,Melaka,2015,998.4,5104,1,0,0.0,0
Macaca fascicularis,Melaka,2015,998.4,5104,1,0,0.0,0
Malayopython reticulatus,Melaka,2015,998.4,5104,1,0,0.0,0
Naja sumatrana,Melaka,2015,998.4,5104,1,0,0.0,0
Sus scrofa,Melaka,2015,998.4,5104,1,0,0.0,0
Varanus salvator,Melaka,2015,998.4,5104,1,0,0.0,0
Acridotheres tristis,Pahang,2015,1591.3,1563993,1,3,0.75,1
Corvus splendens,Pahang,2015,1591.3,1563993,1,1,0.25,1
Macaca fascicularis,Pahang,2015,1591.3,1563993,1,0,0.0,0
Malayopython reticulatus,Pahang,2015,1591.3,1563993,1,0,0.0,0
Naja sumatrana,Pahang,2015,1591.3,1563993,1,0,0.0,0
Sus scrofa,Pahang,2015,1591.3,1563993,1,0,0.0,0
Varanus salvator,Pahang,2015,1591.3,1563993,1,0,0.0,0
Acridotheres tristis,Perak,2015,2496.0,999488,1,4,1.0,1
Corvus splendens,Perak,2015,2496.0,999488,1,0,0.0,0
Macaca fascicularis,Perak,2015,2496.0,999488,1,0,0.0,0
Malayopython reticulatus,Perak,2015,2496.0,999488,1,0,0.0,0
Naja sumatrana,Perak,2015,2496.0,999488,1,0,0.0,0
Sus scrofa,Perak,2015,2496.0,999488,1,0,0.0,0
Varanus salvator,Perak,2015,2496.0,999488,1,0,0.0,0
Acridotheres tristis,Perlis,2015,284.9,10799,1,6,1.0,1
Corvus splendens,Perlis,2015,284.9,10799,1,0,0.0,0
Macaca fascicularis,Perlis,2015,284.9,10799,1,0,0.0,0
Malayopython reticulatus,Perlis,2015,284.9,10799,1,0,0.0,0
Naja sumatrana,Perlis,2015,284.9,10799,1,0,0.0,0
Sus scrofa,Perlis,2015,284.9,10799,1,0,0.0,0
Varanus salvator,Perlis,2015,284.9,10799,1,0,0.0,0
Acridotheres tristis,Pulau Pinang,2015,1740.4,6060,1,24,0.461538,1
Corvus splendens,Pulau Pinang,2015,1740.4,6060,1,28,0.538462,1
Macaca fascicularis,Pulau Pinang,2015,1740.4,6060,1,0,0.0,0
Malayopython reticulatus,Pulau Pinang,2015,1740.4,6060,1,0,0.0,0
Naja sumatrana,Pulau Pinang,2015,1740.4,6060,1,0,0.0,0
Sus scrofa,Pulau Pinang,2015,1740.4,6060,1,0,0.0,0
Varanus salvator,Pulau Pinang,2015,1740.4,6060,1,0,0.0,0
Acridotheres tristis,Putrajaya,2015,109.2,0,1,0,0.0,0
Corvus splendens,Putrajaya,2015,109.2,0,1,1,1.0,1
Macaca fascicularis,Putrajaya,2015,109.2,0,1,0,0.0,0
Malayopython reticulatus,Putrajaya,2015,109.2,0,1,0,0.0,0
Naja sumatrana,Putrajaya,2015,109.2,0,1,0,0.0,0
Sus scrofa,Putrajaya,2015,109.2,0,1,0,0.0,0
Varanus salvator,Putrajaya,2015,109.2,0,1,0,0.0,0
Acridotheres tristis,Sabah,2015,3418.8,3551247,1,3,0.333333,1
Corvus splendens,Sabah,2015,3418.8,3551247,1,3,0.333333,1
Macaca fascicularis,Sabah,2015,3418.8,3551247,1,0,0.0,0
Malayopython reticulatus,Sabah,2015,3418.8,3551247,1,1,0.111111,1
Naja sumatrana,Sabah,2015,3418.8,3551247,1,0,0.0,0
Sus scrofa,Sabah,2015,3418.8,3551247,1,0,0.0,0
Varanus salvator,Sabah,2015,3418.8,3551247,1,2,0.222222,1
Acridotheres tristis,Selangor,2015,6994.4,250129,1,7,0.21875,1
Corvus splendens,Selangor,2015,6994.4,250129,1,25,0.78125,1
Macaca fascicularis,Selangor,2015,6994.4,250129,1,0,0.0,0
Malayopython reticulatus,Selangor,2015,6994.4,250129,1,0,0.0,0
Naja sumatrana,Selangor,2015,6994.4,250129,1,0,0.0,0
Sus scrofa,Selangor,2015,6994.4,250129,1,0,0.0,0
Varanus salvator,Selangor,2015,6994.4,250129,1,0,0.0,0
Acridotheres tristis,Johor,2015,4009.7,414637,2,1,0.5,1
Corvus splendens,Johor,2015,4009.7,414637,2,1,0.5,1
Macaca fascicularis,Johor,2015,4009.7,414637,2,0,0.0,0
Malayopython reticulatus,Johor,2015,4009.7,414637,2,0,0.0,0
Naja sumatrana,Johor,2015,4009.7,414637,2,0,0.0,0
Sus scrofa,Johor,2015,4009.7,414637,2,0,0.0,0
Varanus salvator,Johor,2015,4009.7,414637,2,0,0.0,0
Acridotheres tristis,Kedah,2015,2131.4,341976,2,4,1.0,1
Corvus splendens,Kedah,2015,2131.4,341976,2,0,0.0,0
Macaca fascicularis,Kedah,2015,2131.4,341976,2,0,0.0,0
Malayopython reticulatus,Kedah,2015,2131.4,341976,2,0,0.0,0
Naja sumatrana,Kedah,2015,2131.4,341976,2,0,0.0,0
Sus scrofa,Kedah,2015,2131.4,341976,2,0,0.0,0
Varanus salvator,Kedah,2015,2131.4,341976,2,0,0.0,0
Acridotheres tristis,Melaka,2015,998.4,5104,2,0,0.0,0
Corvus splendens,Melaka,2015,998.4,5104,2,1,1.0,1
Macaca fascicularis,Melaka,2015,998.4,5104,2,0,0.0,0
Malayopython reticulatus,Melaka,2015,998.4,5104,2,0,0.0,0
Naja sumatrana,Melaka,2015,998.4,5104,2,0,0.0,0
Sus scrofa,Melaka,2015,998.4,5104,2,0,0.0,0
Varanus salvator,Melaka,2015,998.4,5104,2,0,0.0,0
Acridotheres tristis,Pahang,2015,1591.3,1563993,2,20,0.769231,1
Corvus splendens,Pahang,2015,1591.3,1563993,2,2,0.076923,1
Macaca fascicularis,Pahang,2015,1591.3,1563993,2,4,0.153846,1
Malayopython reticulatus,Pahang,2015,1591.3,1563993,2,0,0.0,0
Naja sumatrana,Pahang,2015,1591.3,1563993,2,0,0.0,0
Sus scrofa,Pahang,2015,1591.3,1563993,2,0,0.0,0
Varanus salvator,Pahang,2015,1591.3,1563993,2,0,0.0,0
Acridotheres tristis,Perak,2015,2496.0,999488,2,9,1.0,1
Corvus splendens,Perak,2015,2496.0,999488,2,0,0.0,0
Macaca fascicularis,Perak,2015,2496.0,999488,2,0,0.0,0
Malayopython reticulatus,Perak,2015,2496.0,999488,2,0,0.0,0
Naja sumatrana,Perak,2015,2496.0,999488,2,0,0.0,0
Sus scrofa,Perak,2015,2496.0,999488,2,0,0.0,0
Varanus salvator,Perak,2015,2496.0,999488,2,0,0.0,0
Acridotheres tristis,Perlis,2015,284.9,10799,2,5,1.0,1
Corvus splendens,Perlis,2015,284.9,10799,2,0,0.0,0
Macaca fascicularis,Perlis,2015,284.9,10799,2,0,0.0,0
Malayopython reticulatus,Perlis,2015,284.9,10799,2,0,0.0,0
Naja sumatrana,Perlis,2015,284.9,10799,2,0,0.0,0
Sus scrofa,Perlis,2015,284.9,10799,2,0,0.0,0
Varanus salvator,Perlis,2015,284.9,10799,2,0,0.0,0
Acridotheres tristis,Pulau Pinang,2015,1740.4,6060,2,10,0.434783,1
Corvus splendens,Pulau Pinang,2015,1740.4,6060,2,13,0.565217,1
Macaca fascicularis,Pulau Pinang,2015,1740.4,6060,2,0,0.0,0
Malayopython reticulatus,Pulau Pinang,2015,1740.4,6060,2,0,0.0,0
Naja sumatrana,Pulau Pinang,2015,1740.4,6060,2,0,0.0,0
Sus scrofa,Pulau Pinang,2015,1740.4,6060,2,0,0.0,0
Varanus salvator,Pulau Pinang,2015,1740.4,6060,2,0,0.0,0
Acridotheres tristis,Sabah,2015,3418.8,3551247,2,0,0.0,0
Corvus splendens,Sabah,2015,3418.8,3551247,2,1,0.166667,1
Macaca fascicularis,Sabah,2015,3418.8,3551247,2,2,0.333333,1
Malayopython reticulatus,Sabah,2015,3418.8,3551247,2,0,0.0,0
Naja sumatrana,Sabah,2015,3418.8,3551247,2,0,0.0,0
Sus scrofa,Sabah,2015,3418.8,3551247,2,0,0.0,0
Varanus salvator,Sabah,2015,3418.8,3551247,2,3,0.5,1
Acridotheres tristis,Sarawak,2015,2453.7,4320302,2,2,0.666667,1
Corvus splendens,Sarawak,2015,2453.7,4320302,2,0,0.0,0
Macaca fascicularis,Sarawak,2015,2453.7,4320302,2,1,0.333333,1
Malayopython reticulatus,Sarawak,2015,2453.7,4320302,2,0,0.0,0
Naja sumatrana,Sarawak,2015,2453.7,4320302,2,0,0.0,0
Sus scrofa,Sarawak,2015,2453.7,4320302,2,0,0.0,0
Varanus salvator,Sarawak,2015,2453.7,4320302,2,0,0.0,0
Acridotheres tristis,Selangor,2015,6994.4,250129,2,5,0.277778,1
Corvus splendens,Selangor,2015,6994.4,250129,2,5,0.277778,1
Macaca fascicularis,Selangor,2015,6994.4,250129,2,5,0.277778,1
Malayopython reticulatus,Selangor,2015,6994.4,250129,2,0,0.0,0
Naja sumatrana,Selangor,2015,6994.4,250129,2,0,0.0,0
Sus scrofa,Selangor,2015,6994.4,250129,2,0,0.0,0
Varanus salvator,Selangor,2015,6994.4,250129,2,3,0.166667,1
Acridotheres tristis,Terengganu,2015,1149.4,544937,2,0,0.0,0
Corvus splendens,Terengganu,2015,1149.4,544937,2,1,1.0,1
Macaca fascicularis,Terengganu,2015,1149.4,544937,2,0,0.0,0
Malayopython reticulatus,Terengganu,2015,1149.4,544937,2,0,0.0,0
Naja sumatrana,Terengganu,2015,1149.4,544937,2,0,0.0,0
Sus scrofa,Terengganu,2015,1149.4,544937,2,0,0.0,0
Varanus salvator,Terengganu,2015,1149.4,544937,2,0,0.0,0
Acridotheres tristis,Johor,2015,4009.7,414637,3,2,0.5,1
Corvus splendens,Johor,2015,4009.7,414637,3,2,0.5,1
Macaca fascicularis,Johor,2015,4009.7,414637,3,0,0.0,0
Malayopython reticulatus,Johor,2015,4009.7,414637,3,0,0.0,0
Naja sumatrana,Johor,2015,4009.7,414637,3,0,0.0,0
Sus scrofa,Johor,2015,4009.7,414637,3,0,0.0,0
Varanus salvator,Johor,2015,4009.7,414637,3,0,0.0,0
Acridotheres tristis,Kedah,2015,2131.4,341976,3,6,0.857143,1
Corvus splendens,Kedah,2015,2131.4,341976,3,1,0.142857,1
Macaca fascicularis,Kedah,2015,2131.4,341976,3,0,0.0,0
Malayopython reticulatus,Kedah,2015,2131.4,341976,3,0,0.0,0
Naja sumatrana,Kedah,2015,2131.4,341976,3,0,0.0,0
Sus scrofa,Kedah,2015,2131.4,341976,3,0,0.0,0
Varanus salvator,Kedah,2015,2131.4,341976,3,0,0.0,0
Acridotheres tristis,Kuala Lumpur,2015,1982.1,68,3,3,0.272727,1
Corvus splendens,Kuala Lumpur,2015,1982.1,68,3,7,0.636364,1
Macaca fascicularis,Kuala Lumpur,2015,1982.1,68,3,1,0.090909,1
Malayopython reticulatus,Kuala Lumpur,2015,1982.1,68,3,0,0.0,0
Naja sumatrana,Kuala Lumpur,2015,1982.1,68,3,0,0.0,0
Sus scrofa,Kuala Lumpur,2015,1982.1,68,3,0,0.0,0
Varanus salvator,Kuala Lumpur,2015,1982.1,68,3,0,0.0,0
Acridotheres tristis,Negeri Sembilan,2015,1200.0,155708,3,3,1.0,1
Corvus splendens,Negeri Sembilan,2015,1200.0,155708,3,0,0.0,0
Macaca fascicularis,Negeri Sembilan,2015,1200.0,155708,3,0,0.0,0
Malayopython reticulatus,Negeri Sembilan,2015,1200.0,155708,3,0,0.0,0
Naja sumatrana,Negeri Sembilan,2015,1200.0,155708,3,0,0.0,0
Sus scrofa,Negeri Sembilan,2015,1200.0,155708,3,0,0.0,0
Varanus salvator,Negeri Sembilan,2015,1200.0,155708,3,0,0.0,0
Acridotheres tristis,Pahang,2015,1591.3,1563993,3,12,0.705882,1
Corvus splendens,Pahang,2015,1591.3,1563993,3,3,0.176471,1
Macaca fascicularis,Pahang,2015,1591.3,1563993,3,2,0.117647,1
Malayopython reticulatus,Pahang,2015,1591.3,1563993,3,0,0.0,0
Naja sumatrana,Pahang,2015,1591.3,1563993,3,0,0.0,0
Sus scrofa,Pahang,2015,1591.3,1563993,3,0,0.0,0
Varanus salvator,Pahang,2015,1591.3,1563993,3,0,0.0,0
Acridotheres tristis,Perak,2015,2496.0,999488,3,14,1.0,1
Corvus splendens,Perak,2015,2496.0,999488,3,0,0.0,0
Macaca fascicularis,Perak,2015,2496.0,999488,3,0,0.0,0
Malayopython reticulatus,Perak,2015,2496.0,999488,3,0,0.0,0
Naja sumatrana,Perak,2015,2496.0,999488,3,0,0.0,0
Sus scrofa,Perak,2015,2496.0,999488,3,0,0.0,0
Varanus salvator,Perak,2015,2496.0,999488,3,0,0.0,0
Acridotheres tristis,Perlis,2015,284.9,10799,3,6,1.0,1
Corvus splendens,Perlis,2015,284.9,10799,3,0,0.0,0
Macaca fascicularis,Perlis,2015,284.9,10799,3,0,0.0,0
Malayopython reticulatus,Perlis,2015,284.9,10799,3,0,0.0,0
Naja sumatrana,Perlis,2015,284.9,10799,3,0,0.0,0
Sus scrofa,Perlis,2015,284.9,10799,3,0,0.0,0
Varanus salvator,Perlis,2015,284.9,10799,3,0,0.0,0
Acridotheres tristis,Pulau Pinang,2015,1740.4,6060,3,11,0.407407,1
Corvus splendens,Pulau Pinang,2015,1740.4,6060,3,14,0.518519,1
Macaca fascicularis,Pulau Pinang,2015,1740.4,6060,3,2,0.074074,1
Malayopython reticulatus,Pulau Pinang,2015,1740.4,6060,3,0,0.0,0
Naja sumatrana,Pulau Pinang,2015,1740.4,6060,3,0,0.0,0
Sus scrofa,Pulau Pinang,2015,1740.4,6060,3,0,0.0,0
Varanus salvator,Pulau Pinang,2015,1740.4,6060,3,0,0.0,0
Acridotheres tristis,Sabah,2015,3418.8,3551247,3,0,0.0,0
Corvus splendens,Sabah,2015,3418.8,3551247,3,6,0.352941,1
Macaca fascicularis,Sabah,2015,3418.8,3551247,3,6,0.352941,1
Malayopython reticulatus,Sabah,2015,3418.8,3551247,3,0,0.0,0
Naja sumatrana,Sabah,2015,3418.8,3551247,3,0,0.0,0
Sus scrofa,Sabah,2015,3418.8,3551247,3,0,0.0,0
Varanus salvator,Sabah,2015,3418.8,3551247,3,5,0.294118,1
Acridotheres tristis,Selangor,2015,6994.4,250129,3,11,0.333333,1
Corvus splendens,Selangor,2015,6994.4,250129,3,19,0.575758,1
Macaca fascicularis,Selangor,2015,6994.4,250129,3,2,0.060606,1
Malayopython reticulatus,Selangor,2015,6994.4,250129,3,0,0.0,0
Naja sumatrana,Selangor,2015,6994.4,250129,3,0,0.0,0
Sus scrofa,Selangor,2015,6994.4,250129,3,0,0.0,0
Varanus salvator,Selangor,2015,6994.4,250129,3,1,0.030303,1
Acridotheres tristis,Johor,2015,4009.7,414637,4,1,0.5,1
Corvus splendens,Johor,2015,4009.7,414637,4,0,0.0,0
Macaca fascicularis,Johor,2015,4009.7,414637,4,1,0.5,1
Malayopython reticulatus,Johor,2015,4009.7,414637,4,0,0.0,0
Naja sumatrana,Johor,2015,4009.7,414637,4,0,0.0,0
Sus scrofa,Johor,2015,4009.7,414637,4,0,0.0,0
Varanus salvator,Johor,2015,4009.7,414637,4,0,0.0,0
Acridotheres tristis,Kedah,2015,2131.4,341976,4,6,0.666667,1
Corvus splendens,Kedah,2015,2131.4,341976,4,1,0.111111,1
Macaca fascicularis,Kedah,2015,2131.4,341976,4,1,0.111111,1
Malayopython reticulatus,Kedah,2015,2131.4,341976,4,1,0.111111,1
Naja sumatrana,Kedah,2015,2131.4,341976,4,0,0.0,0
Sus scrofa,Kedah,2015,2131.4,341976,4,0,0.0,0
Varanus salvator,Kedah,2015,2131.4,341976,4,0,0.0,0
Acridotheres tristis,Kuala Lumpur,2015,1982.1,68,4,2,0.666667,1
Corvus splendens,Kuala Lumpur,2015,1982.1,68,4,1,0.333333,1
Macaca fascicularis,Kuala Lumpur,2015,1982.1,68,4,0,0.0,0
Malayopython reticulatus,Kuala Lumpur,2015,1982.1,68,4,0,0.0,0
Naja sumatrana,Kuala Lumpur,2015,1982.1,68,4,0,0.0,0
Sus scrofa,Kuala Lumpur,2015,1982.1,68,4,0,0.0,0
Varanus salvator,Kuala Lumpur,2015,1982.1,68,4,0,0.0,0
Acridotheres tristis,Pahang,2015,1591.3,1563993,4,2,0.666667,1
Corvus splendens,Pahang,2015,1591.3,1563993,4,0,0.0,0
Macaca fascicularis,Pahang,2015,1591.3,1563993,4,0,0.0,0
Malayopython reticulatus,Pahang,2015,1591.3,1563993,4,0,0.0,0
Naja sumatrana,Pahang,2015,1591.3,1563993,4,0,0.0,0
Sus scrofa,Pahang,2015,1591.3,1563993,4,1,0.333333,1
Varanus salvator,Pahang,2015,1591.3,1563993,4,0,0.0,0
Acridotheres tristis,Perak,2015,2496.0,999488,4,3,0.75,1
Corvus splendens,Perak,2015,2496.0,999488,4,0,0.0,0
Macaca fascicularis,Perak,2015,2496.0,999488,4,1,0.25,1
Malayopython reticulatus,Perak,2015,2496.0,999488,4,0,0.0,0
Naja sumatrana,Perak,2015,2496.0,999488,4,0,0.0,0
Sus scrofa,Perak,2015,2496.0,999488,4,0,0.0,0
Varanus salvator,Perak,2015,2496.0,999488,4,0,0.0,0
Acridotheres tristis,Perlis,2015,284.9,10799,4,2,1.0,1
Corvus splendens,Perlis,2015,284.9,10799,4,0,0.0,0
Macaca fascicularis,Perlis,2015,284.9,10799,4,0,0.0,0
Malayopython reticulatus,Perlis,2015,284.9,10799,4,0,0.0,0
Naja sumatrana,Perlis,2015,284.9,10799,4,0,0.0,0
Sus scrofa,Perlis,2015,284.9,10799,4,0,0.0,0
Varanus salvator,Perlis,2015,284.9,10799,4,0,0.0,0
Acridotheres tristis,Pulau Pinang,2015,1740.4,6060,4,13,0.52,1
Corvus splendens,Pulau Pinang,2015,1740.4,6060,4,12,0.48,1
Macaca fascicularis,Pulau Pinang,2015,1740.4,6060,4,0,0.0,0
Malayopython reticulatus,Pulau Pinang,2015,1740.4,6060,4,0,0.0,0
Naja sumatrana,Pulau Pinang,2015,1740.4,6060,4,0,0.0,0
Sus scrofa,Pulau Pinang,2015,1740.4,6060,4,0,0.0,0
Varanus salvator,Pulau Pinang,2015,1740.4,6060,4,0,0.0,0
Acridotheres tristis,Sabah,2015,3418.8,3551247,4,2,0.25,1
Corvus splendens,Sabah,2015,3418.8,3551247,4,2,0.25,1
Macaca fascicularis,Sabah,2015,3418.8,3551247,4,2,0.25,1
Malayopython reticulatus,Sabah,2015,3418.8,3551247,4,0,0.0,0
Naja sumatrana,Sabah,2015,3418.8,3551247,4,0,0.0,0
Sus scrofa,Sabah,2015,3418.8,3551247,4,0,0.0,0
Varanus salvator,Sabah,2015,3418.8,3551247,4,2,0.25,1
Acridotheres tristis,Sarawak,2015,2453.7,4320302,4,1,1.0,1
Corvus splendens,Sarawak,2015,2453.7,4320302,4,0,0.0,0
Macaca fascicularis,Sarawak,2015,2453.7,4320302,4,0,0.0,0
Malayopython reticulatus,Sarawak,2015,2453.7,4320302,4,0,0.0,0
Naja sumatrana,Sarawak,2015,2453.7,4320302,4,0,0.0,0
Sus scrofa,Sarawak,2015,2453.7,4320302,4,0,0.0,0
Varanus salvator,Sarawak,2015,2453.7,4320302,4,0,0.0,0
Acridotheres tristis,Selangor,2015,6994.4,250129,4,7,0.388889,1
Corvus splendens,Selangor,2015,6994.4,250129,4,11,0.611111,1
Macaca fascicularis,Selangor,2015,6994.4,250129,4,0,0.0,0
Malayopython reticulatus,Selangor,2015,6994.4,250129,4,0,0.0,0
Naja sumatrana,Selangor,2015,6994.4,250129,4,0,0.0,0
Sus scrofa,Selangor,2015,6994.4,250129,4,0,0.0,0
Varanus salvator,Selangor,2015,6994.4,250129,4,0,0.0,0
Acridotheres tristis,Terengganu,2015,1149.4,544937,4,2,0.5,1
Corvus splendens,Terengganu,2015,1149.4,544937,4,1,0.25,1
Macaca fascicularis,Terengganu,2015,1149.4,544937,4,0,0.0,0
Malayopython reticulatus,Terengganu,2015,1149.4,544937,4,0,0.0,0
Naja sumatrana,Terengganu,2015,1149.4,544937,4,0,0.0,0
Sus scrofa,Terengganu,2015,1149.4,544937,4,0,0.0,0
Varanus salvator,Terengganu,2015,1149.4,544937,4,1,0.25,1
Acridotheres tristis,Johor,2015,4009.7,414637,5,1,0.333333,1
Corvus splendens,Johor,2015,4009.7,414637,5,2,0.666667,1
Macaca fascicularis,Johor,2015,4009.7,414637,5,0,0.0,0
Malayopython reticulatus,Johor,2015,4009.7,414637,5,0,0.0,0
Naja sumatrana,Johor,2015,4009.7,414637,5,0,0.0,0
Sus scrofa,Johor,2015,4009.7,414637,5,0,0.0,0
Varanus salvator,Johor,2015,4009.7,414637,5,0,0.0,0
Acridotheres tristis,Kedah,2015,2131.4,341976,5,4,0.8,1
Corvus splendens,Kedah,2015,2131.4,341976,5,1,0.2,1
Macaca fascicularis,Kedah,2015,2131.4,341976,5,0,0.0,0
Malayopython reticulatus,Kedah,2015,2131.4,341976,5,0,0.0,0
Naja sumatrana,Kedah,2015,2131.4,341976,5,0,0.0,0
Sus scrofa,Kedah,2015,2131.4,341976,5,0,0.0,0
Varanus salvator,Kedah,2015,2131.4,341976,5,0,0.0,0
Acridotheres tristis,Kuala Lumpur,2015,1982.1,68,5,2,0.5,1
Corvus splendens,Kuala Lumpur,2015,1982.1,68,5,2,0.5,1
Macaca fascicularis,Kuala Lumpur,2015,1982.1,68,5,0,0.0,0
Malayopython reticulatus,Kuala Lumpur,2015,1982.1,68,5,0,0.0,0
Naja sumatrana,Kuala Lumpur,2015,1982.1,68,5,0,0.0,0
Sus scrofa,Kuala Lumpur,2015,1982.1,68,5,0,0.0,0
Varanus salvator,Kuala Lumpur,2015,1982.1,68,5,0,0.0,0
Acridotheres tristis,Negeri Sembilan,2015,1200.0,155708,5,2,1.0,1
Corvus splendens,Negeri Sembilan,2015,1200.0,155708,5,0,0.0,0
Macaca fascicularis,Negeri Sembilan,2015,1200.0,155708,5,0,0.0,0
Malayopython reticulatus,Negeri Sembilan,2015,1200.0,155708,5,0,0.0,0
Naja sumatrana,Negeri Sembilan,2015,1200.0,155708,5,0,0.0,0
Sus scrofa,Negeri Sembilan,2015,1200.0,155708,5,0,0.0,0
Varanus salvator,Negeri Sembilan,2015,1200.0,155708,5,0,0.0,0
Acridotheres tristis,Pahang,2015,1591.3,1563993,5,1,0.5,1
Corvus splendens,Pahang,2015,1591.3,1563993,5,1,0.5,1
Macaca fascicularis,Pahang,2015,1591.3,1563993,5,0,0.0,0
Malayopython reticulatus,Pahang,2015,1591.3,1563993,5,0,0.0,0
Naja sumatrana,Pahang,2015,1591.3,1563993,5,0,0.0,0
Sus scrofa,Pahang,2015,1591.3,1563993,5,0,0.0,0
Varanus salvator,Pahang,2015,1591.3,1563993,5,0,0.0,0
Acridotheres tristis,Perak,2015,2496.0,999488,5,4,1.0,1
Corvus splendens,Perak,2015,2496.0,999488,5,0,0.0,0
Macaca fascicularis,Perak,2015,2496.0,999488,5,0,0.0,0
Malayopython reticulatus,Perak,2015,2496.0,999488,5,0,0.0,0
Naja sumatrana,Perak,2015,2496.0,999488,5,0,0.0,0
Sus scrofa,Perak,2015,2496.0,999488,5,0,0.0,0
Varanus salvator,Perak,2015,2496.0,999488,5,0,0.0,0
Acridotheres tristis,Pulau Pinang,2015,1740.4,6060,5,11,0.647059,1
Corvus splendens,Pulau Pinang,2015,1740.4,6060,5,6,0.352941,1
Macaca fascicularis,Pulau Pinang,2015,1740.4,6060,5,0,0.0,0
Malayopython reticulatus,Pulau Pinang,2015,1740.4,6060,5,0,0.0,0
Naja sumatrana,Pulau Pinang,2015,1740.4,6060,5,0,0.0,0
Sus scrofa,Pulau Pinang,2015,1740.4,6060,5,0,0.0,0
Varanus salvator,Pulau Pinang,2015,1740.4,6060,5,0,0.0,0
Acridotheres tristis,Sabah,2015,3418.8,3551247,5,1,0.2,1
Corvus splendens,Sabah,2015,3418.8,3551247,5,3,0.6,1
Macaca fascicularis,Sabah,2015,3418.8,3551247,5,0,0.0,0
Malayopython reticulatus,Sabah,2015,3418.8,3551247,5,0,0.0,0
Naja sumatrana,Sabah,2015,3418.8,3551247,5,0,0.0,0
Sus scrofa,Sabah,2015,3418.8,3551247,5,0,0.0,0
Varanus salvator,Sabah,2015,3418.8,3551247,5,1,0.2,1
Acridotheres tristis,Sarawak,2015,2453.7,4320302,5,3,1.0,1
Corvus splendens,Sarawak,2015,2453.7,4320302,5,0,0.0,0
Macaca fascicularis,Sarawak,2015,2453.7,4320302,5,0,0.0,0
Malayopython reticulatus,Sarawak,2015,2453.7,4320302,5,0,0.0,0
Naja sumatrana,Sarawak,2015,2453.7,4320302,5,0,0.0,0
Sus scrofa,Sarawak,2015,2453.7,4320302,5,0,0.0,0
Varanus salvator,Sarawak,2015,2453.7,4320302,5,0,0.0,0
Acridotheres tristis,Selangor,2015,6994.4,250129,5,4,0.5,1
Corvus splendens,Selangor,2015,6994.4,250129,5,4,0.5,1
Macaca fascicularis,Selangor,2015,6994.4,250129,5,0,0.0,0
Malayopython reticulatus,Selangor,2015,6994.4,250129,5,0,0.0,0
Naja sumatrana,Selangor,2015,6994.4,250129,5,0,0.0,0
Sus scrofa,Selangor,2015,6994.4,250129,5,0,0.0,0
Varanus salvator,Selangor,2015,6994.4,250129,5,0,0.0,0
Acridotheres tristis,Johor,2015,4009.7,414637,6,0,0.0,0
Corvus splendens,Johor,2015,4009.7,414637,6,0,0.0,0
Macaca fascicularis,Johor,2015,4009.7,414637,6,0,0.0,0
Malayopython reticulatus,Johor,2015,4009.7,414637,6,1,0.333333,1
Naja sumatrana,Johor,2015,4009.7,414637,6,0,0.0,0
Sus scrofa,Johor,2015,4009.7,414637,6,1,0.333333,1
Varanus salvator,Johor,2015,4009.7,414637,6,1,0.333333,1
Acridotheres tristis,Kedah,2015,2131.4,341976,6,4,1.0,1
Corvus splendens,Kedah,2015,2131.4,341976,6,0,0.0,0
Macaca fascicularis,Kedah,2015,2131.4,341976,6,0,0.0,0
Malayopython reticulatus,Kedah,2015,2131.4,341976,6,0,0.0,0
Naja sumatrana,Kedah,2015,2131.4,341976,6,0,0.0,0
Sus scrofa,Kedah,2015,2131.4,341976,6,0,0.0,0
Varanus salvator,Kedah,2015,2131.4,341976,6,0,0.0,0
Acridotheres tristis,Kuala Lumpur,2015,1982.1,68,6,0,0.0,0
Corvus splendens,Kuala Lumpur,2015,1982.1,68,6,1,1.0,1
Macaca fascicularis,Kuala Lumpur,2015,1982.1,68,6,0,0.0,0
Malayopython reticulatus,Kuala Lumpur,2015,1982.1,68,6,0,0.0,0
Naja sumatrana,Kuala Lumpur,2015,1982.1,68,6,0,0.0,0
Sus scrofa,Kuala Lumpur,2015,1982.1,68,6,0,0.0,0
Varanus salvator,Kuala Lumpur,2015,1982.1,68,6,0,0.0,0
Acridotheres tristis,Pahang,2015,1591.3,1563993,6,3,0.6,1
Corvus splendens,Pahang,2015,1591.3,1563993,6,2,0.4,1
Macaca fascicularis,Pahang,2015,1591.3,1563993,6,0,0.0,0
Malayopython reticulatus,Pahang,2015,1591.3,1563993,6,0,0.0,0
Naja sumatrana,Pahang,2015,1591.3,1563993,6,0,0.0,0
Sus scrofa,Pahang,2015,1591.3,1563993,6,0,0.0,0
Varanus salvator,Pahang,2015,1591.3,1563993,6,0,0.0,0
Acridotheres tristis,Perak,2015,2496.0,999488,6,6,1.0,1
Corvus splendens,Perak,2015,2496.0,999488,6,0,0.0,0
Macaca fascicularis,Perak,2015,2496.0,999488,6,0,0.0,0
Malayopython reticulatus,Perak,2015,2496.0,999488,6,0,0.0,0
Naja sumatrana,Perak,2015,2496.0,999488,6,0,0.0,0
Sus scrofa,Perak,2015,2496.0,999488,6,0,0.0,0
Varanus salvator,Perak,2015,2496.0,999488,6,0,0.0,0
Acridotheres tristis,Pulau Pinang,2015,1740.4,6060,6,8,0.533333,1
Corvus splendens,Pulau Pinang,2015,1740.4,6060,6,7,0.466667,1
Macaca fascicularis,Pulau Pinang,2015,1740.4,6060,6,0,0.0,0
Malayopython reticulatus,Pulau Pinang,2015,1740.4,6060,6,0,0.0,0
Naja sumatrana,Pulau Pinang,2015,1740.4,6060,6,0,0.0,0
Sus scrofa,Pulau Pinang,2015,1740.4,6060,6,0,0.0,0
Varanus salvator,Pulau Pinang,2015,1740.4,6060,6,0,0.0,0
Acridotheres tristis,Sabah,2015,3418.8,3551247,6,3,0.428571,1
Corvus splendens,Sabah,2015,3418.8,3551247,6,2,0.285714,1
Macaca fascicularis,Sabah,2015,3418.8,3551247,6,0,0.0,0
Malayopython reticulatus,Sabah,2015,3418.8,3551247,6,0,0.0,0
Naja sumatrana,Sabah,2015,3418.8,3551247,6,0,0.0,0
Sus scrofa,Sabah,2015,3418.8,3551247,6,0,0.0,0
Varanus salvator,Sabah,2015,3418.8,3551247,6,2,0.285714,1
Acridotheres tristis,Sarawak,2015,2453.7,4320302,6,5,0.625,1
Corvus splendens,Sarawak,2015,2453.7,4320302,6,0,0.0,0
Macaca fascicularis,Sarawak,2015,2453.7,4320302,6,3,0.375,1
Malayopython reticulatus,Sarawak,2015,2453.7,4320302,6,0,0.0,0
Naja sumatrana,Sarawak,2015,2453.7,4320302,6,0,0.0,0
Sus scrofa,Sarawak,2015,2453.7,4320302,6,0,0.0,0
Varanus salvator,Sarawak,2015,2453.7,4320302,6,0,0.0,0
Acridotheres tristis,Selangor,2015,6994.4,250129,6,15,0.405405,1
Corvus splendens,Selangor,2015,6994.4,250129,6,21,0.567568,1
Macaca fascicularis,Selangor,2015,6994.4,250129,6,1,0.027027,1
Malayopython reticulatus,Selangor,2015,6994.4,250129,6,0,0.0,0
Naja sumatrana,Selangor,2015,6994.4,250129,6,0,0.0,0
Sus scrofa,Selangor,2015,6994.4,250129,6,0,0.0,0
Varanus salvator,Selangor,2015,6994.4,250129,6,0,0.0,0
Acridotheres tristis,Johor,2015,4009.7,414637,7,2,1.0,1
Corvus splendens,Johor,2015,4009.7,414637,7,0,0.0,0
Macaca fascicularis,Johor,2015,4009.7,414637,7,0,0.0,0
Malayopython reticulatus,Johor,2015,4009.7,414637,7,0,0.0,0
Naja sumatrana,Johor,2015,4009.7,414637,7,0,0.0,0
Sus scrofa,Johor,2015,4009.7,414637,7,0,0.0,0
Varanus salvator,Johor,2015,4009.7,414637,7,0,0.0,0
Acridotheres tristis,Kedah,2015,2131.4,341976,7,1,1.0,1
Corvus splendens,Kedah,2015,2131.4,341976,7,0,0.0,0
Macaca fascicularis,Kedah,2015,2131.4,341976,7,0,0.0,0
Malayopython reticulatus,Kedah,2015,2131.4,341976,7,0,0.0,0
Naja sumatrana,Kedah,2015,2131.4,341976,7,0,0.0,0
Sus scrofa,Kedah,2015,2131.4,341976,7,0,0.0,0
Varanus salvator,Kedah,2015,2131.4,341976,7,0,0.0,0
Acridotheres tristis,Kuala Lumpur,2015,1982.1,68,7,1,0.5,1
Corvus splendens,Kuala Lumpur,2015,1982.1,68,7,1,0.5,1
Macaca fascicularis,Kuala Lumpur,2015,1982.1,68,7,0,0.0,0
Malayopython reticulatus,Kuala Lumpur,2015,1982.1,68,7,0,0.0,0
Naja sumatrana,Kuala Lumpur,2015,1982.1,68,7,0,0.0,0
Sus scrofa,Kuala Lumpur,2015,1982.1,68,7,0,0.0,0
Varanus salvator,Kuala Lumpur,2015,1982.1,68,7,0,0.0,0
Acridotheres tristis,Melaka,2015,998.4,5104,7,1,0.333333,1
Corvus splendens,Melaka,2015,998.4,5104,7,2,0.666667,1
Macaca fascicularis,Melaka,2015,998.4,5104,7,0,0.0,0
Malayopython reticulatus,Melaka,2015,998.4,5104,7,0,0.0,0
Naja sumatrana,Melaka,2015,998.4,5104,7,0,0.0,0
Sus scrofa,Melaka,2015,998.4,5104,7,0,0.0,0
Varanus salvator,Melaka,2015,998.4,5104,7,0,0.0,0
Acridotheres tristis,Negeri Sembilan,2015,1200.0,155708,7,3,0.75,1
Corvus splendens,Negeri Sembilan,2015,1200.0,155708,7,1,0.25,1
Macaca fascicularis,Negeri Sembilan,2015,1200.0,155708,7,0,0.0,0
Malayopython reticulatus,Negeri Sembilan,2015,1200.0,155708,7,0,0.0,0
Naja sumatrana,Negeri Sembilan,2015,1200.0,155708,7,0,0.0,0
Sus scrofa,Negeri Sembilan,2015,1200.0,155708,7,0,0.0,0
Varanus salvator,Negeri Sembilan,2015,1200.0,155708,7,0,0.0,0
Acridotheres tristis,Pahang,2015,1591.3,1563993,7,4,0.571429,1
Corvus splendens,Pahang,2015,1591.3,1563993,7,0,0.0,0
Macaca fascicularis,Pahang,2015,1591.3,1563993,7,2,0.285714,1
Malayopython reticulatus,Pahang,2015,1591.3,1563993,7,0,0.0,0
Naja sumatrana,Pahang,2015,1591.3,1563993,7,1,0.142857,1
Sus scrofa,Pahang,2015,1591.3,1563993,7,0,0.0,0
Varanus salvator,Pahang,2015,1591.3,1563993,7,0,0.0,0
Acridotheres tristis,Perak,2015,2496.0,999488,7,1,0.25,1
Corvus splendens,Perak,2015,2496.0,999488,7,0,0.0,0
Macaca fascicularis,Perak,2015,2496.0,999488,7,2,0.5,1
Malayopython reticulatus,Perak,2015,2496.0,999488,7,0,0.0,0
Naja sumatrana,Perak,2015,2496.0,999488,7,0,0.0,0
Sus scrofa,Perak,2015,2496.0,999488,7,0,0.0,0
Varanus salvator,Perak,2015,2496.0,999488,7,1,0.25,1
Acridotheres tristis,Pulau Pinang,2015,1740.4,6060,7,6,0.5,1
Corvus splendens,Pulau Pinang,2015,1740.4,6060,7,6,0.5,1
Macaca fascicularis,Pulau Pinang,2015,1740.4,6060,7,0,0.0,0
Malayopython reticulatus,Pulau Pinang,2015,1740.4,6060,7,0,0.0,0
Naja sumatrana,Pulau Pinang,2015,1740.4,6060,7,0,0.0,0
Sus scrofa,Pulau Pinang,2015,1740.4,6060,7,0,0.0,0
Varanus salvator,Pulau Pinang,2015,1740.4,6060,7,0,0.0,0
Acridotheres tristis,Sabah,2015,3418.8,3551247,7,1,0.090909,1
Corvus splendens,Sabah,2015,3418.8,3551247,7,1,0.090909,1
Macaca fascicularis,Sabah,2015,3418.8,3551247,7,3,0.272727,1
Malayopython reticulatus,Sabah,2015,3418.8,3551247,7,1,0.090909,1
Naja sumatrana,Sabah,2015,3418.8,3551247,7,0,0.0,0
Sus scrofa,Sabah,2015,3418.8,3551247,7,0,0.0,0
Varanus salvator,Sabah,2015,3418.8,3551247,7,5,0.454545,1
Acridotheres tristis,Sarawak,2015,2453.7,4320302,7,0,0.0,0
Corvus splendens,Sarawak,2015,2453.7,4320302,7,0,0.0,0
Macaca fascicularis,Sarawak,2015,2453.7,4320302,7,1,0.5,1
Malayopython reticulatus,Sarawak,2015,2453.7,4320302,7,0,0.0,0
Naja sumatrana,Sarawak,2015,2453.7,4320302,7,0,0.0,0
Sus scrofa,Sarawak,2015,2453.7,4320302,7,0,0.0,0
Varanus salvator,Sarawak,2015,2453.7,4320302,7,1,0.5,1
Acridotheres tristis,Selangor,2015,6994.4,250129,7,6,0.375,1
Corvus splendens,Selangor,2015,6994.4,250129,7,7,0.4375,1
Macaca fascicularis,Selangor,2015,6994.4,250129,7,3,0.1875,1
Malayopython reticulatus,Selangor,2015,6994.4,250129,7,0,0.0,0
Naja sumatrana,Selangor,2015,6994.4,250129,7,0,0.0,0
Sus scrofa,Selangor,2015,6994.4,250129,7,0,0.0,0
Varanus salvator,Selangor,2015,6994.4,250129,7,0,0.0,0
Acridotheres tristis,Terengganu,2015,1149.4,544937,7,0,0.0,0
Corvus splendens,Terengganu,2015,1149.4,544937,7,0,0.0,0
Macaca fascicularis,Terengganu,2015,1149.4,544937,7,0,0.0,0
Malayopython reticulatus,Terengganu,2015,1149.4,544937,7,0,0.0,0
Naja sumatrana,Terengganu,2015,1149.4,544937,7,0,0.0,0
Sus scrofa,Terengganu,2015,1149.4,544937,7,0,0.0,0
Varanus salvator,Terengganu,2015,1149.4,544937,7,1,1.0,1
Acridotheres tristis,Johor,2015,4009.7,414637,8,7,0.7,1
Corvus splendens,Johor,2015,4009.7,414637,8,3,0.3,1
Macaca fascicularis,Johor,2015,4009.7,414637,8,0,0.0,0
Malayopython reticulatus,Johor,2015,4009.7,414637,8,0,0.0,0
Naja sumatrana,Johor,2015,4009.7,414637,8,0,0.0,0
Sus scrofa,Johor,2015,4009.7,414637,8,0,0.0,0
Varanus salvator,Johor,2015,4009.7,414637,8,0,0.0,0
Acridotheres tristis,Kedah,2015,2131.4,341976,8,3,1.0,1
Corvus splendens,Kedah,2015,2131.4,341976,8,0,0.0,0
Macaca fascicularis,Kedah,2015,2131.4,341976,8,0,0.0,0
Malayopython reticulatus,Kedah,2015,2131.4,341976,8,0,0.0,0
Naja sumatrana,Kedah,2015,2131.4,341976,8,0,0.0,0
Sus scrofa,Kedah,2015,2131.4,341976,8,0,0.0,0
Varanus salvator,Kedah,2015,2131.4,341976,8,0,0.0,0
Acridotheres tristis,Kelantan,2015,1792.5,623849,8,4,1.0,1
Corvus splendens,Kelantan,2015,1792.5,623849,8,0,0.0,0
Macaca fascicularis,Kelantan,2015,1792.5,623849,8,0,0.0,0
Malayopython reticulatus,Kelantan,2015,1792.5,623849,8,0,0.0,0
Naja sumatrana,Kelantan,2015,1792.5,623849,8,0,0.0,0
Sus scrofa,Kelantan,2015,1792.5,623849,8,0,0.0,0
Varanus salvator,Kelantan,2015,1792.5,623849,8,0,0.0,0
Acridotheres tristis,Kuala Lumpur,2015,1982.1,68,8,5,0.625,1
Corvus splendens,Kuala Lumpur,2015,1982.1,68,8,3,0.375,1
Macaca fascicularis,Kuala Lumpur,2015,1982.1,68,8,0,0.0,0
Malayopython reticulatus,Kuala Lumpur,2015,1982.1,68,8,0,0.0,0
Naja sumatrana,Kuala Lumpur,2015,1982.1,68,8,0,0.0,0
Sus scrofa,Kuala Lumpur,2015,1982.1,68,8,0,0.0,0
Varanus salvator,Kuala Lumpur,2015,1982.1,68,8,0,0.0,0
Acridotheres tristis,Pahang,2015,1591.3,1563993,8,5,0.555556,1
Corvus splendens,Pahang,2015,1591.3,1563993,8,2,0.222222,1
Macaca fascicularis,Pahang,2015,1591.3,1563993,8,1,0.111111,1
Malayopython reticulatus,Pahang,2015,1591.3,1563993,8,0,0.0,0
Naja sumatrana,Pahang,2015,1591.3,1563993,8,0,0.0,0
Sus scrofa,Pahang,2015,1591.3,1563993,8,0,0.0,0
Varanus salvator,Pahang,2015,1591.3,1563993,8,1,0.111111,1
Acridotheres tristis,Pulau Pinang,2015,1740.4,6060,8,4,0.363636,1
Corvus splendens,Pulau Pinang,2015,1740.4,6060,8,6,0.545455,1
Macaca fascicularis,Pulau Pinang,2015,1740.4,6060,8,0,0.0,0
Malayopython reticulatus,Pulau Pinang,2015,1740.4,6060,8,0,0.0,0
Naja sumatrana,Pulau Pinang,2015,1740.4,6060,8,0,0.0,0
Sus scrofa,Pulau Pinang,2015,1740.4,6060,8,0,0.0,0
Varanus salvator,Pulau Pinang,2015,1740.4,6060,8,1,0.090909,1
Acridotheres tristis,Putrajaya,2015,109.2,0,8,1,0.333333,1
Corvus splendens,Putrajaya,2015,109.2,0,8,1,0.333333,1
Macaca fascicularis,Putrajaya,2015,109.2,0,8,0,0.0,0
Malayopython reticulatus,Putrajaya,2015,109.2,0,8,0,0.0,0
Naja sumatrana,Putrajaya,2015,109.2,0,8,0,0.0,0
Sus scrofa,Putrajaya,2015,109.2,0,8,0,0.0,0
Varanus salvator,Putrajaya,2015,109.2,0,8,1,0.333333,1
Acridotheres tristis,Sabah,2015,3418.8,3551247,8,0,0.0,0
Corvus splendens,Sabah,2015,3418.8,3551247,8,0,0.0,0
Macaca fascicularis,Sabah,2015,3418.8,3551247,8,4,0.5,1
Malayopython reticulatus,Sabah,2015,3418.8,3551247,8,0,0.0,0
Naja sumatrana,Sabah,2015,3418.8,3551247,8,0,0.0,0
Sus scrofa,Sabah,2015,3418.8,3551247,8,0,0.0,0
Varanus salvator,Sabah,2015,3418.8,3551247,8,4,0.5,1
Acridotheres tristis,Sarawak,2015,2453.7,4320302,8,6,1.0,1
Corvus splendens,Sarawak,2015,2453.7,4320302,8,0,0.0,0
Macaca fascicularis,Sarawak,2015,2453.7,4320302,8,0,0.0,0
Malayopython reticulatus,Sarawak,2015,2453.7,4320302,8,0,0.0,0
Naja sumatrana,Sarawak,2015,2453.7,4320302,8,0,0.0,0
Sus scrofa,Sarawak,2015,2453.7,4320302,8,0,0.0,0
Varanus salvator,Sarawak,2015,2453.7,4320302,8,0,0.0,0
Acridotheres tristis,Selangor,2015,6994.4,250129,8,9,0.346154,1
Corvus splendens,Selangor,2015,6994.4,250129,8,15,0.576923,1
Macaca fascicularis,Selangor,2015,6994.4,250129,8,2,0.076923,1
Malayopython reticulatus,Selangor,2015,6994.4,250129,8,0,0.0,0
Naja sumatrana,Selangor,2015,6994.4,250129,8,0,0.0,0
Sus scrofa,Selangor,2015,6994.4,250129,8,0,0.0,0
Varanus salvator,Selangor,2015,6994.4,250129,8,0,0.0,0
Acridotheres tristis,Terengganu,2015,1149.4,544937,8,1,1.0,1
Corvus splendens,Terengganu,2015,1149.4,544937,8,0,0.0,0
Macaca fascicularis,Terengganu,2015,1149.4,544937,8,0,0.0,0
Malayopython reticulatus,Terengganu,2015,1149.4,544937,8,0,0.0,0
Naja sumatrana,Terengganu,2015,1149.4,544937,8,0,0.0,0
Sus scrofa,Terengganu,2015,1149.4,544937,8,0,0.0,0
Varanus salvator,Terengganu,2015,1149.4,544937,8,0,0.0,0
Acridotheres tristis,Johor,2015,4009.7,414637,9,1,0.142857,1
Corvus splendens,Johor,2015,4009.7,414637,9,6,0.857143,1
Macaca fascicularis,Johor,2015,4009.7,414637,9,0,0.0,0
Malayopython reticulatus,Johor,2015,4009.7,414637,9,0,0.0,0
Naja sumatrana,Johor,2015,4009.7,414637,9,0,0.0,0
Sus scrofa,Johor,2015,4009.7,414637,9,0,0.0,0
Varanus salvator,Johor,2015,4009.7,414637,9,0,0.0,0
Acridotheres tristis,Kedah,2015,2131.4,341976,9,3,0.75,1
Corvus splendens,Kedah,2015,2131.4,341976,9,0,0.0,0
Macaca fascicularis,Kedah,2015,2131.4,341976,9,0,0.0,0
Malayopython reticulatus,Kedah,2015,2131.4,341976,9,0,0.0,0
Naja sumatrana,Kedah,2015,2131.4,341976,9,0,0.0,0
Sus scrofa,Kedah,2015,2131.4,341976,9,0,0.0,0
Varanus salvator,Kedah,2015,2131.4,341976,9,1,0.25,1
Acridotheres tristis,Kuala Lumpur,2015,1982.1,68,9,1,1.0,1
Corvus splendens,Kuala Lumpur,2015,1982.1,68,9,0,0.0,0
Macaca fascicularis,Kuala Lumpur,2015,1982.1,68,9,0,0.0,0
Malayopython reticulatus,Kuala Lumpur,2015,1982.1,68,9,0,0.0,0
Naja sumatrana,Kuala Lumpur,2015,1982.1,68,9,0,0.0,0
Sus scrofa,Kuala Lumpur,2015,1982.1,68,9,0,0.0,0
Varanus salvator,Kuala Lumpur,2015,1982.1,68,9,0,0.0,0
Acridotheres tristis,Negeri Sembilan,2015,1200.0,155708,9,0,0.0,0
Corvus splendens,Negeri Sembilan,2015,1200.0,155708,9,0,0.0,0
Macaca fascicularis,Negeri Sembilan,2015,1200.0,155708,9,0,0.0,0
Malayopython reticulatus,Negeri Sembilan,2015,1200.0,155708,9,0,0.0,0
Naja sumatrana,Negeri Sembilan,2015,1200.0,155708,9,1,1.0,1
Sus scrofa,Negeri Sembilan,2015,1200.0,155708,9,0,0.0,0
Varanus salvator,Negeri Sembilan,2015,1200.0,155708,9,0,0.0,0
Acridotheres tristis,Pahang,2015,1591.3,1563993,9,5,0.5,1
Corvus splendens,Pahang,2015,1591.3,1563993,9,3,0.3,1
Macaca fascicularis,Pahang,2015,1591.3,1563993,9,0,0.0,0
Malayopython reticulatus,Pahang,2015,1591.3,1563993,9,0,0.0,0
Naja sumatrana,Pahang,2015,1591.3,1563993,9,0,0.0,0
Sus scrofa,Pahang,2015,1591.3,1563993,9,1,0.1,1
Varanus salvator,Pahang,2015,1591.3,1563993,9,1,0.1,1
Acridotheres tristis,Perak,2015,2496.0,999488,9,2,1.0,1
Corvus splendens,Perak,2015,2496.0,999488,9,0,0.0,0
Macaca fascicularis,Perak,2015,2496.0,999488,9,0,0.0,0
Malayopython reticulatus,Perak,2015,2496.0,999488,9,0,0.0,0
Naja sumatrana,Perak,2015,2496.0,999488,9,0,0.0,0
Sus scrofa,Perak,2015,2496.0,999488,9,0,0.0,0
Varanus salvator,Perak,2015,2496.0,999488,9,0,0.0,0
Acridotheres tristis,Perlis,2015,284.9,10799,9,2,1.0,1
Corvus splendens,Perlis,2015,284.9,10799,9,0,0.0,0
Macaca fascicularis,Perlis,2015,284.9,10799,9,0,0.0,0
Malayopython reticulatus,Perlis,2015,284.9,10799,9,0,0.0,0
Naja sumatrana,Perlis,2015,284.9,10799,9,0,0.0,0
Sus scrofa,Perlis,2015,284.9,10799,9,0,0.0,0
Varanus salvator,Perlis,2015,284.9,10799,9,0,0.0,0
Acridotheres tristis,Pulau Pinang,2015,1740.4,6060,9,1,0.2,1
Corvus splendens,Pulau Pinang,2015,1740.4,6060,9,4,0.8,1
Macaca fascicularis,Pulau Pinang,2015,1740.4,6060,9,0,0.0,0
Malayopython reticulatus,Pulau Pinang,2015,1740.4,6060,9,0,0.0,0
Naja sumatrana,Pulau Pinang,2015,1740.4,6060,9,0,0.0,0
Sus scrofa,Pulau Pinang,2015,1740.4,6060,9,0,0.0,0
Varanus salvator,Pulau Pinang,2015,1740.4,6060,9,0,0.0,0
Acridotheres tristis,Putrajaya,2015,109.2,0,9,0,0.0,0
Corvus splendens,Putrajaya,2015,109.2,0,9,1,1.0,1
Macaca fascicularis,Putrajaya,2015,109.2,0,9,0,0.0,0
Malayopython reticulatus,Putrajaya,2015,109.2,0,9,0,0.0,0
Naja sumatrana,Putrajaya,2015,109.2,0,9,0,0.0,0
Sus scrofa,Putrajaya,2015,109.2,0,9,0,0.0,0
Varanus salvator,Putrajaya,2015,109.2,0,9,0,0.0,0
Acridotheres tristis,Sabah,2015,3418.8,3551247,9,1,0.2,1
Corvus splendens,Sabah,2015,3418.8,3551247,9,2,0.4,1
Macaca fascicularis,Sabah,2015,3418.8,3551247,9,2,0.4,1
Malayopython reticulatus,Sabah,2015,3418.8,3551247,9,0,0.0,0
Naja sumatrana,Sabah,2015,3418.8,3551247,9,0,0.0,0
Sus scrofa,Sabah,2015,3418.8,3551247,9,0,0.0,0
Varanus salvator,Sabah,2015,3418.8,3551247,9,0,0.0,0
Acridotheres tristis,Sarawak,2015,2453.7,4320302,9,14,1.0,1
Corvus splendens,Sarawak,2015,2453.7,4320302,9,0,0.0,0
Macaca fascicularis,Sarawak,2015,2453.7,4320302,9,0,0.0,0
Malayopython reticulatus,Sarawak,2015,2453.7,4320302,9,0,0.0,0
Naja sumatrana,Sarawak,2015,2453.7,4320302,9,0,0.0,0
Sus scrofa,Sarawak,2015,2453.7,4320302,9,0,0.0,0
Varanus salvator,Sarawak,2015,2453.7,4320302,9,0,0.0,0
Acridotheres tristis,Selangor,2015,6994.4,250129,9,8,0.533333,1
Corvus splendens,Selangor,2015,6994.4,250129,9,6,0.4,1
Macaca fascicularis,Selangor,2015,6994.4,250129,9,0,0.0,0
Malayopython reticulatus,Selangor,2015,6994.4,250129,9,0,0.0,0
Naja sumatrana,Selangor,2015,6994.4,250129,9,0,0.0,0
Sus scrofa,Selangor,2015,6994.4,250129,9,0,0.0,0
Varanus salvator,Selangor,2015,6994.4,250129,9,1,0.066667,1
Acridotheres tristis,Terengganu,2015,1149.4,544937,9,1,1.0,1
Corvus splendens,Terengganu,2015,1149.4,544937,9,0,0.0,0
Macaca fascicularis,Terengganu,2015,1149.4,544937,9,0,0.0,0
Malayopython reticulatus,Terengganu,2015,1149.4,544937,9,0,0.0,0
Naja sumatrana,Terengganu,2015,1149.4,544937,9,0,0.0,0
Sus scrofa,Terengganu,2015,1149.4,544937,9,0,0.0,0
Varanus salvator,Terengganu,2015,1149.4,544937,9,0,0.0,0
Acridotheres tristis,Johor,2015,4009.7,414637,10,0,0.0,0
Corvus splendens,Johor,2015,4009.7,414637,10,1,1.0,1
Macaca fascicularis,Johor,2015,4009.7,414637,10,0,0.0,0
Malayopython reticulatus,Johor,2015,4009.7,414637,10,0,0.0,0
Naja sumatrana,Johor,2015,4009.7,414637,10,0,0.0,0
Sus scrofa,Johor,2015,4009.7,414637,10,0,0.0,0
Varanus salvator,Johor,2015,4009.7,414637,10,0,0.0,0
Acridotheres tristis,Kuala Lumpur,2015,1982.1,68,10,1,0.5,1
Corvus splendens,Kuala Lumpur,2015,1982.1,68,10,0,0.0,0
Macaca fascicularis,Kuala Lumpur,2015,1982.1,68,10,1,0.5,1
Malayopython reticulatus,Kuala Lumpur,2015,1982.1,68,10,0,0.0,0
Naja sumatrana,Kuala Lumpur,2015,1982.1,68,10,0,0.0,0
Sus scrofa,Kuala Lumpur,2015,1982.1,68,10,0,0.0,0
Varanus salvator,Kuala Lumpur,2015,1982.1,68,10,0,0.0,0
Acridotheres tristis,Melaka,2015,998.4,5104,10,1,1.0,1
Corvus splendens,Melaka,2015,998.4,5104,10,0,0.0,0
Macaca fascicularis,Melaka,2015,998.4,5104,10,0,0.0,0
Malayopython reticulatus,Melaka,2015,998.4,5104,10,0,0.0,0
Naja sumatrana,Melaka,2015,998.4,5104,10,0,0.0,0
Sus scrofa,Melaka,2015,998.4,5104,10,0,0.0,0
Varanus salvator,Melaka,2015,998.4,5104,10,0,0.0,0
Acridotheres tristis,Pahang,2015,1591.3,1563993,10,1,0.25,1
Corvus splendens,Pahang,2015,1591.3,1563993,10,0,0.0,0
Macaca fascicularis,Pahang,2015,1591.3,1563993,10,2,0.5,1
Malayopython reticulatus,Pahang,2015,1591.3,1563993,10,0,0.0,0
Naja sumatrana,Pahang,2015,1591.3,1563993,10,0,0.0,0
Sus scrofa,Pahang,2015,1591.3,1563993,10,1,0.25,1
Varanus salvator,Pahang,2015,1591.3,1563993,10,0,0.0,0
Acridotheres tristis,Perak,2015,2496.0,999488,10,1,1.0,1
Corvus splendens,Perak,2015,2496.0,999488,10,0,0.0,0
Macaca fascicularis,Perak,2015,2496.0,999488,10,0,0.0,0
Malayopython reticulatus,Perak,2015,2496.0,999488,10,0,0.0,0
Naja sumatrana,Perak,2015,2496.0,999488,10,0,0.0,0
Sus scrofa,Perak,2015,2496.0,999488,10,0,0.0,0
Varanus salvator,Perak,2015,2496.0,999488,10,0,0.0,0
Acridotheres tristis,Pulau Pinang,2015,1740.4,6060,10,4,0.363636,1
Corvus splendens,Pulau Pinang,2015,1740.4,6060,10,6,0.545455,1
Macaca fascicularis,Pulau Pinang,2015,1740.4,6060,10,1,0.090909,1
Malayopython reticulatus,Pulau Pinang,2015,1740.4,6060,10,0,0.0,0
Naja sumatrana,Pulau Pinang,2015,1740.4,6060,10,0,0.0,0
Sus scrofa,Pulau Pinang,2015,1740.4,6060,10,0,0.0,0
Varanus salvator,Pulau Pinang,2015,1740.4,6060,10,0,0.0,0
Acridotheres tristis,Sabah,2015,3418.8,3551247,10,1,0.25,1
Corvus splendens,Sabah,2015,3418.8,3551247,10,2,0.5,1
Macaca fascicularis,Sabah,2015,3418.8,3551247,10,0,0.0,0
Malayopython reticulatus,Sabah,2015,3418.8,3551247,10,0,0.0,0
Naja sumatrana,Sabah,2015,3418.8,3551247,10,0,0.0,0
Sus scrofa,Sabah,2015,3418.8,3551247,10,0,0.0,0
Varanus salvator,Sabah,2015,3418.8,3551247,10,1,0.25,1
Acridotheres tristis,Selangor,2015,6994.4,250129,10,7,0.466667,1
Corvus splendens,Selangor,2015,6994.4,250129,10,8,0.533333,1
Macaca fascicularis,Selangor,2015,6994.4,250129,10,0,0.0,0
Malayopython reticulatus,Selangor,2015,6994.4,250129,10,0,0.0,0
Naja sumatrana,Selangor,2015,6994.4,250129,10,0,0.0,0
Sus scrofa,Selangor,2015,6994.4,250129,10,0,0.0,0
Varanus salvator,Selangor,2015,6994.4,250129,10,0,0.0,0
Acridotheres tristis,Johor,2015,4009.7,414637,11,2,0.666667,1
Corvus splendens,Johor,2015,4009.7,414637,11,1,0.333333,1
Macaca fascicularis,Johor,2015,4009.7,414637,11,0,0.0,0
Malayopython reticulatus,Johor,2015,4009.7,414637,11,0,0.0,0
Naja sumatrana,Johor,2015,4009.7,414637,11,0,0.0,0
Sus scrofa,Johor,2015,4009.7,414637,11,0,0.0,0
Varanus salvator,Johor,2015,4009.7,414637,11,0,0.0,0
Acridotheres tristis,Kedah,2015,2131.4,341976,11,3,0.5,1
Corvus splendens,Kedah,2015,2131.4,341976,11,2,0.333333,1
Macaca fascicularis,Kedah,2015,2131.4,341976,11,0,0.0,0
Malayopython reticulatus,Kedah,2015,2131.4,341976,11,0,0.0,0
Naja sumatrana,Kedah,2015,2131.4,341976,11,0,0.0,0
Sus scrofa,Kedah,2015,2131.4,341976,11,0,0.0,0
Varanus salvator,Kedah,2015,2131.4,341976,11,1,0.166667,1
Acridotheres tristis,Kuala Lumpur,2015,1982.1,68,11,3,0.272727,1
Corvus splendens,Kuala Lumpur,2015,1982.1,68,11,5,0.454545,1
Macaca fascicularis,Kuala Lumpur,2015,1982.1,68,11,0,0.0,0
Malayopython reticulatus,Kuala Lumpur,2015,1982.1,68,11,0,0.0,0
Naja sumatrana,Kuala Lumpur,2015,1982.1,68,11,0,0.0,0
Sus scrofa,Kuala Lumpur,2015,1982.1,68,11,0,0.0,0
Varanus salvator,Kuala Lumpur,2015,1982.1,68,11,3,0.272727,1
Acridotheres tristis,Melaka,2015,998.4,5104,11,1,0.5,1
Corvus splendens,Melaka,2015,998.4,5104,11,1,0.5,1
Macaca fascicularis,Melaka,2015,998.4,5104,11,0,0.0,0
Malayopython reticulatus,Melaka,2015,998.4,5104,11,0,0.0,0
Naja sumatrana,Melaka,2015,998.4,5104,11,0,0.0,0
Sus scrofa,Melaka,2015,998.4,5104,11,0,0.0,0
Varanus salvator,Melaka,2015,998.4,5104,11,0,0.0,0
Acridotheres tristis,Negeri Sembilan,2015,1200.0,155708,11,1,1.0,1
Corvus splendens,Negeri Sembilan,2015,1200.0,155708,11,0,0.0,0
Macaca fascicularis,Negeri Sembilan,2015,1200.0,155708,11,0,0.0,0
Malayopython reticulatus,Negeri Sembilan,2015,1200.0,155708,11,0,0.0,0
Naja sumatrana,Negeri Sembilan,2015,1200.0,155708,11,0,0.0,0
Sus scrofa,Negeri Sembilan,2015,1200.0,155708,11,0,0.0,0
Varanus salvator,Negeri Sembilan,2015,1200.0,155708,11,0,0.0,0
Acridotheres tristis,Pahang,2015,1591.3,1563993,11,6,0.857143,1
Corvus splendens,Pahang,2015,1591.3,1563993,11,0,0.0,0
Macaca fascicularis,Pahang,2015,1591.3,1563993,11,1,0.142857,1
Malayopython reticulatus,Pahang,2015,1591.3,1563993,11,0,0.0,0
Naja sumatrana,Pahang,2015,1591.3,1563993,11,0,0.0,0
Sus scrofa,Pahang,2015,1591.3,1563993,11,0,0.0,0
Varanus salvator,Pahang,2015,1591.3,1563993,11,0,0.0,0
Acridotheres tristis,Perak,2015,2496.0,999488,11,2,1.0,1
Corvus splendens,Perak,2015,2496.0,999488,11,0,0.0,0
Macaca fascicularis,Perak,2015,2496.0,999488,11,0,0.0,0
Malayopython reticulatus,Perak,2015,2496.0,999488,11,0,0.0,0
Naja sumatrana,Perak,2015,2496.0,999488,11,0,0.0,0
Sus scrofa,Perak,2015,2496.0,999488,11,0,0.0,0
Varanus salvator,Perak,2015,2496.0,999488,11,0,0.0,0
Acridotheres tristis,Perlis,2015,284.9,10799,11,3,1.0,1
Corvus splendens,Perlis,2015,284.9,10799,11,0,0.0,0
Macaca fascicularis,Perlis,2015,284.9,10799,11,0,0.0,0
Malayopython reticulatus,Perlis,2015,284.9,10799,11,0,0.0,0
Naja sumatrana,Perlis,2015,284.9,10799,11,0,0.0,0
Sus scrofa,Perlis,2015,284.9,10799,11,0,0.0,0
Varanus salvator,Perlis,2015,284.9,10799,11,0,0.0,0
Acridotheres tristis,Pulau Pinang,2015,1740.4,6060,11,8,0.470588,1
Corvus splendens,Pulau Pinang,2015,1740.4,6060,11,9,0.529412,1
Macaca fascicularis,Pulau Pinang,2015,1740.4,6060,11,0,0.0,0
Malayopython reticulatus,Pulau Pinang,2015,1740.4,6060,11,0,0.0,0
Naja sumatrana,Pulau Pinang,2015,1740.4,6060,11,0,0.0,0
Sus scrofa,Pulau Pinang,2015,1740.4,6060,11,0,0.0,0
Varanus salvator,Pulau Pinang,2015,1740.4,6060,11,0,0.0,0
Acridotheres tristis,Putrajaya,2015,109.2,0,11,0,0.0,0
Corvus splendens,Putrajaya,2015,109.2,0,11,1,1.0,1
Macaca fascicularis,Putrajaya,2015,109.2,0,11,0,0.0,0
Malayopython reticulatus,Putrajaya,2015,109.2,0,11,0,0.0,0
Naja sumatrana,Putrajaya,2015,109.2,0,11,0,0.0,0
Sus scrofa,Putrajaya,2015,109.2,0,11,0,0.0,0
Varanus salvator,Putrajaya,2015,109.2,0,11,0,0.0,0
Acridotheres tristis,Sabah,2015,3418.8,3551247,11,0,0.0,0
Corvus splendens,Sabah,2015,3418.8,3551247,11,0,0.0,0
Macaca fascicularis,Sabah,2015,3418.8,3551247,11,1,0.5,1
Malayopython reticulatus,Sabah,2015,3418.8,3551247,11,0,0.0,0
Naja sumatrana,Sabah,2015,3418.8,3551247,11,0,0.0,0
Sus scrofa,Sabah,2015,3418.8,3551247,11,0,0.0,0
Varanus salvator,Sabah,2015,3418.8,3551247,11,1,0.5,1
Acridotheres tristis,Sarawak,2015,2453.7,4320302,11,0,0.0,0
Corvus splendens,Sarawak,2015,2453.7,4320302,11,0,0.0,0
Macaca fascicularis,Sarawak,2015,2453.7,4320302,11,3,0.75,1
Malayopython reticulatus,Sarawak,2015,2453.7,4320302,11,0,0.0,0
Naja sumatrana,Sarawak,2015,2453.7,4320302,11,0,0.0,0
Sus scrofa,Sarawak,2015,2453.7,4320302,11,0,0.0,0
Varanus salvator,Sarawak,2015,2453.7,4320302,11,1,0.25,1
Acridotheres tristis,Selangor,2015,6994.4,250129,11,15,0.5,1
Corvus splendens,Selangor,2015,6994.4,250129,11,14,0.466667,1
Macaca fascicularis,Selangor,2015,6994.4,250129,11,1,0.033333,1
Malayopython reticulatus,Selangor,2015,6994.4,250129,11,0,0.0,0
Naja sumatrana,Selangor,2015,6994.4,250129,11,0,0.0,0
Sus scrofa,Selangor,2015,6994.4,250129,11,0,0.0,0
Varanus salvator,Selangor,2015,6994.4,250129,11,0,0.0,0
Acridotheres tristis,Johor,2015,4009.7,414637,12,13,1.0,1
Corvus splendens,Johor,2015,4009.7,414637,12,0,0.0,0
Macaca fascicularis,Johor,2015,4009.7,414637,12,0,0.0,0
Malayopython reticulatus,Johor,2015,4009.7,414637,12,0,0.0,0
Naja sumatrana,Johor,2015,4009.7,414637,12,0,0.0,0
Sus scrofa,Johor,2015,4009.7,414637,12,0,0.0,0
Varanus salvator,Johor,2015,4009.7,414637,12,0,0.0,0
Acridotheres tristis,Kedah,2015,2131.4,341976,12,8,0.888889,1
Corvus splendens,Kedah,2015,2131.4,341976,12,0,0.0,0
Macaca fascicularis,Kedah,2015,2131.4,341976,12,0,0.0,0
Malayopython reticulatus,Kedah,2015,2131.4,341976,12,0,0.0,0
Naja sumatrana,Kedah,2015,2131.4,341976,12,0,0.0,0
Sus scrofa,Kedah,2015,2131.4,341976,12,0,0.0,0
Varanus salvator,Kedah,2015,2131.4,341976,12,1,0.111111,1
Acridotheres tristis,Kuala Lumpur,2015,1982.1,68,12,6,0.5,1
Corvus splendens,Kuala Lumpur,2015,1982.1,68,12,5,0.416667,1
Macaca fascicularis,Kuala Lumpur,2015,1982.1,68,12,0,0.0,0
Malayopython reticulatus,Kuala Lumpur,2015,1982.1,68,12,0,0.0,0
Naja sumatrana,Kuala Lumpur,2015,1982.1,68,12,0,0.0,0
Sus scrofa,Kuala Lumpur,2015,1982.1,68,12,0,0.0,0
Varanus salvator,Kuala Lumpur,2015,1982.1,68,12,1,0.083333,1
Acridotheres tristis,Melaka,2015,998.4,5104,12,5,0.3125,1
Corvus splendens,Melaka,2015,998.4,5104,12,9,0.5625,1
Macaca fascicularis,Melaka,2015,998.4,5104,12,0,0.0,0
Malayopython reticulatus,Melaka,2015,998.4,5104,12,0,0.0,0
Naja sumatrana,Melaka,2015,998.4,5104,12,0,0.0,0
Sus scrofa,Melaka,2015,998.4,5104,12,0,0.0,0
Varanus salvator,Melaka,2015,998.4,5104,12,2,0.125,1
Acridotheres tristis,Negeri Sembilan,2015,1200.0,155708,12,0,0.0,0
Corvus splendens,Negeri Sembilan,2015,1200.0,155708,12,1,1.0,1
Macaca fascicularis,Negeri Sembilan,2015,1200.0,155708,12,0,0.0,0
Malayopython reticulatus,Negeri Sembilan,2015,1200.0,155708,12,0,0.0,0
Naja sumatrana,Negeri Sembilan,2015,1200.0,155708,12,0,0.0,0
Sus scrofa,Negeri Sembilan,2015,1200.0,155708,12,0,0.0,0
Varanus salvator,Negeri Sembilan,2015,1200.0,155708,12,0,0.0,0
Acridotheres tristis,Pahang,2015,1591.3,1563993,12,2,1.0,1
Corvus splendens,Pahang,2015,1591.3,1563993,12,0,0.0,0
Macaca fascicularis,Pahang,2015,1591.3,1563993,12,0,0.0,0
Malayopython reticulatus,Pahang,2015,1591.3,1563993,12,0,0.0,0
Naja sumatrana,Pahang,2015,1591.3,1563993,12,0,0.0,0
Sus scrofa,Pahang,2015,1591.3,1563993,12,0,0.0,0
Varanus salvator,Pahang,2015,1591.3,1563993,12,0,0.0,0
Acridotheres tristis,Perak,2015,2496.0,999488,12,3,0.5,1
Corvus splendens,Perak,2015,2496.0,999488,12,2,0.333333,1
Macaca fascicularis,Perak,2015,2496.0,999488,12,1,0.166667,1
Malayopython reticulatus,Perak,2015,2496.0,999488,12,0,0.0,0
Naja sumatrana,Perak,2015,2496.0,999488,12,0,0.0,0
Sus scrofa,Perak,2015,2496.0,999488,12,0,0.0,0
Varanus salvator,Perak,2015,2496.0,999488,12,0,0.0,0
Acridotheres tristis,Perlis,2015,284.9,10799,12,7,1.0,1
Corvus splendens,Perlis,2015,284.9,10799,12,0,0.0,0
Macaca fascicularis,Perlis,2015,284.9,10799,12,0,0.0,0
Malayopython reticulatus,Perlis,2015,284.9,10799,12,0,0.0,0
Naja sumatrana,Perlis,2015,284.9,10799,12,0,0.0,0
Sus scrofa,Perlis,2015,284.9,10799,12,0,0.0,0
Varanus salvator,Perlis,2015,284.9,10799,12,0,0.0,0
Acridotheres tristis,Pulau Pinang,2015,1740.4,6060,12,16,0.410256,1
Corvus splendens,Pulau Pinang,2015,1740.4,6060,12,22,0.564103,1
Macaca fascicularis,Pulau Pinang,2015,1740.4,6060,12,1,0.025641,1
Malayopython reticulatus,Pulau Pinang,2015,1740.4,6060,12,0,0.0,0
Naja sumatrana,Pulau Pinang,2015,1740.4,6060,12,0,0.0,0
Sus scrofa,Pulau Pinang,2015,1740.4,6060,12,0,0.0,0
Varanus salvator,Pulau Pinang,2015,1740.4,6060,12,0,0.0,0
Acridotheres tristis,Selangor,2015,6994.4,250129,12,5,0.357143,1
Corvus splendens,Selangor,2015,6994.4,250129,12,8,0.571429,1
Macaca fascicularis,Selangor,2015,6994.4,250129,12,1,0.071429,1
Malayopython reticulatus,Selangor,2015,6994.4,250129,12,0,0.0,0
Naja sumatrana,Selangor,2015,6994.4,250129,12,0,0.0,0
Sus scrofa,Selangor,2015,6994.4,250129,12,0,0.0,0
Varanus salvator,Selangor,2015,6994.4,250129,12,0,0.0,0
Acridotheres tristis,Johor,2016,4009.7,414628,1,4,0.5,1
Corvus splendens,Johor,2016,4009.7,414628,1,4,0.5,1
Macaca fascicularis,Johor,2016,4009.7,414628,1,0,0.0,0
Malayopython reticulatus,Johor,2016,4009.7,414628,1,0,0.0,0
Naja sumatrana,Johor,2016,4009.7,414628,1,0,0.0,0
Sus scrofa,Johor,2016,4009.7,414628,1,0,0.0,0
Varanus salvator,Johor,2016,4009.7,414628,1,0,0.0,0
Acridotheres tristis,Kedah,2016,2131.4,341976,1,6,0.5,1
Corvus splendens,Kedah,2016,2131.4,341976,1,1,0.083333,1
Macaca fascicularis,Kedah,2016,2131.4,341976,1,1,0.083333,1
Malayopython reticulatus,Kedah,2016,2131.4,341976,1,3,0.25,1
Naja sumatrana,Kedah,2016,2131.4,341976,1,0,0.0,0
Sus scrofa,Kedah,2016,2131.4,341976,1,0,0.0,0
Varanus salvator,Kedah,2016,2131.4,341976,1,1,0.083333,1
Acridotheres tristis,Kuala Lumpur,2016,1982.1,68,1,4,0.5,1
Corvus splendens,Kuala Lumpur,2016,1982.1,68,1,4,0.5,1
Macaca fascicularis,Kuala Lumpur,2016,1982.1,68,1,0,0.0,0
Malayopython reticulatus,Kuala Lumpur,2016,1982.1,68,1,0,0.0,0
Naja sumatrana,Kuala Lumpur,2016,1982.1,68,1,0,0.0,0
Sus scrofa,Kuala Lumpur,2016,1982.1,68,1,0,0.0,0
Varanus salvator,Kuala Lumpur,2016,1982.1,68,1,0,0.0,0
Acridotheres tristis,Melaka,2016,998.4,5137,1,1,0.333333,1
Corvus splendens,Melaka,2016,998.4,5137,1,2,0.666667,1
Macaca fascicularis,Melaka,2016,998.4,5137,1,0,0.0,0
Malayopython reticulatus,Melaka,2016,998.4,5137,1,0,0.0,0
Naja sumatrana,Melaka,2016,998.4,5137,1,0,0.0,0
Sus scrofa,Melaka,2016,998.4,5137,1,0,0.0,0
Varanus salvator,Melaka,2016,998.4,5137,1,0,0.0,0
Acridotheres tristis,Pahang,2016,1591.3,1559913,1,7,0.777778,1
Corvus splendens,Pahang,2016,1591.3,1559913,1,0,0.0,0
Macaca fascicularis,Pahang,2016,1591.3,1559913,1,2,0.222222,1
Malayopython reticulatus,Pahang,2016,1591.3,1559913,1,0,0.0,0
Naja sumatrana,Pahang,2016,1591.3,1559913,1,0,0.0,0
Sus scrofa,Pahang,2016,1591.3,1559913,1,0,0.0,0
Varanus salvator,Pahang,2016,1591.3,1559913,1,0,0.0,0
Acridotheres tristis,Perak,2016,2496.0,999473,1,7,0.875,1
Corvus splendens,Perak,2016,2496.0,999473,1,0,0.0,0
Macaca fascicularis,Perak,2016,2496.0,999473,1,1,0.125,1
Malayopython reticulatus,Perak,2016,2496.0,999473,1,0,0.0,0
Naja sumatrana,Perak,2016,2496.0,999473,1,0,0.0,0
Sus scrofa,Perak,2016,2496.0,999473,1,0,0.0,0
Varanus salvator,Perak,2016,2496.0,999473,1,0,0.0,0
Acridotheres tristis,Perlis,2016,284.9,10799,1,1,1.0,1
Corvus splendens,Perlis,2016,284.9,10799,1,0,0.0,0
Macaca fascicularis,Perlis,2016,284.9,10799,1,0,0.0,0
Malayopython reticulatus,Perlis,2016,284.9,10799,1,0,0.0,0
Naja sumatrana,Perlis,2016,284.9,10799,1,0,0.0,0
Sus scrofa,Perlis,2016,284.9,10799,1,0,0.0,0
Varanus salvator,Perlis,2016,284.9,10799,1,0,0.0,0
Acridotheres tristis,Pulau Pinang,2016,1740.4,6060,1,24,0.55814,1
Corvus splendens,Pulau Pinang,2016,1740.4,6060,1,19,0.44186,1
Macaca fascicularis,Pulau Pinang,2016,1740.4,6060,1,0,0.0,0
Malayopython reticulatus,Pulau Pinang,2016,1740.4,6060,1,0,0.0,0
Naja sumatrana,Pulau Pinang,2016,1740.4,6060,1,0,0.0,0
Sus scrofa,Pulau Pinang,2016,1740.4,6060,1,0,0.0,0
Varanus salvator,Pulau Pinang,2016,1740.4,6060,1,0,0.0,0
Acridotheres tristis,Putrajaya,2016,109.2,0,1,1,0.5,1
Corvus splendens,Putrajaya,2016,109.2,0,1,1,0.5,1
Macaca fascicularis,Putrajaya,2016,109.2,0,1,0,0.0,0
Malayopython reticulatus,Putrajaya,2016,109.2,0,1,0,0.0,0
Naja sumatrana,Putrajaya,2016,109.2,0,1,0,0.0,0
Sus scrofa,Putrajaya,2016,109.2,0,1,0,0.0,0
Varanus salvator,Putrajaya,2016,109.2,0,1,0,0.0,0
Acridotheres tristis,Sabah,2016,3418.8,3540274,1,0,0.0,0
Corvus splendens,Sabah,2016,3418.8,3540274,1,0,0.0,0
Macaca fascicularis,Sabah,2016,3418.8,3540274,1,4,0.5,1
Malayopython reticulatus,Sabah,2016,3418.8,3540274,1,0,0.0,0
Naja sumatrana,Sabah,2016,3418.8,3540274,1,0,0.0,0
Sus scrofa,Sabah,2016,3418.8,3540274,1,0,0.0,0
Varanus salvator,Sabah,2016,3418.8,3540274,1,4,0.5,1
Acridotheres tristis,Sarawak,2016,2453.7,4317939,1,4,0.8,1
Corvus splendens,Sarawak,2016,2453.7,4317939,1,0,0.0,0
Macaca fascicularis,Sarawak,2016,2453.7,4317939,1,1,0.2,1
Malayopython reticulatus,Sarawak,2016,2453.7,4317939,1,0,0.0,0
Naja sumatrana,Sarawak,2016,2453.7,4317939,1,0,0.0,0
Sus scrofa,Sarawak,2016,2453.7,4317939,1,0,0.0,0
Varanus salvator,Sarawak,2016,2453.7,4317939,1,0,0.0,0
Acridotheres tristis,Selangor,2016,6994.4,250129,1,18,0.439024,1
Corvus splendens,Selangor,2016,6994.4,250129,1,20,0.487805,1
Macaca fascicularis,Selangor,2016,6994.4,250129,1,2,0.04878,1
Malayopython reticulatus,Selangor,2016,6994.4,250129,1,0,0.0,0
Naja sumatrana,Selangor,2016,6994.4,250129,1,0,0.0,0
Sus scrofa,Selangor,2016,6994.4,250129,1,0,0.0,0
Varanus salvator,Selangor,2016,6994.4,250129,1,1,0.02439,1
Acridotheres tristis,Johor,2016,4009.7,414628,2,3,0.428571,1
Corvus splendens,Johor,2016,4009.7,414628,2,4,0.571429,1
Macaca fascicularis,Johor,2016,4009.7,414628,2,0,0.0,0
Malayopython reticulatus,Johor,2016,4009.7,414628,2,0,0.0,0
Naja sumatrana,Johor,2016,4009.7,414628,2,0,0.0,0
Sus scrofa,Johor,2016,4009.7,414628,2,0,0.0,0
Varanus salvator,Johor,2016,4009.7,414628,2,0,0.0,0
Acridotheres tristis,Kedah,2016,2131.4,341976,2,3,0.75,1
Corvus splendens,Kedah,2016,2131.4,341976,2,1,0.25,1
Macaca fascicularis,Kedah,2016,2131.4,341976,2,0,0.0,0
Malayopython reticulatus,Kedah,2016,2131.4,341976,2,0,0.0,0
Naja sumatrana,Kedah,2016,2131.4,341976,2,0,0.0,0
Sus scrofa,Kedah,2016,2131.4,341976,2,0,0.0,0
Varanus salvator,Kedah,2016,2131.4,341976,2,0,0.0,0
Acridotheres tristis,Kuala Lumpur,2016,1982.1,68,2,4,0.4,1
Corvus splendens,Kuala Lumpur,2016,1982.1,68,2,4,0.4,1
Macaca fascicularis,Kuala Lumpur,2016,1982.1,68,2,1,0.1,1
Malayopython reticulatus,Kuala Lumpur,2016,1982.1,68,2,0,0.0,0
Naja sumatrana,Kuala Lumpur,2016,1982.1,68,2,0,0.0,0
Sus scrofa,Kuala Lumpur,2016,1982.1,68,2,0,0.0,0
Varanus salvator,Kuala Lumpur,2016,1982.1,68,2,1,0.1,1
Acridotheres tristis,Melaka,2016,998.4,5137,2,1,0.333333,1
Corvus splendens,Melaka,2016,998.4,5137,2,2,0.666667,1
Macaca fascicularis,Melaka,2016,998.4,5137,2,0,0.0,0
Malayopython reticulatus,Melaka,2016,998.4,5137,2,0,0.0,0
Naja sumatrana,Melaka,2016,998.4,5137,2,0,0.0,0
Sus scrofa,Melaka,2016,998.4,5137,2,0,0.0,0
Varanus salvator,Melaka,2016,998.4,5137,2,0,0.0,0
Acridotheres tristis,Negeri Sembilan,2016,1200.0,155650,2,3,0.5,1
Corvus splendens,Negeri Sembilan,2016,1200.0,155650,2,3,0.5,1
Macaca fascicularis,Negeri Sembilan,2016,1200.0,155650,2,0,0.0,0
Malayopython reticulatus,Negeri Sembilan,2016,1200.0,155650,2,0,0.0,0
Naja sumatrana,Negeri Sembilan,2016,1200.0,155650,2,0,0.0,0
Sus scrofa,Negeri Sembilan,2016,1200.0,155650,2,0,0.0,0
Varanus salvator,Negeri Sembilan,2016,1200.0,155650,2,0,0.0,0
Acridotheres tristis,Pahang,2016,1591.3,1559913,2,2,0.285714,1
Corvus splendens,Pahang,2016,1591.3,1559913,2,3,0.428571,1
Macaca fascicularis,Pahang,2016,1591.3,1559913,2,2,0.285714,1
Malayopython reticulatus,Pahang,2016,1591.3,1559913,2,0,0.0,0
Naja sumatrana,Pahang,2016,1591.3,1559913,2,0,0.0,0
Sus scrofa,Pahang,2016,1591.3,1559913,2,0,0.0,0
Varanus salvator,Pahang,2016,1591.3,1559913,2,0,0.0,0
Acridotheres tristis,Perak,2016,2496.0,999473,2,2,1.0,1
Corvus splendens,Perak,2016,2496.0,999473,2,0,0.0,0
Macaca fascicularis,Perak,2016,2496.0,999473,2,0,0.0,0
Malayopython reticulatus,Perak,2016,2496.0,999473,2,0,0.0,0
Naja sumatrana,Perak,2016,2496.0,999473,2,0,0.0,0
Sus scrofa,Perak,2016,2496.0,999473,2,0,0.0,0
Varanus salvator,Perak,2016,2496.0,999473,2,0,0.0,0
Acridotheres tristis,Perlis,2016,284.9,10799,2,1,1.0,1
Corvus splendens,Perlis,2016,284.9,10799,2,0,0.0,0
Macaca fascicularis,Perlis,2016,284.9,10799,2,0,0.0,0
Malayopython reticulatus,Perlis,2016,284.9,10799,2,0,0.0,0
Naja sumatrana,Perlis,2016,284.9,10799,2,0,0.0,0
Sus scrofa,Perlis,2016,284.9,10799,2,0,0.0,0
Varanus salvator,Perlis,2016,284.9,10799,2,0,0.0,0
Acridotheres tristis,Pulau Pinang,2016,1740.4,6060,2,15,0.6,1
Corvus splendens,Pulau Pinang,2016,1740.4,6060,2,9,0.36,1
Macaca fascicularis,Pulau Pinang,2016,1740.4,6060,2,1,0.04,1
Malayopython reticulatus,Pulau Pinang,2016,1740.4,6060,2,0,0.0,0
Naja sumatrana,Pulau Pinang,2016,1740.4,6060,2,0,0.0,0
Sus scrofa,Pulau Pinang,2016,1740.4,6060,2,0,0.0,0
Varanus salvator,Pulau Pinang,2016,1740.4,6060,2,0,0.0,0
Acridotheres tristis,Sabah,2016,3418.8,3540274,2,1,0.5,1
Corvus splendens,Sabah,2016,3418.8,3540274,2,1,0.5,1
Macaca fascicularis,Sabah,2016,3418.8,3540274,2,0,0.0,0
Malayopython reticulatus,Sabah,2016,3418.8,3540274,2,0,0.0,0
Naja sumatrana,Sabah,2016,3418.8,3540274,2,0,0.0,0
Sus scrofa,Sabah,2016,3418.8,3540274,2,0,0.0,0
Varanus salvator,Sabah,2016,3418.8,3540274,2,0,0.0,0
Acridotheres tristis,Selangor,2016,6994.4,250129,2,12,0.375,1
Corvus splendens,Selangor,2016,6994.4,250129,2,18,0.5625,1
Macaca fascicularis,Selangor,2016,6994.4,250129,2,2,0.0625,1
Malayopython reticulatus,Selangor,2016,6994.4,250129,2,0,0.0,0
Naja sumatrana,Selangor,2016,6994.4,250129,2,0,0.0,0
Sus scrofa,Selangor,2016,6994.4,250129,2,0,0.0,0
Varanus salvator,Selangor,2016,6994.4,250129,2,0,0.0,0
Acridotheres tristis,Johor,2016,4009.7,414628,3,3,0.333333,1
Corvus splendens,Johor,2016,4009.7,414628,3,6,0.666667,1
Macaca fascicularis,Johor,2016,4009.7,414628,3,0,0.0,0
Malayopython reticulatus,Johor,2016,4009.7,414628,3,0,0.0,0
Naja sumatrana,Johor,2016,4009.7,414628,3,0,0.0,0
Sus scrofa,Johor,2016,4009.7,414628,3,0,0.0,0
Varanus salvator,Johor,2016,4009.7,414628,3,0,0.0,0
Acridotheres tristis,Kedah,2016,2131.4,341976,3,1,0.333333,1
Corvus splendens,Kedah,2016,2131.4,341976,3,1,0.333333,1
Macaca fascicularis,Kedah,2016,2131.4,341976,3,1,0.333333,1
Malayopython reticulatus,Kedah,2016,2131.4,341976,3,0,0.0,0
Naja sumatrana,Kedah,2016,2131.4,341976,3,0,0.0,0
Sus scrofa,Kedah,2016,2131.4,341976,3,0,0.0,0
Varanus salvator,Kedah,2016,2131.4,341976,3,0,0.0,0
Acridotheres tristis,Kuala Lumpur,2016,1982.1,68,3,4,0.8,1
Corvus splendens,Kuala Lumpur,2016,1982.1,68,3,1,0.2,1
Macaca fascicularis,Kuala Lumpur,2016,1982.1,68,3,0,0.0,0
Malayopython reticulatus,Kuala Lumpur,2016,1982.1,68,3,0,0.0,0
Naja sumatrana,Kuala Lumpur,2016,1982.1,68,3,0,0.0,0
Sus scrofa,Kuala Lumpur,2016,1982.1,68,3,0,0.0,0
Varanus salvator,Kuala Lumpur,2016,1982.1,68,3,0,0.0,0
Acridotheres tristis,Melaka,2016,998.4,5137,3,1,1.0,1
Corvus splendens,Melaka,2016,998.4,5137,3,0,0.0,0
Macaca fascicularis,Melaka,2016,998.4,5137,3,0,0.0,0
Malayopython reticulatus,Melaka,2016,998.4,5137,3,0,0.0,0
Naja sumatrana,Melaka,2016,998.4,5137,3,0,0.0,0
Sus scrofa,Melaka,2016,998.4,5137,3,0,0.0,0
Varanus salvator,Melaka,2016,998.4,5137,3,0,0.0,0
Acridotheres tristis,Negeri Sembilan,2016,1200.0,155650,3,1,1.0,1
Corvus splendens,Negeri Sembilan,2016,1200.0,155650,3,0,0.0,0
Macaca fascicularis,Negeri Sembilan,2016,1200.0,155650,3,0,0.0,0
Malayopython reticulatus,Negeri Sembilan,2016,1200.0,155650,3,0,0.0,0
Naja sumatrana,Negeri Sembilan,2016,1200.0,155650,3,0,0.0,0
Sus scrofa,Negeri Sembilan,2016,1200.0,155650,3,0,0.0,0
Varanus salvator,Negeri Sembilan,2016,1200.0,155650,3,0,0.0,0
Acridotheres tristis,Pahang,2016,1591.3,1559913,3,13,0.764706,1
Corvus splendens,Pahang,2016,1591.3,1559913,3,2,0.117647,1
Macaca fascicularis,Pahang,2016,1591.3,1559913,3,0,0.0,0
Malayopython reticulatus,Pahang,2016,1591.3,1559913,3,0,0.0,0
Naja sumatrana,Pahang,2016,1591.3,1559913,3,0,0.0,0
Sus scrofa,Pahang,2016,1591.3,1559913,3,2,0.117647,1
Varanus salvator,Pahang,2016,1591.3,1559913,3,0,0.0,0
Acridotheres tristis,Perak,2016,2496.0,999473,3,1,0.25,1
Corvus splendens,Perak,2016,2496.0,999473,3,0,0.0,0
Macaca fascicularis,Perak,2016,2496.0,999473,3,3,0.75,1
Malayopython reticulatus,Perak,2016,2496.0,999473,3,0,0.0,0
Naja sumatrana,Perak,2016,2496.0,999473,3,0,0.0,0
Sus scrofa,Perak,2016,2496.0,999473,3,0,0.0,0
Varanus salvator,Perak,2016,2496.0,999473,3,0,0.0,0
Acridotheres tristis,Pulau Pinang,2016,1740.4,6060,3,9,0.428571,1
Corvus splendens,Pulau Pinang,2016,1740.4,6060,3,11,0.52381,1
Macaca fascicularis,Pulau Pinang,2016,1740.4,6060,3,1,0.047619,1
Malayopython reticulatus,Pulau Pinang,2016,1740.4,6060,3,0,0.0,0
Naja sumatrana,Pulau Pinang,2016,1740.4,6060,3,0,0.0,0
Sus scrofa,Pulau Pinang,2016,1740.4,6060,3,0,0.0,0
Varanus salvator,Pulau Pinang,2016,1740.4,6060,3,0,0.0,0
Acridotheres tristis,Sabah,2016,3418.8,3540274,3,2,0.133333,1
Corvus splendens,Sabah,2016,3418.8,3540274,3,7,0.466667,1
Macaca fascicularis,Sabah,2016,3418.8,3540274,3,2,0.133333,1
Malayopython reticulatus,Sabah,2016,3418.8,3540274,3,0,0.0,0
Naja sumatrana,Sabah,2016,3418.8,3540274,3,0,0.0,0
Sus scrofa,Sabah,2016,3418.8,3540274,3,0,0.0,0
Varanus salvator,Sabah,2016,3418.8,3540274,3,4,0.266667,1
Acridotheres tristis,Sarawak,2016,2453.7,4317939,3,0,0.0,0
Corvus splendens,Sarawak,2016,2453.7,4317939,3,0,0.0,0
Macaca fascicularis,Sarawak,2016,2453.7,4317939,3,1,1.0,1
Malayopython reticulatus,Sarawak,2016,2453.7,4317939,3,0,0.0,0
Naja sumatrana,Sarawak,2016,2453.7,4317939,3,0,0.0,0
Sus scrofa,Sarawak,2016,2453.7,4317939,3,0,0.0,0
Varanus salvator,Sarawak,2016,2453.7,4317939,3,0,0.0,0
Acridotheres tristis,Selangor,2016,6994.4,250129,3,20,0.487805,1
Corvus splendens,Selangor,2016,6994.4,250129,3,17,0.414634,1
Macaca fascicularis,Selangor,2016,6994.4,250129,3,2,0.04878,1
Malayopython reticulatus,Selangor,2016,6994.4,250129,3,2,0.04878,1
Naja sumatrana,Selangor,2016,6994.4,250129,3,0,0.0,0
Sus scrofa,Selangor,2016,6994.4,250129,3,0,0.0,0
Varanus salvator,Selangor,2016,6994.4,250129,3,0,0.0,0
Acridotheres tristis,Johor,2016,4009.7,414628,4,2,1.0,1
Corvus splendens,Johor,2016,4009.7,414628,4,0,0.0,0
Macaca fascicularis,Johor,2016,4009.7,414628,4,0,0.0,0
Malayopython reticulatus,Johor,2016,4009.7,414628,4,0,0.0,0
Naja sumatrana,Johor,2016,4009.7,414628,4,0,0.0,0
Sus scrofa,Johor,2016,4009.7,414628,4,0,0.0,0
Varanus salvator,Johor,2016,4009.7,414628,4,0,0.0,0
Acridotheres tristis,Kedah,2016,2131.4,341976,4,1,0.5,1
Corvus splendens,Kedah,2016,2131.4,341976,4,1,0.5,1
Macaca fascicularis,Kedah,2016,2131.4,341976,4,0,0.0,0
Malayopython reticulatus,Kedah,2016,2131.4,341976,4,0,0.0,0
Naja sumatrana,Kedah,2016,2131.4,341976,4,0,0.0,0
Sus scrofa,Kedah,2016,2131.4,341976,4,0,0.0,0
Varanus salvator,Kedah,2016,2131.4,341976,4,0,0.0,0
Acridotheres tristis,Melaka,2016,998.4,5137,4,1,1.0,1
Corvus splendens,Melaka,2016,998.4,5137,4,0,0.0,0
Macaca fascicularis,Melaka,2016,998.4,5137,4,0,0.0,0
Malayopython reticulatus,Melaka,2016,998.4,5137,4,0,0.0,0
Naja sumatrana,Melaka,2016,998.4,5137,4,0,0.0,0
Sus scrofa,Melaka,2016,998.4,5137,4,0,0.0,0
Varanus salvator,Melaka,2016,998.4,5137,4,0,0.0,0
Acridotheres tristis,Negeri Sembilan,2016,1200.0,155650,4,1,0.5,1
Corvus splendens,Negeri Sembilan,2016,1200.0,155650,4,1,0.5,1
Macaca fascicularis,Negeri Sembilan,2016,1200.0,155650,4,0,0.0,0
Malayopython reticulatus,Negeri Sembilan,2016,1200.0,155650,4,0,0.0,0
Naja sumatrana,Negeri Sembilan,2016,1200.0,155650,4,0,0.0,0
Sus scrofa,Negeri Sembilan,2016,1200.0,155650,4,0,0.0,0
Varanus salvator,Negeri Sembilan,2016,1200.0,155650,4,0,0.0,0
Acridotheres tristis,Pahang,2016,1591.3,1559913,4,3,0.5,1
Corvus splendens,Pahang,2016,1591.3,1559913,4,1,0.166667,1
Macaca fascicularis,Pahang,2016,1591.3,1559913,4,2,0.333333,1
Malayopython reticulatus,Pahang,2016,1591.3,1559913,4,0,0.0,0
Naja sumatrana,Pahang,2016,1591.3,1559913,4,0,0.0,0
Sus scrofa,Pahang,2016,1591.3,1559913,4,0,0.0,0
Varanus salvator,Pahang,2016,1591.3,1559913,4,0,0.0,0
Acridotheres tristis,Perak,2016,2496.0,999473,4,2,1.0,1
Corvus splendens,Perak,2016,2496.0,999473,4,0,0.0,0
Macaca fascicularis,Perak,2016,2496.0,999473,4,0,0.0,0
Malayopython reticulatus,Perak,2016,2496.0,999473,4,0,0.0,0
Naja sumatrana,Perak,2016,2496.0,999473,4,0,0.0,0
Sus scrofa,Perak,2016,2496.0,999473,4,0,0.0,0
Varanus salvator,Perak,2016,2496.0,999473,4,0,0.0,0
Acridotheres tristis,Pulau Pinang,2016,1740.4,6060,4,11,0.52381,1
Corvus splendens,Pulau Pinang,2016,1740.4,6060,4,10,0.47619,1
Macaca fascicularis,Pulau Pinang,2016,1740.4,6060,4,0,0.0,0
Malayopython reticulatus,Pulau Pinang,2016,1740.4,6060,4,0,0.0,0
Naja sumatrana,Pulau Pinang,2016,1740.4,6060,4,0,0.0,0
Sus scrofa,Pulau Pinang,2016,1740.4,6060,4,0,0.0,0
Varanus salvator,Pulau Pinang,2016,1740.4,6060,4,0,0.0,0
Acridotheres tristis,Putrajaya,2016,109.2,0,4,1,1.0,1
Corvus splendens,Putrajaya,2016,109.2,0,4,0,0.0,0
Macaca fascicularis,Putrajaya,2016,109.2,0,4,0,0.0,0
Malayopython reticulatus,Putrajaya,2016,109.2,0,4,0,0.0,0
Naja sumatrana,Putrajaya,2016,109.2,0,4,0,0.0,0
Sus scrofa,Putrajaya,2016,109.2,0,4,0,0.0,0
Varanus salvator,Putrajaya,2016,109.2,0,4,0,0.0,0
Acridotheres tristis,Sabah,2016,3418.8,3540274,4,3,0.09375,1
Corvus splendens,Sabah,2016,3418.8,3540274,4,4,0.125,1
Macaca fascicularis,Sabah,2016,3418.8,3540274,4,13,0.40625,1
Malayopython reticulatus,Sabah,2016,3418.8,3540274,4,2,0.0625,1
Naja sumatrana,Sabah,2016,3418.8,3540274,4,0,0.0,0
Sus scrofa,Sabah,2016,3418.8,3540274,4,0,0.0,0
Varanus salvator,Sabah,2016,3418.8,3540274,4,10,0.3125,1
Acridotheres tristis,Sarawak,2016,2453.7,4317939,4,7,0.7,1
Corvus splendens,Sarawak,2016,2453.7,4317939,4,0,0.0,0
Macaca fascicularis,Sarawak,2016,2453.7,4317939,4,2,0.2,1
Malayopython reticulatus,Sarawak,2016,2453.7,4317939,4,0,0.0,0
Naja sumatrana,Sarawak,2016,2453.7,4317939,4,0,0.0,0
Sus scrofa,Sarawak,2016,2453.7,4317939,4,0,0.0,0
Varanus salvator,Sarawak,2016,2453.7,4317939,4,1,0.1,1
Acridotheres tristis,Selangor,2016,6994.4,250129,4,5,0.333333,1
Corvus splendens,Selangor,2016,6994.4,250129,4,10,0.666667,1
Macaca fascicularis,Selangor,2016,6994.4,250129,4,0,0.0,0
Malayopython reticulatus,Selangor,2016,6994.4,250129,4,0,0.0,0
Naja sumatrana,Selangor,2016,6994.4,250129,4,0,0.0,0
Sus scrofa,Selangor,2016,6994.4,250129,4,0,0.0,0
Varanus salvator,Selangor,2016,6994.4,250129,4,0,0.0,0
Acridotheres tristis,Johor,2016,4009.7,414628,5,2,0.5,1
Corvus splendens,Johor,2016,4009.7,414628,5,2,0.5,1
Macaca fascicularis,Johor,2016,4009.7,414628,5,0,0.0,0
Malayopython reticulatus,Johor,2016,4009.7,414628,5,0,0.0,0
Naja sumatrana,Johor,2016,4009.7,414628,5,0,0.0,0
Sus scrofa,Johor,2016,4009.7,414628,5,0,0.0,0
Varanus salvator,Johor,2016,4009.7,414628,5,0,0.0,0
Acridotheres tristis,Kedah,2016,2131.4,341976,5,3,0.75,1
Corvus splendens,Kedah,2016,2131.4,341976,5,1,0.25,1
Macaca fascicularis,Kedah,2016,2131.4,341976,5,0,0.0,0
Malayopython reticulatus,Kedah,2016,2131.4,341976,5,0,0.0,0
Naja sumatrana,Kedah,2016,2131.4,341976,5,0,0.0,0
Sus scrofa,Kedah,2016,2131.4,341976,5,0,0.0,0
Varanus salvator,Kedah,2016,2131.4,341976,5,0,0.0,0
Acridotheres tristis,Kuala Lumpur,2016,1982.1,68,5,5,0.555556,1
Corvus splendens,Kuala Lumpur,2016,1982.1,68,5,4,0.444444,1
Macaca fascicularis,Kuala Lumpur,2016,1982.1,68,5,0,0.0,0
Malayopython reticulatus,Kuala Lumpur,2016,1982.1,68,5,0,0.0,0
Naja sumatrana,Kuala Lumpur,2016,1982.1,68,5,0,0.0,0
Sus scrofa,Kuala Lumpur,2016,1982.1,68,5,0,0.0,0
Varanus salvator,Kuala Lumpur,2016,1982.1,68,5,0,0.0,0
Acridotheres tristis,Negeri Sembilan,2016,1200.0,155650,5,3,1.0,1
Corvus splendens,Negeri Sembilan,2016,1200.0,155650,5,0,0.0,0
Macaca fascicularis,Negeri Sembilan,2016,1200.0,155650,5,0,0.0,0
Malayopython reticulatus,Negeri Sembilan,2016,1200.0,155650,5,0,0.0,0
Naja sumatrana,Negeri Sembilan,2016,1200.0,155650,5,0,0.0,0
Sus scrofa,Negeri Sembilan,2016,1200.0,155650,5,0,0.0,0
Varanus salvator,Negeri Sembilan,2016,1200.0,155650,5,0,0.0,0
Acridotheres tristis,Pahang,2016,1591.3,1559913,5,7,0.538462,1
Corvus splendens,Pahang,2016,1591.3,1559913,5,3,0.230769,1
Macaca fascicularis,Pahang,2016,1591.3,1559913,5,3,0.230769,1
Malayopython reticulatus,Pahang,2016,1591.3,1559913,5,0,0.0,0
Naja sumatrana,Pahang,2016,1591.3,1559913,5,0,0.0,0
Sus scrofa,Pahang,2016,1591.3,1559913,5,0,0.0,0
Varanus salvator,Pahang,2016,1591.3,1559913,5,0,0.0,0
Acridotheres tristis,Perak,2016,2496.0,999473,5,1,1.0,1
Corvus splendens,Perak,2016,2496.0,999473,5,0,0.0,0
Macaca fascicularis,Perak,2016,2496.0,999473,5,0,0.0,0
Malayopython reticulatus,Perak,2016,2496.0,999473,5,0,0.0,0
Naja sumatrana,Perak,2016,2496.0,999473,5,0,0.0,0
Sus scrofa,Perak,2016,2496.0,999473,5,0,0.0,0
Varanus salvator,Perak,2016,2496.0,999473,5,0,0.0,0
Acridotheres tristis,Pulau Pinang,2016,1740.4,6060,5,4,0.4,1
Corvus splendens,Pulau Pinang,2016,1740.4,6060,5,5,0.5,1
Macaca fascicularis,Pulau Pinang,2016,1740.4,6060,5,1,0.1,1
Malayopython reticulatus,Pulau Pinang,2016,1740.4,6060,5,0,0.0,0
Naja sumatrana,Pulau Pinang,2016,1740.4,6060,5,0,0.0,0
Sus scrofa,Pulau Pinang,2016,1740.4,6060,5,0,0.0,0
Varanus salvator,Pulau Pinang,2016,1740.4,6060,5,0,0.0,0
Acridotheres tristis,Putrajaya,2016,109.2,0,5,1,1.0,1
Corvus splendens,Putrajaya,2016,109.2,0,5,0,0.0,0
Macaca fascicularis,Putrajaya,2016,109.2,0,5,0,0.0,0
Malayopython reticulatus,Putrajaya,2016,109.2,0,5,0,0.0,0
Naja sumatrana,Putrajaya,2016,109.2,0,5,0,0.0,0
Sus scrofa,Putrajaya,2016,109.2,0,5,0,0.0,0
Varanus salvator,Putrajaya,2016,109.2,0,5,0,0.0,0
Acridotheres tristis,Sabah,2016,3418.8,3540274,5,1,0.125,1
Corvus splendens,Sabah,2016,3418.8,3540274,5,2,0.25,1
Macaca fascicularis,Sabah,2016,3418.8,3540274,5,1,0.125,1
Malayopython reticulatus,Sabah,2016,3418.8,3540274,5,0,0.0,0
Naja sumatrana,Sabah,2016,3418.8,3540274,5,0,0.0,0
Sus scrofa,Sabah,2016,3418.8,3540274,5,0,0.0,0
Varanus salvator,Sabah,2016,3418.8,3540274,5,4,0.5,1
Acridotheres tristis,Sarawak,2016,2453.7,4317939,5,12,0.923077,1
Corvus splendens,Sarawak,2016,2453.7,4317939,5,0,0.0,0
Macaca fascicularis,Sarawak,2016,2453.7,4317939,5,0,0.0,0
Malayopython reticulatus,Sarawak,2016,2453.7,4317939,5,0,0.0,0
Naja sumatrana,Sarawak,2016,2453.7,4317939,5,1,0.076923,1
Sus scrofa,Sarawak,2016,2453.7,4317939,5,0,0.0,0
Varanus salvator,Sarawak,2016,2453.7,4317939,5,0,0.0,0
Acridotheres tristis,Selangor,2016,6994.4,250129,5,25,0.510204,1
Corvus splendens,Selangor,2016,6994.4,250129,5,23,0.469388,1
Macaca fascicularis,Selangor,2016,6994.4,250129,5,1,0.020408,1
Malayopython reticulatus,Selangor,2016,6994.4,250129,5,0,0.0,0
Naja sumatrana,Selangor,2016,6994.4,250129,5,0,0.0,0
Sus scrofa,Selangor,2016,6994.4,250129,5,0,0.0,0
Varanus salvator,Selangor,2016,6994.4,250129,5,0,0.0,0
Acridotheres tristis,Terengganu,2016,1149.4,544883,5,0,0.0,0
Corvus splendens,Terengganu,2016,1149.4,544883,5,0,0.0,0
Macaca fascicularis,Terengganu,2016,1149.4,544883,5,1,1.0,1
Malayopython reticulatus,Terengganu,2016,1149.4,544883,5,0,0.0,0
Naja sumatrana,Terengganu,2016,1149.4,544883,5,0,0.0,0
Sus scrofa,Terengganu,2016,1149.4,544883,5,0,0.0,0
Varanus salvator,Terengganu,2016,1149.4,544883,5,0,0.0,0
Acridotheres tristis,Johor,2016,4009.7,414628,6,1,0.5,1
Corvus splendens,Johor,2016,4009.7,414628,6,1,0.5,1
Macaca fascicularis,Johor,2016,4009.7,414628,6,0,0.0,0
Malayopython reticulatus,Johor,2016,4009.7,414628,6,0,0.0,0
Naja sumatrana,Johor,2016,4009.7,414628,6,0,0.0,0
Sus scrofa,Johor,2016,4009.7,414628,6,0,0.0,0
Varanus salvator,Johor,2016,4009.7,414628,6,0,0.0,0
Acridotheres tristis,Kedah,2016,2131.4,341976,6,4,1.0,1
Corvus splendens,Kedah,2016,2131.4,341976,6,0,0.0,0
Macaca fascicularis,Kedah,2016,2131.4,341976,6,0,0.0,0
Malayopython reticulatus,Kedah,2016,2131.4,341976,6,0,0.0,0
Naja sumatrana,Kedah,2016,2131.4,341976,6,0,0.0,0
Sus scrofa,Kedah,2016,2131.4,341976,6,0,0.0,0
Varanus salvator,Kedah,2016,2131.4,341976,6,0,0.0,0
Acridotheres tristis,Kuala Lumpur,2016,1982.1,68,6,6,0.5,1
Corvus splendens,Kuala Lumpur,2016,1982.1,68,6,6,0.5,1
Macaca fascicularis,Kuala Lumpur,2016,1982.1,68,6,0,0.0,0
Malayopython reticulatus,Kuala Lumpur,2016,1982.1,68,6,0,0.0,0
Naja sumatrana,Kuala Lumpur,2016,1982.1,68,6,0,0.0,0
Sus scrofa,Kuala Lumpur,2016,1982.1,68,6,0,0.0,0
Varanus salvator,Kuala Lumpur,2016,1982.1,68,6,0,0.0,0
Acridotheres tristis,Melaka,2016,998.4,5137,6,4,0.8,1
Corvus splendens,Melaka,2016,998.4,5137,6,1,0.2,1
Macaca fascicularis,Melaka,2016,998.4,5137,6,0,0.0,0
Malayopython reticulatus,Melaka,2016,998.4,5137,6,0,0.0,0
Naja sumatrana,Melaka,2016,998.4,5137,6,0,0.0,0
Sus scrofa,Melaka,2016,998.4,5137,6,0,0.0,0
Varanus salvator,Melaka,2016,998.4,5137,6,0,0.0,0
Acridotheres tristis,Negeri Sembilan,2016,1200.0,155650,6,7,0.583333,1
Corvus splendens,Negeri Sembilan,2016,1200.0,155650,6,5,0.416667,1
Macaca fascicularis,Negeri Sembilan,2016,1200.0,155650,6,0,0.0,0
Malayopython reticulatus,Negeri Sembilan,2016,1200.0,155650,6,0,0.0,0
Naja sumatrana,Negeri Sembilan,2016,1200.0,155650,6,0,0.0,0
Sus scrofa,Negeri Sembilan,2016,1200.0,155650,6,0,0.0,0
Varanus salvator,Negeri Sembilan,2016,1200.0,155650,6,0,0.0,0
Acridotheres tristis,Pahang,2016,1591.3,1559913,6,3,0.230769,1
Corvus splendens,Pahang,2016,1591.3,1559913,6,0,0.0,0
Macaca fascicularis,Pahang,2016,1591.3,1559913,6,8,0.615385,1
Malayopython reticulatus,Pahang,2016,1591.3,1559913,6,0,0.0,0
Naja sumatrana,Pahang,2016,1591.3,1559913,6,0,0.0,0
Sus scrofa,Pahang,2016,1591.3,1559913,6,1,0.076923,1
Varanus salvator,Pahang,2016,1591.3,1559913,6,1,0.076923,1
Acridotheres tristis,Perak,2016,2496.0,999473,6,5,0.833333,1
Corvus splendens,Perak,2016,2496.0,999473,6,0,0.0,0
Macaca fascicularis,Perak,2016,2496.0,999473,6,1,0.166667,1
Malayopython reticulatus,Perak,2016,2496.0,999473,6,0,0.0,0
Naja sumatrana,Perak,2016,2496.0,999473,6,0,0.0,0
Sus scrofa,Perak,2016,2496.0,999473,6,0,0.0,0
Varanus salvator,Perak,2016,2496.0,999473,6,0,0.0,0
Acridotheres tristis,Pulau Pinang,2016,1740.4,6060,6,6,0.545455,1
Corvus splendens,Pulau Pinang,2016,1740.4,6060,6,5,0.454545,1
Macaca fascicularis,Pulau Pinang,2016,1740.4,6060,6,0,0.0,0
Malayopython reticulatus,Pulau Pinang,2016,1740.4,6060,6,0,0.0,0
Naja sumatrana,Pulau Pinang,2016,1740.4,6060,6,0,0.0,0
Sus scrofa,Pulau Pinang,2016,1740.4,6060,6,0,0.0,0
Varanus salvator,Pulau Pinang,2016,1740.4,6060,6,0,0.0,0
Acridotheres tristis,Sabah,2016,3418.8,3540274,6,1,0.041667,1
Corvus splendens,Sabah,2016,3418.8,3540274,6,8,0.333333,1
Macaca fascicularis,Sabah,2016,3418.8,3540274,6,8,0.333333,1
Malayopython reticulatus,Sabah,2016,3418.8,3540274,6,0,0.0,0
Naja sumatrana,Sabah,2016,3418.8,3540274,6,0,0.0,0
Sus scrofa,Sabah,2016,3418.8,3540274,6,0,0.0,0
Varanus salvator,Sabah,2016,3418.8,3540274,6,7,0.291667,1
Acridotheres tristis,Sarawak,2016,2453.7,4317939,6,1,1.0,1
Corvus splendens,Sarawak,2016,2453.7,4317939,6,0,0.0,0
Macaca fascicularis,Sarawak,2016,2453.7,4317939,6,0,0.0,0
Malayopython reticulatus,Sarawak,2016,2453.7,4317939,6,0,0.0,0
Naja sumatrana,Sarawak,2016,2453.7,4317939,6,0,0.0,0
Sus scrofa,Sarawak,2016,2453.7,4317939,6,0,0.0,0
Varanus salvator,Sarawak,2016,2453.7,4317939,6,0,0.0,0
Acridotheres tristis,Selangor,2016,6994.4,250129,6,11,0.297297,1
Corvus splendens,Selangor,2016,6994.4,250129,6,16,0.432432,1
Macaca fascicularis,Selangor,2016,6994.4,250129,6,6,0.162162,1
Malayopython reticulatus,Selangor,2016,6994.4,250129,6,0,0.0,0
Naja sumatrana,Selangor,2016,6994.4,250129,6,0,0.0,0
Sus scrofa,Selangor,2016,6994.4,250129,6,0,0.0,0
Varanus salvator,Selangor,2016,6994.4,250129,6,4,0.108108,1
Acridotheres tristis,Johor,2016,4009.7,414628,7,4,0.363636,1
Corvus splendens,Johor,2016,4009.7,414628,7,5,0.454545,1
Macaca fascicularis,Johor,2016,4009.7,414628,7,1,0.090909,1
Malayopython reticulatus,Johor,2016,4009.7,414628,7,0,0.0,0
Naja sumatrana,Johor,2016,4009.7,414628,7,0,0.0,0
Sus scrofa,Johor,2016,4009.7,414628,7,0,0.0,0
Varanus salvator,Johor,2016,4009.7,414628,7,1,0.090909,1
Acridotheres tristis,Kedah,2016,2131.4,341976,7,4,0.444444,1
Corvus splendens,Kedah,2016,2131.4,341976,7,0,0.0,0
Macaca fascicularis,Kedah,2016,2131.4,341976,7,3,0.333333,1
Malayopython reticulatus,Kedah,2016,2131.4,341976,7,0,0.0,0
Naja sumatrana,Kedah,2016,2131.4,341976,7,0,0.0,0
Sus scrofa,Kedah,2016,2131.4,341976,7,0,0.0,0
Varanus salvator,Kedah,2016,2131.4,341976,7,2,0.222222,1
Acridotheres tristis,Kuala Lumpur,2016,1982.1,68,7,4,0.5,1
Corvus splendens,Kuala Lumpur,2016,1982.1,68,7,4,0.5,1
Macaca fascicularis,Kuala Lumpur,2016,1982.1,68,7,0,0.0,0
Malayopython reticulatus,Kuala Lumpur,2016,1982.1,68,7,0,0.0,0
Naja sumatrana,Kuala Lumpur,2016,1982.1,68,7,0,0.0,0
Sus scrofa,Kuala Lumpur,2016,1982.1,68,7,0,0.0,0
Varanus salvator,Kuala Lumpur,2016,1982.1,68,7,0,0.0,0
Acridotheres tristis,Melaka,2016,998.4,5137,7,0,0.0,0
Corvus splendens,Melaka,2016,998.4,5137,7,2,1.0,1
Macaca fascicularis,Melaka,2016,998.4,5137,7,0,0.0,0
Malayopython reticulatus,Melaka,2016,998.4,5137,7,0,0.0,0
Naja sumatrana,Melaka,2016,998.4,5137,7,0,0.0,0
Sus scrofa,Melaka,2016,998.4,5137,7,0,0.0,0
Varanus salvator,Melaka,2016,998.4,5137,7,0,0.0,0
Acridotheres tristis,Pahang,2016,1591.3,1559913,7,12,0.8,1
Corvus splendens,Pahang,2016,1591.3,1559913,7,0,0.0,0
Macaca fascicularis,Pahang,2016,1591.3,1559913,7,3,0.2,1
Malayopython reticulatus,Pahang,2016,1591.3,1559913,7,0,0.0,0
Naja sumatrana,Pahang,2016,1591.3,1559913,7,0,0.0,0
Sus scrofa,Pahang,2016,1591.3,1559913,7,0,0.0,0
Varanus salvator,Pahang,2016,1591.3,1559913,7,0,0.0,0
Acridotheres tristis,Pulau Pinang,2016,1740.4,6060,7,1,0.2,1
Corvus splendens,Pulau Pinang,2016,1740.4,6060,7,4,0.8,1
Macaca fascicularis,Pulau Pinang,2016,1740.4,6060,7,0,0.0,0
Malayopython reticulatus,Pulau Pinang,2016,1740.4,6060,7,0,0.0,0
Naja sumatrana,Pulau Pinang,2016,1740.4,6060,7,0,0.0,0
Sus scrofa,Pulau Pinang,2016,1740.4,6060,7,0,0.0,0
Varanus salvator,Pulau Pinang,2016,1740.4,6060,7,0,0.0,0
Acridotheres tristis,Sabah,2016,3418.8,3540274,7,1,0.5,1
Corvus splendens,Sabah,2016,3418.8,3540274,7,0,0.0,0
Macaca fascicularis,Sabah,2016,3418.8,3540274,7,0,0.0,0
Malayopython reticulatus,Sabah,2016,3418.8,3540274,7,0,0.0,0
Naja sumatrana,Sabah,2016,3418.8,3540274,7,0,0.0,0
Sus scrofa,Sabah,2016,3418.8,3540274,7,0,0.0,0
Varanus salvator,Sabah,2016,3418.8,3540274,7,1,0.5,1
Acridotheres tristis,Sarawak,2016,2453.7,4317939,7,1,0.5,1
Corvus splendens,Sarawak,2016,2453.7,4317939,7,0,0.0,0
Macaca fascicularis,Sarawak,2016,2453.7,4317939,7,1,0.5,1
Malayopython reticulatus,Sarawak,2016,2453.7,4317939,7,0,0.0,0
Naja sumatrana,Sarawak,2016,2453.7,4317939,7,0,0.0,0
Sus scrofa,Sarawak,2016,2453.7,4317939,7,0,0.0,0
Varanus salvator,Sarawak,2016,2453.7,4317939,7,0,0.0,0
Acridotheres tristis,Selangor,2016,6994.4,250129,7,14,0.297872,1
Corvus splendens,Selangor,2016,6994.4,250129,7,28,0.595745,1
Macaca fascicularis,Selangor,2016,6994.4,250129,7,5,0.106383,1
Malayopython reticulatus,Selangor,2016,6994.4,250129,7,0,0.0,0
Naja sumatrana,Selangor,2016,6994.4,250129,7,0,0.0,0
Sus scrofa,Selangor,2016,6994.4,250129,7,0,0.0,0
Varanus salvator,Selangor,2016,6994.4,250129,7,0,0.0,0
Acridotheres tristis,Terengganu,2016,1149.4,544883,7,0,0.0,0
Corvus splendens,Terengganu,2016,1149.4,544883,7,0,0.0,0
Macaca fascicularis,Terengganu,2016,1149.4,544883,7,0,0.0,0
Malayopython reticulatus,Terengganu,2016,1149.4,544883,7,0,0.0,0
Naja sumatrana,Terengganu,2016,1149.4,544883,7,0,0.0,0
Sus scrofa,Terengganu,2016,1149.4,544883,7,0,0.0,0
Varanus salvator,Terengganu,2016,1149.4,544883,7,1,1.0,1
Acridotheres tristis,Johor,2016,4009.7,414628,8,3,0.5,1
Corvus splendens,Johor,2016,4009.7,414628,8,3,0.5,1
Macaca fascicularis,Johor,2016,4009.7,414628,8,0,0.0,0
Malayopython reticulatus,Johor,2016,4009.7,414628,8,0,0.0,0
Naja sumatrana,Johor,2016,4009.7,414628,8,0,0.0,0
Sus scrofa,Johor,2016,4009.7,414628,8,0,0.0,0
Varanus salvator,Johor,2016,4009.7,414628,8,0,0.0,0
Acridotheres tristis,Kedah,2016,2131.4,341976,8,3,1.0,1
Corvus splendens,Kedah,2016,2131.4,341976,8,0,0.0,0
Macaca fascicularis,Kedah,2016,2131.4,341976,8,0,0.0,0
Malayopython reticulatus,Kedah,2016,2131.4,341976,8,0,0.0,0
Naja sumatrana,Kedah,2016,2131.4,341976,8,0,0.0,0
Sus scrofa,Kedah,2016,2131.4,341976,8,0,0.0,0
Varanus salvator,Kedah,2016,2131.4,341976,8,0,0.0,0
Acridotheres tristis,Kuala Lumpur,2016,1982.1,68,8,2,0.5,1
Corvus splendens,Kuala Lumpur,2016,1982.1,68,8,2,0.5,1
Macaca fascicularis,Kuala Lumpur,2016,1982.1,68,8,0,0.0,0
Malayopython reticulatus,Kuala Lumpur,2016,1982.1,68,8,0,0.0,0
Naja sumatrana,Kuala Lumpur,2016,1982.1,68,8,0,0.0,0
Sus scrofa,Kuala Lumpur,2016,1982.1,68,8,0,0.0,0
Varanus salvator,Kuala Lumpur,2016,1982.1,68,8,0,0.0,0
Acridotheres tristis,Melaka,2016,998.4,5137,8,1,0.5,1
Corvus splendens,Melaka,2016,998.4,5137,8,1,0.5,1
Macaca fascicularis,Melaka,2016,998.4,5137,8,0,0.0,0
Malayopython reticulatus,Melaka,2016,998.4,5137,8,0,0.0,0
Naja sumatrana,Melaka,2016,998.4,5137,8,0,0.0,0
Sus scrofa,Melaka,2016,998.4,5137,8,0,0.0,0
Varanus salvator,Melaka,2016,998.4,5137,8,0,0.0,0
Acridotheres tristis,Pahang,2016,1591.3,1559913,8,15,0.625,1
Corvus splendens,Pahang,2016,1591.3,1559913,8,1,0.041667,1
Macaca fascicularis,Pahang,2016,1591.3,1559913,8,5,0.208333,1
Malayopython reticulatus,Pahang,2016,1591.3,1559913,8,2,0.083333,1
Naja sumatrana,Pahang,2016,1591.3,1559913,8,0,0.0,0
Sus scrofa,Pahang,2016,1591.3,1559913,8,1,0.041667,1
Varanus salvator,Pahang,2016,1591.3,1559913,8,0,0.0,0
Acridotheres tristis,Perak,2016,2496.0,999473,8,2,1.0,1
Corvus splendens,Perak,2016,2496.0,999473,8,0,0.0,0
Macaca fascicularis,Perak,2016,2496.0,999473,8,0,0.0,0
Malayopython reticulatus,Perak,2016,2496.0,999473,8,0,0.0,0
Naja sumatrana,Perak,2016,2496.0,999473,8,0,0.0,0
Sus scrofa,Perak,2016,2496.0,999473,8,0,0.0,0
Varanus salvator,Perak,2016,2496.0,999473,8,0,0.0,0
Acridotheres tristis,Pulau Pinang,2016,1740.4,6060,8,9,0.529412,1
Corvus splendens,Pulau Pinang,2016,1740.4,6060,8,8,0.470588,1
Macaca fascicularis,Pulau Pinang,2016,1740.4,6060,8,0,0.0,0
Malayopython reticulatus,Pulau Pinang,2016,1740.4,6060,8,0,0.0,0
Naja sumatrana,Pulau Pinang,2016,1740.4,6060,8,0,0.0,0
Sus scrofa,Pulau Pinang,2016,1740.4,6060,8,0,0.0,0
Varanus salvator,Pulau Pinang,2016,1740.4,6060,8,0,0.0,0
Acridotheres tristis,Sabah,2016,3418.8,3540274,8,10,0.416667,1
Corvus splendens,Sabah,2016,3418.8,3540274,8,4,0.166667,1
Macaca fascicularis,Sabah,2016,3418.8,3540274,8,6,0.25,1
Malayopython reticulatus,Sabah,2016,3418.8,3540274,8,1,0.041667,1
Naja sumatrana,Sabah,2016,3418.8,3540274,8,0,0.0,0
Sus scrofa,Sabah,2016,3418.8,3540274,8,0,0.0,0
Varanus salvator,Sabah,2016,3418.8,3540274,8,3,0.125,1
Acridotheres tristis,Sarawak,2016,2453.7,4317939,8,5,0.833333,1
Corvus splendens,Sarawak,2016,2453.7,4317939,8,0,0.0,0
Macaca fascicularis,Sarawak,2016,2453.7,4317939,8,1,0.166667,1
Malayopython reticulatus,Sarawak,2016,2453.7,4317939,8,0,0.0,0
Naja sumatrana,Sarawak,2016,2453.7,4317939,8,0,0.0,0
Sus scrofa,Sarawak,2016,2453.7,4317939,8,0,0.0,0
Varanus salvator,Sarawak,2016,2453.7,4317939,8,0,0.0,0
Acridotheres tristis,Selangor,2016,6994.4,250129,8,6,0.272727,1
Corvus splendens,Selangor,2016,6994.4,250129,8,8,0.363636,1
Macaca fascicularis,Selangor,2016,6994.4,250129,8,8,0.363636,1
Malayopython reticulatus,Selangor,2016,6994.4,250129,8,0,0.0,0
Naja sumatrana,Selangor,2016,6994.4,250129,8,0,0.0,0
Sus scrofa,Selangor,2016,6994.4,250129,8,0,0.0,0
Varanus salvator,Selangor,2016,6994.4,250129,8,0,0.0,0
Acridotheres tristis,Terengganu,2016,1149.4,544883,8,1,1.0,1
Corvus splendens,Terengganu,2016,1149.4,544883,8,0,0.0,0
Macaca fascicularis,Terengganu,2016,1149.4,544883,8,0,0.0,0
Malayopython reticulatus,Terengganu,2016,1149.4,544883,8,0,0.0,0
Naja sumatrana,Terengganu,2016,1149.4,544883,8,0,0.0,0
Sus scrofa,Terengganu,2016,1149.4,544883,8,0,0.0,0
Varanus salvator,Terengganu,2016,1149.4,544883,8,0,0.0,0
Acridotheres tristis,Johor,2016,4009.7,414628,9,2,0.4,1
Corvus splendens,Johor,2016,4009.7,414628,9,3,0.6,1
Macaca fascicularis,Johor,2016,4009.7,414628,9,0,0.0,0
Malayopython reticulatus,Johor,2016,4009.7,414628,9,0,0.0,0
Naja sumatrana,Johor,2016,4009.7,414628,9,0,0.0,0
Sus scrofa,Johor,2016,4009.7,414628,9,0,0.0,0
Varanus salvator,Johor,2016,4009.7,414628,9,0,0.0,0
Acridotheres tristis,Kedah,2016,2131.4,341976,9,0,0.0,0
Corvus splendens,Kedah,2016,2131.4,341976,9,0,0.0,0
Macaca fascicularis,Kedah,2016,2131.4,341976,9,1,1.0,1
Malayopython reticulatus,Kedah,2016,2131.4,341976,9,0,0.0,0
Naja sumatrana,Kedah,2016,2131.4,341976,9,0,0.0,0
Sus scrofa,Kedah,2016,2131.4,341976,9,0,0.0,0
Varanus salvator,Kedah,2016,2131.4,341976,9,0,0.0,0
Acridotheres tristis,Kuala Lumpur,2016,1982.1,68,9,0,0.0,0
Corvus splendens,Kuala Lumpur,2016,1982.1,68,9,2,1.0,1
Macaca fascicularis,Kuala Lumpur,2016,1982.1,68,9,0,0.0,0
Malayopython reticulatus,Kuala Lumpur,2016,1982.1,68,9,0,0.0,0
Naja sumatrana,Kuala Lumpur,2016,1982.1,68,9,0,0.0,0
Sus scrofa,Kuala Lumpur,2016,1982.1,68,9,0,0.0,0
Varanus salvator,Kuala Lumpur,2016,1982.1,68,9,0,0.0,0
Acridotheres tristis,Melaka,2016,998.4,5137,9,6,0.545455,1
Corvus splendens,Melaka,2016,998.4,5137,9,5,0.454545,1
Macaca fascicularis,Melaka,2016,998.4,5137,9,0,0.0,0
Malayopython reticulatus,Melaka,2016,998.4,5137,9,0,0.0,0
Naja sumatrana,Melaka,2016,998.4,5137,9,0,0.0,0
Sus scrofa,Melaka,2016,998.4,5137,9,0,0.0,0
Varanus salvator,Melaka,2016,998.4,5137,9,0,0.0,0
Acridotheres tristis,Pahang,2016,1591.3,1559913,9,3,1.0,1
Corvus splendens,Pahang,2016,1591.3,1559913,9,0,0.0,0
Macaca fascicularis,Pahang,2016,1591.3,1559913,9,0,0.0,0
Malayopython reticulatus,Pahang,2016,1591.3,1559913,9,0,0.0,0
Naja sumatrana,Pahang,2016,1591.3,1559913,9,0,0.0,0
Sus scrofa,Pahang,2016,1591.3,1559913,9,0,0.0,0
Varanus salvator,Pahang,2016,1591.3,1559913,9,0,0.0,0
Acridotheres tristis,Perak,2016,2496.0,999473,9,6,1.0,1
Corvus splendens,Perak,2016,2496.0,999473,9,0,0.0,0
Macaca fascicularis,Perak,2016,2496.0,999473,9,0,0.0,0
Malayopython reticulatus,Perak,2016,2496.0,999473,9,0,0.0,0
Naja sumatrana,Perak,2016,2496.0,999473,9,0,0.0,0
Sus scrofa,Perak,2016,2496.0,999473,9,0,0.0,0
Varanus salvator,Perak,2016,2496.0,999473,9,0,0.0,0
Acridotheres tristis,Pulau Pinang,2016,1740.4,6060,9,6,0.428571,1
Corvus splendens,Pulau Pinang,2016,1740.4,6060,9,5,0.357143,1
Macaca fascicularis,Pulau Pinang,2016,1740.4,6060,9,3,0.214286,1
Malayopython reticulatus,Pulau Pinang,2016,1740.4,6060,9,0,0.0,0
Naja sumatrana,Pulau Pinang,2016,1740.4,6060,9,0,0.0,0
Sus scrofa,Pulau Pinang,2016,1740.4,6060,9,0,0.0,0
Varanus salvator,Pulau Pinang,2016,1740.4,6060,9,0,0.0,0
Acridotheres tristis,Sabah,2016,3418.8,3540274,9,0,0.0,0
Corvus splendens,Sabah,2016,3418.8,3540274,9,1,0.2,1
Macaca fascicularis,Sabah,2016,3418.8,3540274,9,2,0.4,1
Malayopython reticulatus,Sabah,2016,3418.8,3540274,9,0,0.0,0
Naja sumatrana,Sabah,2016,3418.8,3540274,9,0,0.0,0
Sus scrofa,Sabah,2016,3418.8,3540274,9,0,0.0,0
Varanus salvator,Sabah,2016,3418.8,3540274,9,2,0.4,1
Acridotheres tristis,Sarawak,2016,2453.7,4317939,9,2,1.0,1
Corvus splendens,Sarawak,2016,2453.7,4317939,9,0,0.0,0
Macaca fascicularis,Sarawak,2016,2453.7,4317939,9,0,0.0,0
Malayopython reticulatus,Sarawak,2016,2453.7,4317939,9,0,0.0,0
Naja sumatrana,Sarawak,2016,2453.7,4317939,9,0,0.0,0
Sus scrofa,Sarawak,2016,2453.7,4317939,9,0,0.0,0
Varanus salvator,Sarawak,2016,2453.7,4317939,9,0,0.0,0
Acridotheres tristis,Selangor,2016,6994.4,250129,9,6,0.285714,1
Corvus splendens,Selangor,2016,6994.4,250129,9,11,0.52381,1
Macaca fascicularis,Selangor,2016,6994.4,250129,9,4,0.190476,1
Malayopython reticulatus,Selangor,2016,6994.4,250129,9,0,0.0,0
Naja sumatrana,Selangor,2016,6994.4,250129,9,0,0.0,0
Sus scrofa,Selangor,2016,6994.4,250129,9,0,0.0,0
Varanus salvator,Selangor,2016,6994.4,250129,9,0,0.0,0
Acridotheres tristis,Johor,2016,4009.7,414628,10,0,0.0,0
Corvus splendens,Johor,2016,4009.7,414628,10,0,0.0,0
Macaca fascicularis,Johor,2016,4009.7,414628,10,1,1.0,1
Malayopython reticulatus,Johor,2016,4009.7,414628,10,0,0.0,0
Naja sumatrana,Johor,2016,4009.7,414628,10,0,0.0,0
Sus scrofa,Johor,2016,4009.7,414628,10,0,0.0,0
Varanus salvator,Johor,2016,4009.7,414628,10,0,0.0,0
Acridotheres tristis,Kedah,2016,2131.4,341976,10,4,1.0,1
Corvus splendens,Kedah,2016,2131.4,341976,10,0,0.0,0
Macaca fascicularis,Kedah,2016,2131.4,341976,10,0,0.0,0
Malayopython reticulatus,Kedah,2016,2131.4,341976,10,0,0.0,0
Naja sumatrana,Kedah,2016,2131.4,341976,10,0,0.0,0
Sus scrofa,Kedah,2016,2131.4,341976,10,0,0.0,0
Varanus salvator,Kedah,2016,2131.4,341976,10,0,0.0,0
Acridotheres tristis,Kuala Lumpur,2016,1982.1,68,10,3,0.333333,1
Corvus splendens,Kuala Lumpur,2016,1982.1,68,10,4,0.444444,1
Macaca fascicularis,Kuala Lumpur,2016,1982.1,68,10,2,0.222222,1
Malayopython reticulatus,Kuala Lumpur,2016,1982.1,68,10,0,0.0,0
Naja sumatrana,Kuala Lumpur,2016,1982.1,68,10,0,0.0,0
Sus scrofa,Kuala Lumpur,2016,1982.1,68,10,0,0.0,0
Varanus salvator,Kuala Lumpur,2016,1982.1,68,10,0,0.0,0
Acridotheres tristis,Negeri Sembilan,2016,1200.0,155650,10,2,0.666667,1
Corvus splendens,Negeri Sembilan,2016,1200.0,155650,10,1,0.333333,1
Macaca fascicularis,Negeri Sembilan,2016,1200.0,155650,10,0,0.0,0
Malayopython reticulatus,Negeri Sembilan,2016,1200.0,155650,10,0,0.0,0
Naja sumatrana,Negeri Sembilan,2016,1200.0,155650,10,0,0.0,0
Sus scrofa,Negeri Sembilan,2016,1200.0,155650,10,0,0.0,0
Varanus salvator,Negeri Sembilan,2016,1200.0,155650,10,0,0.0,0
Acridotheres tristis,Pahang,2016,1591.3,1559913,10,2,0.5,1
Corvus splendens,Pahang,2016,1591.3,1559913,10,1,0.25,1
Macaca fascicularis,Pahang,2016,1591.3,1559913,10,0,0.0,0
Malayopython reticulatus,Pahang,2016,1591.3,1559913,10,0,0.0,0
Naja sumatrana,Pahang,2016,1591.3,1559913,10,0,0.0,0
Sus scrofa,Pahang,2016,1591.3,1559913,10,1,0.25,1
Varanus salvator,Pahang,2016,1591.3,1559913,10,0,0.0,0
Acridotheres tristis,Perak,2016,2496.0,999473,10,2,0.666667,1
Corvus splendens,Perak,2016,2496.0,999473,10,1,0.333333,1
Macaca fascicularis,Perak,2016,2496.0,999473,10,0,0.0,0
Malayopython reticulatus,Perak,2016,2496.0,999473,10,0,0.0,0
Naja sumatrana,Perak,2016,2496.0,999473,10,0,0.0,0
Sus scrofa,Perak,2016,2496.0,999473,10,0,0.0,0
Varanus salvator,Perak,2016,2496.0,999473,10,0,0.0,0
Acridotheres tristis,Pulau Pinang,2016,1740.4,6060,10,9,0.529412,1
Corvus splendens,Pulau Pinang,2016,1740.4,6060,10,7,0.411765,1
Macaca fascicularis,Pulau Pinang,2016,1740.4,6060,10,1,0.058824,1
Malayopython reticulatus,Pulau Pinang,2016,1740.4,6060,10,0,0.0,0
Naja sumatrana,Pulau Pinang,2016,1740.4,6060,10,0,0.0,0
Sus scrofa,Pulau Pinang,2016,1740.4,6060,10,0,0.0,0
Varanus salvator,Pulau Pinang,2016,1740.4,6060,10,0,0.0,0
Acridotheres tristis,Putrajaya,2016,109.2,0,10,0,0.0,0
Corvus splendens,Putrajaya,2016,109.2,0,10,1,1.0,1
Macaca fascicularis,Putrajaya,2016,109.2,0,10,0,0.0,0
Malayopython reticulatus,Putrajaya,2016,109.2,0,10,0,0.0,0
Naja sumatrana,Putrajaya,2016,109.2,0,10,0,0.0,0
Sus scrofa,Putrajaya,2016,109.2,0,10,0,0.0,0
Varanus salvator,Putrajaya,2016,109.2,0,10,0,0.0,0
Acridotheres tristis,Sabah,2016,3418.8,3540274,10,0,0.0,0
Corvus splendens,Sabah,2016,3418.8,3540274,10,0,0.0,0
Macaca fascicularis,Sabah,2016,3418.8,3540274,10,3,0.333333,1
Malayopython reticulatus,Sabah,2016,3418.8,3540274,10,0,0.0,0
Naja sumatrana,Sabah,2016,3418.8,3540274,10,0,0.0,0
Sus scrofa,Sabah,2016,3418.8,3540274,10,0,0.0,0
Varanus salvator,Sabah,2016,3418.8,3540274,10,6,0.666667,1
Acridotheres tristis,Selangor,2016,6994.4,250129,10,9,0.409091,1
Corvus splendens,Selangor,2016,6994.4,250129,10,9,0.409091,1
Macaca fascicularis,Selangor,2016,6994.4,250129,10,4,0.181818,1
Malayopython reticulatus,Selangor,2016,6994.4,250129,10,0,0.0,0
Naja sumatrana,Selangor,2016,6994.4,250129,10,0,0.0,0
Sus scrofa,Selangor,2016,6994.4,250129,10,0,0.0,0
Varanus salvator,Selangor,2016,6994.4,250129,10,0,0.0,0
Acridotheres tristis,Johor,2016,4009.7,414628,11,4,0.4,1
Corvus splendens,Johor,2016,4009.7,414628,11,6,0.6,1
Macaca fascicularis,Johor,2016,4009.7,414628,11,0,0.0,0
Malayopython reticulatus,Johor,2016,4009.7,414628,11,0,0.0,0
Naja sumatrana,Johor,2016,4009.7,414628,11,0,0.0,0
Sus scrofa,Johor,2016,4009.7,414628,11,0,0.0,0
Varanus salvator,Johor,2016,4009.7,414628,11,0,0.0,0
Acridotheres tristis,Kedah,2016,2131.4,341976,11,8,0.8,1
Corvus splendens,Kedah,2016,2131.4,341976,11,1,0.1,1
Macaca fascicularis,Kedah,2016,2131.4,341976,11,0,0.0,0
Malayopython reticulatus,Kedah,2016,2131.4,341976,11,0,0.0,0
Naja sumatrana,Kedah,2016,2131.4,341976,11,0,0.0,0
Sus scrofa,Kedah,2016,2131.4,341976,11,0,0.0,0
Varanus salvator,Kedah,2016,2131.4,341976,11,1,0.1,1
Acridotheres tristis,Kuala Lumpur,2016,1982.1,68,11,3,0.5,1
Corvus splendens,Kuala Lumpur,2016,1982.1,68,11,2,0.333333,1
Macaca fascicularis,Kuala Lumpur,2016,1982.1,68,11,1,0.166667,1
Malayopython reticulatus,Kuala Lumpur,2016,1982.1,68,11,0,0.0,0
Naja sumatrana,Kuala Lumpur,2016,1982.1,68,11,0,0.0,0
Sus scrofa,Kuala Lumpur,2016,1982.1,68,11,0,0.0,0
Varanus salvator,Kuala Lumpur,2016,1982.1,68,11,0,0.0,0
Acridotheres tristis,Melaka,2016,998.4,5137,11,0,0.0,0
Corvus splendens,Melaka,2016,998.4,5137,11,1,1.0,1
Macaca fascicularis,Melaka,2016,998.4,5137,11,0,0.0,0
Malayopython reticulatus,Melaka,2016,998.4,5137,11,0,0.0,0
Naja sumatrana,Melaka,2016,998.4,5137,11,0,0.0,0
Sus scrofa,Melaka,2016,998.4,5137,11,0,0.0,0
Varanus salvator,Melaka,2016,998.4,5137,11,0,0.0,0
Acridotheres tristis,Pahang,2016,1591.3,1559913,11,0,0.0,0
Corvus splendens,Pahang,2016,1591.3,1559913,11,3,0.5,1
Macaca fascicularis,Pahang,2016,1591.3,1559913,11,3,0.5,1
Malayopython reticulatus,Pahang,2016,1591.3,1559913,11,0,0.0,0
Naja sumatrana,Pahang,2016,1591.3,1559913,11,0,0.0,0
Sus scrofa,Pahang,2016,1591.3,1559913,11,0,0.0,0
Varanus salvator,Pahang,2016,1591.3,1559913,11,0,0.0,0
Acridotheres tristis,Perak,2016,2496.0,999473,11,6,0.857143,1
Corvus splendens,Perak,2016,2496.0,999473,11,0,0.0,0
Macaca fascicularis,Perak,2016,2496.0,999473,11,0,0.0,0
Malayopython reticulatus,Perak,2016,2496.0,999473,11,0,0.0,0
Naja sumatrana,Perak,2016,2496.0,999473,11,0,0.0,0
Sus scrofa,Perak,2016,2496.0,999473,11,0,0.0,0
Varanus salvator,Perak,2016,2496.0,999473,11,1,0.142857,1
Acridotheres tristis,Pulau Pinang,2016,1740.4,6060,11,15,0.384615,1
Corvus splendens,Pulau Pinang,2016,1740.4,6060,11,24,0.615385,1
Macaca fascicularis,Pulau Pinang,2016,1740.4,6060,11,0,0.0,0
Malayopython reticulatus,Pulau Pinang,2016,1740.4,6060,11,0,0.0,0
Naja sumatrana,Pulau Pinang,2016,1740.4,6060,11,0,0.0,0
Sus scrofa,Pulau Pinang,2016,1740.4,6060,11,0,0.0,0
Varanus salvator,Pulau Pinang,2016,1740.4,6060,11,0,0.0,0
Acridotheres tristis,Putrajaya,2016,109.2,0,11,1,0.5,1
Corvus splendens,Putrajaya,2016,109.2,0,11,1,0.5,1
Macaca fascicularis,Putrajaya,2016,109.2,0,11,0,0.0,0
Malayopython reticulatus,Putrajaya,2016,109.2,0,11,0,0.0,0
Naja sumatrana,Putrajaya,2016,109.2,0,11,0,0.0,0
Sus scrofa,Putrajaya,2016,109.2,0,11,0,0.0,0
Varanus salvator,Putrajaya,2016,109.2,0,11,0,0.0,0
Acridotheres tristis,Sabah,2016,3418.8,3540274,11,0,0.0,0
Corvus splendens,Sabah,2016,3418.8,3540274,11,0,0.0,0
Macaca fascicularis,Sabah,2016,3418.8,3540274,11,4,0.363636,1
Malayopython reticulatus,Sabah,2016,3418.8,3540274,11,0,0.0,0
Naja sumatrana,Sabah,2016,3418.8,3540274,11,0,0.0,0
Sus scrofa,Sabah,2016,3418.8,3540274,11,0,0.0,0
Varanus salvator,Sabah,2016,3418.8,3540274,11,7,0.636364,1
Acridotheres tristis,Selangor,2016,6994.4,250129,11,6,0.461538,1
Corvus splendens,Selangor,2016,6994.4,250129,11,7,0.538462,1
Macaca fascicularis,Selangor,2016,6994.4,250129,11,0,0.0,0
Malayopython reticulatus,Selangor,2016,6994.4,250129,11,0,0.0,0
Naja sumatrana,Selangor,2016,6994.4,250129,11,0,0.0,0
Sus scrofa,Selangor,2016,6994.4,250129,11,0,0.0,0
Varanus salvator,Selangor,2016,6994.4,250129,11,0,0.0,0
Acridotheres tristis,Johor,2016,4009.7,414628,12,3,1.0,1
Corvus splendens,Johor,2016,4009.7,414628,12,0,0.0,0
Macaca fascicularis,Johor,2016,4009.7,414628,12,0,0.0,0
Malayopython reticulatus,Johor,2016,4009.7,414628,12,0,0.0,0
Naja sumatrana,Johor,2016,4009.7,414628,12,0,0.0,0
Sus scrofa,Johor,2016,4009.7,414628,12,0,0.0,0
Varanus salvator,Johor,2016,4009.7,414628,12,0,0.0,0
Acridotheres tristis,Kedah,2016,2131.4,341976,12,12,1.0,1
Corvus splendens,Kedah,2016,2131.4,341976,12,0,0.0,0
Macaca fascicularis,Kedah,2016,2131.4,341976,12,0,0.0,0
Malayopython reticulatus,Kedah,2016,2131.4,341976,12,0,0.0,0
Naja sumatrana,Kedah,2016,2131.4,341976,12,0,0.0,0
Sus scrofa,Kedah,2016,2131.4,341976,12,0,0.0,0
Varanus salvator,Kedah,2016,2131.4,341976,12,0,0.0,0
Acridotheres tristis,Kelantan,2016,1792.5,635437,12,1,1.0,1
Corvus splendens,Kelantan,2016,1792.5,635437,12,0,0.0,0
Macaca fascicularis,Kelantan,2016,1792.5,635437,12,0,0.0,0
Malayopython reticulatus,Kelantan,2016,1792.5,635437,12,0,0.0,0
Naja sumatrana,Kelantan,2016,1792.5,635437,12,0,0.0,0
Sus scrofa,Kelantan,2016,1792.5,635437,12,0,0.0,0
Varanus salvator,Kelantan,2016,1792.5,635437,12,0,0.0,0
Acridotheres tristis,Kuala Lumpur,2016,1982.1,68,12,4,0.444444,1
Corvus splendens,Kuala Lumpur,2016,1982.1,68,12,5,0.555556,1
Macaca fascicularis,Kuala Lumpur,2016,1982.1,68,12,0,0.0,0
Malayopython reticulatus,Kuala Lumpur,2016,1982.1,68,12,0,0.0,0
Naja sumatrana,Kuala Lumpur,2016,1982.1,68,12,0,0.0,0
Sus scrofa,Kuala Lumpur,2016,1982.1,68,12,0,0.0,0
Varanus salvator,Kuala Lumpur,2016,1982.1,68,12,0,0.0,0
Acridotheres tristis,Melaka,2016,998.4,5137,12,2,0.5,1
Corvus splendens,Melaka,2016,998.4,5137,12,2,0.5,1
Macaca fascicularis,Melaka,2016,998.4,5137,12,0,0.0,0
Malayopython reticulatus,Melaka,2016,998.4,5137,12,0,0.0,0
Naja sumatrana,Melaka,2016,998.4,5137,12,0,0.0,0
Sus scrofa,Melaka,2016,998.4,5137,12,0,0.0,0
Varanus salvator,Melaka,2016,998.4,5137,12,0,0.0,0
Acridotheres tristis,Negeri Sembilan,2016,1200.0,155650,12,1,1.0,1
Corvus splendens,Negeri Sembilan,2016,1200.0,155650,12,0,0.0,0
Macaca fascicularis,Negeri Sembilan,2016,1200.0,155650,12,0,0.0,0
Malayopython reticulatus,Negeri Sembilan,2016,1200.0,155650,12,0,0.0,0
Naja sumatrana,Negeri Sembilan,2016,1200.0,155650,12,0,0.0,0
Sus scrofa,Negeri Sembilan,2016,1200.0,155650,12,0,0.0,0
Varanus salvator,Negeri Sembilan,2016,1200.0,155650,12,0,0.0,0
Acridotheres tristis,Pahang,2016,1591.3,1559913,12,2,1.0,1
Corvus splendens,Pahang,2016,1591.3,1559913,12,0,0.0,0
Macaca fascicularis,Pahang,2016,1591.3,1559913,12,0,0.0,0
Malayopython reticulatus,Pahang,2016,1591.3,1559913,12,0,0.0,0
Naja sumatrana,Pahang,2016,1591.3,1559913,12,0,0.0,0
Sus scrofa,Pahang,2016,1591.3,1559913,12,0,0.0,0
Varanus salvator,Pahang,2016,1591.3,1559913,12,0,0.0,0
Acridotheres tristis,Perak,2016,2496.0,999473,12,3,1.0,1
Corvus splendens,Perak,2016,2496.0,999473,12,0,0.0,0
Macaca fascicularis,Perak,2016,2496.0,999473,12,0,0.0,0
Malayopython reticulatus,Perak,2016,2496.0,999473,12,0,0.0,0
Naja sumatrana,Perak,2016,2496.0,999473,12,0,0.0,0
Sus scrofa,Perak,2016,2496.0,999473,12,0,0.0,0
Varanus salvator,Perak,2016,2496.0,999473,12,0,0.0,0
Acridotheres tristis,Perlis,2016,284.9,10799,12,25,1.0,1
Corvus splendens,Perlis,2016,284.9,10799,12,0,0.0,0
Macaca fascicularis,Perlis,2016,284.9,10799,12,0,0.0,0
Malayopython reticulatus,Perlis,2016,284.9,10799,12,0,0.0,0
Naja sumatrana,Perlis,2016,284.9,10799,12,0,0.0,0
Sus scrofa,Perlis,2016,284.9,10799,12,0,0.0,0
Varanus salvator,Perlis,2016,284.9,10799,12,0,0.0,0
Acridotheres tristis,Pulau Pinang,2016,1740.4,6060,12,20,0.377358,1
Corvus splendens,Pulau Pinang,2016,1740.4,6060,12,33,0.622642,1
Macaca fascicularis,Pulau Pinang,2016,1740.4,6060,12,0,0.0,0
Malayopython reticulatus,Pulau Pinang,2016,1740.4,6060,12,0,0.0,0
Naja sumatrana,Pulau Pinang,2016,1740.4,6060,12,0,0.0,0
Sus scrofa,Pulau Pinang,2016,1740.4,6060,12,0,0.0,0
Varanus salvator,Pulau Pinang,2016,1740.4,6060,12,0,0.0,0
Acridotheres tristis,Sabah,2016,3418.8,3540274,12,2,0.181818,1
Corvus splendens,Sabah,2016,3418.8,3540274,12,0,0.0,0
Macaca fascicularis,Sabah,2016,3418.8,3540274,12,6,0.545455,1
Malayopython reticulatus,Sabah,2016,3418.8,3540274,12,0,0.0,0
Naja sumatrana,Sabah,2016,3418.8,3540274,12,0,0.0,0
Sus scrofa,Sabah,2016,3418.8,3540274,12,0,0.0,0
Varanus salvator,Sabah,2016,3418.8,3540274,12,3,0.272727,1
Acridotheres tristis,Sarawak,2016,2453.7,4317939,12,1,1.0,1
Corvus splendens,Sarawak,2016,2453.7,4317939,12,0,0.0,0
Macaca fascicularis,Sarawak,2016,2453.7,4317939,12,0,0.0,0
Malayopython reticulatus,Sarawak,2016,2453.7,4317939,12,0,0.0,0
Naja sumatrana,Sarawak,2016,2453.7,4317939,12,0,0.0,0
Sus scrofa,Sarawak,2016,2453.7,4317939,12,0,0.0,0
Varanus salvator,Sarawak,2016,2453.7,4317939,12,0,0.0,0
Acridotheres tristis,Selangor,2016,6994.4,250129,12,19,0.463415,1
Corvus splendens,Selangor,2016,6994.4,250129,12,21,0.512195,1
Macaca fascicularis,Selangor,2016,6994.4,250129,12,1,0.02439,1
Malayopython reticulatus,Selangor,2016,6994.4,250129,12,0,0.0,0
Naja sumatrana,Selangor,2016,6994.4,250129,12,0,0.0,0
Sus scrofa,Selangor,2016,6994.4,250129,12,0,0.0,0
Varanus salvator,Selangor,2016,6994.4,250129,12,0,0.0,0
Acridotheres tristis,Johor,2017,4009.7,332749,1,3,0.6,1
Corvus splendens,Johor,2017,4009.7,332749,1,2,0.4,1
Macaca fascicularis,Johor,2017,4009.7,332749,1,0,0.0,0
Malayopython reticulatus,Johor,2017,4009.7,332749,1,0,0.0,0
Naja sumatrana,Johor,2017,4009.7,332749,1,0,0.0,0
Sus scrofa,Johor,2017,4009.7,332749,1,0,0.0,0
Varanus salvator,Johor,2017,4009.7,332749,1,0,0.0,0
Acridotheres tristis,Kedah,2017,2131.4,341976,1,3,1.0,1
Corvus splendens,Kedah,2017,2131.4,341976,1,0,0.0,0
Macaca fascicularis,Kedah,2017,2131.4,341976,1,0,0.0,0
Malayopython reticulatus,Kedah,2017,2131.4,341976,1,0,0.0,0
Naja sumatrana,Kedah,2017,2131.4,341976,1,0,0.0,0
Sus scrofa,Kedah,2017,2131.4,341976,1,0,0.0,0
Varanus salvator,Kedah,2017,2131.4,341976,1,0,0.0,0
Acridotheres tristis,Kuala Lumpur,2017,1982.1,68,1,4,0.5,1
Corvus splendens,Kuala Lumpur,2017,1982.1,68,1,4,0.5,1
Macaca fascicularis,Kuala Lumpur,2017,1982.1,68,1,0,0.0,0
Malayopython reticulatus,Kuala Lumpur,2017,1982.1,68,1,0,0.0,0
Naja sumatrana,Kuala Lumpur,2017,1982.1,68,1,0,0.0,0
Sus scrofa,Kuala Lumpur,2017,1982.1,68,1,0,0.0,0
Varanus salvator,Kuala Lumpur,2017,1982.1,68,1,0,0.0,0
Acridotheres tristis,Melaka,2017,998.4,5138,1,0,0.0,0
Corvus splendens,Melaka,2017,998.4,5138,1,2,1.0,1
Macaca fascicularis,Melaka,2017,998.4,5138,1,0,0.0,0
Malayopython reticulatus,Melaka,2017,998.4,5138,1,0,0.0,0
Naja sumatrana,Melaka,2017,998.4,5138,1,0,0.0,0
Sus scrofa,Melaka,2017,998.4,5138,1,0,0.0,0
Varanus salvator,Melaka,2017,998.4,5138,1,0,0.0,0
Acridotheres tristis,Negeri Sembilan,2017,1200.0,155650,1,1,1.0,1
Corvus splendens,Negeri Sembilan,2017,1200.0,155650,1,0,0.0,0
Macaca fascicularis,Negeri Sembilan,2017,1200.0,155650,1,0,0.0,0
Malayopython reticulatus,Negeri Sembilan,2017,1200.0,155650,1,0,0.0,0
Naja sumatrana,Negeri Sembilan,2017,1200.0,155650,1,0,0.0,0
Sus scrofa,Negeri Sembilan,2017,1200.0,155650,1,0,0.0,0
Varanus salvator,Negeri Sembilan,2017,1200.0,155650,1,0,0.0,0
Acridotheres tristis,Pahang,2017,1591.3,1558898,1,1,0.25,1
Corvus splendens,Pahang,2017,1591.3,1558898,1,0,0.0,0
Macaca fascicularis,Pahang,2017,1591.3,1558898,1,3,0.75,1
Malayopython reticulatus,Pahang,2017,1591.3,1558898,1,0,0.0,0
Naja sumatrana,Pahang,2017,1591.3,1558898,1,0,0.0,0
Sus scrofa,Pahang,2017,1591.3,1558898,1,0,0.0,0
Varanus salvator,Pahang,2017,1591.3,1558898,1,0,0.0,0
Acridotheres tristis,Perak,2017,2496.0,995216,1,4,0.444444,1
Corvus splendens,Perak,2017,2496.0,995216,1,1,0.111111,1
Macaca fascicularis,Perak,2017,2496.0,995216,1,1,0.111111,1
Malayopython reticulatus,Perak,2017,2496.0,995216,1,0,0.0,0
Naja sumatrana,Perak,2017,2496.0,995216,1,0,0.0,0
Sus scrofa,Perak,2017,2496.0,995216,1,0,0.0,0
Varanus salvator,Perak,2017,2496.0,995216,1,3,0.333333,1
Acridotheres tristis,Pulau Pinang,2017,1740.4,5101,1,30,0.5,1
Corvus splendens,Pulau Pinang,2017,1740.4,5101,1,29,0.483333,1
Macaca fascicularis,Pulau Pinang,2017,1740.4,5101,1,0,0.0,0
Malayopython reticulatus,Pulau Pinang,2017,1740.4,5101,1,0,0.0,0
Naja sumatrana,Pulau Pinang,2017,1740.4,5101,1,0,0.0,0
Sus scrofa,Pulau Pinang,2017,1740.4,5101,1,0,0.0,0
Varanus salvator,Pulau Pinang,2017,1740.4,5101,1,1,0.016667,1
Acridotheres tristis,Putrajaya,2017,109.2,0,1,1,0.5,1
Corvus splendens,Putrajaya,2017,109.2,0,1,1,0.5,1
Macaca fascicularis,Putrajaya,2017,109.2,0,1,0,0.0,0
Malayopython reticulatus,Putrajaya,2017,109.2,0,1,0,0.0,0
Naja sumatrana,Putrajaya,2017,109.2,0,1,0,0.0,0
Sus scrofa,Putrajaya,2017,109.2,0,1,0,0.0,0
Varanus salvator,Putrajaya,2017,109.2,0,1,0,0.0,0
Acridotheres tristis,Sabah,2017,3418.8,3540749,1,0,0.0,0
Corvus splendens,Sabah,2017,3418.8,3540749,1,0,0.0,0
Macaca fascicularis,Sabah,2017,3418.8,3540749,1,0,0.0,0
Malayopython reticulatus,Sabah,2017,3418.8,3540749,1,0,0.0,0
Naja sumatrana,Sabah,2017,3418.8,3540749,1,0,0.0,0
Sus scrofa,Sabah,2017,3418.8,3540749,1,0,0.0,0
Varanus salvator,Sabah,2017,3418.8,3540749,1,3,1.0,1
Acridotheres tristis,Sarawak,2017,2453.7,4274825,1,1,0.142857,1
Corvus splendens,Sarawak,2017,2453.7,4274825,1,0,0.0,0
Macaca fascicularis,Sarawak,2017,2453.7,4274825,1,4,0.571429,1
Malayopython reticulatus,Sarawak,2017,2453.7,4274825,1,0,0.0,0
Naja sumatrana,Sarawak,2017,2453.7,4274825,1,0,0.0,0
Sus scrofa,Sarawak,2017,2453.7,4274825,1,0,0.0,0
Varanus salvator,Sarawak,2017,2453.7,4274825,1,2,0.285714,1
Acridotheres tristis,Selangor,2017,6994.4,250129,1,13,0.333333,1
Corvus splendens,Selangor,2017,6994.4,250129,1,21,0.538462,1
Macaca fascicularis,Selangor,2017,6994.4,250129,1,2,0.051282,1
Malayopython reticulatus,Selangor,2017,6994.4,250129,1,1,0.025641,1
Naja sumatrana,Selangor,2017,6994.4,250129,1,0,0.0,0
Sus scrofa,Selangor,2017,6994.4,250129,1,1,0.025641,1
Varanus salvator,Selangor,2017,6994.4,250129,1,1,0.025641,1
Acridotheres tristis,Terengganu,2017,1149.4,542411,1,1,0.5,1
Corvus splendens,Terengganu,2017,1149.4,542411,1,1,0.5,1
Macaca fascicularis,Terengganu,2017,1149.4,542411,1,0,0.0,0
Malayopython reticulatus,Terengganu,2017,1149.4,542411,1,0,0.0,0
Naja sumatrana,Terengganu,2017,1149.4,542411,1,0,0.0,0
Sus scrofa,Terengganu,2017,1149.4,542411,1,0,0.0,0
Varanus salvator,Terengganu,2017,1149.4,542411,1,0,0.0,0
Acridotheres tristis,Johor,2017,4009.7,332749,2,5,0.454545,1
Corvus splendens,Johor,2017,4009.7,332749,2,5,0.454545,1
Macaca fascicularis,Johor,2017,4009.7,332749,2,0,0.0,0
Malayopython reticulatus,Johor,2017,4009.7,332749,2,0,0.0,0
Naja sumatrana,Johor,2017,4009.7,332749,2,1,0.090909,1
Sus scrofa,Johor,2017,4009.7,332749,2,0,0.0,0
Varanus salvator,Johor,2017,4009.7,332749,2,0,0.0,0
Acridotheres tristis,Kedah,2017,2131.4,341976,2,4,0.8,1
Corvus splendens,Kedah,2017,2131.4,341976,2,0,0.0,0
Macaca fascicularis,Kedah,2017,2131.4,341976,2,0,0.0,0
Malayopython reticulatus,Kedah,2017,2131.4,341976,2,0,0.0,0
Naja sumatrana,Kedah,2017,2131.4,341976,2,0,0.0,0
Sus scrofa,Kedah,2017,2131.4,341976,2,0,0.0,0
Varanus salvator,Kedah,2017,2131.4,341976,2,1,0.2,1
Acridotheres tristis,Kuala Lumpur,2017,1982.1,68,2,5,0.625,1
Corvus splendens,Kuala Lumpur,2017,1982.1,68,2,3,0.375,1
Macaca fascicularis,Kuala Lumpur,2017,1982.1,68,2,0,0.0,0
Malayopython reticulatus,Kuala Lumpur,2017,1982.1,68,2,0,0.0,0
Naja sumatrana,Kuala Lumpur,2017,1982.1,68,2,0,0.0,0
Sus scrofa,Kuala Lumpur,2017,1982.1,68,2,0,0.0,0
Varanus salvator,Kuala Lumpur,2017,1982.1,68,2,0,0.0,0
Acridotheres tristis,Melaka,2017,998.4,5138,2,1,0.5,1
Corvus splendens,Melaka,2017,998.4,5138,2,1,0.5,1
Macaca fascicularis,Melaka,2017,998.4,5138,2,0,0.0,0
Malayopython reticulatus,Melaka,2017,998.4,5138,2,0,0.0,0
Naja sumatrana,Melaka,2017,998.4,5138,2,0,0.0,0
Sus scrofa,Melaka,2017,998.4,5138,2,0,0.0,0
Varanus salvator,Melaka,2017,998.4,5138,2,0,0.0,0
Acridotheres tristis,Negeri Sembilan,2017,1200.0,155650,2,3,1.0,1
Corvus splendens,Negeri Sembilan,2017,1200.0,155650,2,0,0.0,0
Macaca fascicularis,Negeri Sembilan,2017,1200.0,155650,2,0,0.0,0
Malayopython reticulatus,Negeri Sembilan,2017,1200.0,155650,2,0,0.0,0
Naja sumatrana,Negeri Sembilan,2017,1200.0,155650,2,0,0.0,0
Sus scrofa,Negeri Sembilan,2017,1200.0,155650,2,0,0.0,0
Varanus salvator,Negeri Sembilan,2017,1200.0,155650,2,0,0.0,0
Acridotheres tristis,Pahang,2017,1591.3,1558898,2,12,0.8,1
Corvus splendens,Pahang,2017,1591.3,1558898,2,3,0.2,1
Macaca fascicularis,Pahang,2017,1591.3,1558898,2,0,0.0,0
Malayopython reticulatus,Pahang,2017,1591.3,1558898,2,0,0.0,0
Naja sumatrana,Pahang,2017,1591.3,1558898,2,0,0.0,0
Sus scrofa,Pahang,2017,1591.3,1558898,2,0,0.0,0
Varanus salvator,Pahang,2017,1591.3,1558898,2,0,0.0,0
Acridotheres tristis,Perak,2017,2496.0,995216,2,11,0.733333,1
Corvus splendens,Perak,2017,2496.0,995216,2,2,0.133333,1
Macaca fascicularis,Perak,2017,2496.0,995216,2,0,0.0,0
Malayopython reticulatus,Perak,2017,2496.0,995216,2,0,0.0,0
Naja sumatrana,Perak,2017,2496.0,995216,2,0,0.0,0
Sus scrofa,Perak,2017,2496.0,995216,2,0,0.0,0
Varanus salvator,Perak,2017,2496.0,995216,2,2,0.133333,1
Acridotheres tristis,Perlis,2017,284.9,10615,2,2,1.0,1
Corvus splendens,Perlis,2017,284.9,10615,2,0,0.0,0
Macaca fascicularis,Perlis,2017,284.9,10615,2,0,0.0,0
Malayopython reticulatus,Perlis,2017,284.9,10615,2,0,0.0,0
Naja sumatrana,Perlis,2017,284.9,10615,2,0,0.0,0
Sus scrofa,Perlis,2017,284.9,10615,2,0,0.0,0
Varanus salvator,Perlis,2017,284.9,10615,2,0,0.0,0
Acridotheres tristis,Pulau Pinang,2017,1740.4,5101,2,12,0.461538,1
Corvus splendens,Pulau Pinang,2017,1740.4,5101,2,14,0.538462,1
Macaca fascicularis,Pulau Pinang,2017,1740.4,5101,2,0,0.0,0
Malayopython reticulatus,Pulau Pinang,2017,1740.4,5101,2,0,0.0,0
Naja sumatrana,Pulau Pinang,2017,1740.4,5101,2,0,0.0,0
Sus scrofa,Pulau Pinang,2017,1740.4,5101,2,0,0.0,0
Varanus salvator,Pulau Pinang,2017,1740.4,5101,2,0,0.0,0
Acridotheres tristis,Sabah,2017,3418.8,3540749,2,2,0.133333,1
Corvus splendens,Sabah,2017,3418.8,3540749,2,2,0.133333,1
Macaca fascicularis,Sabah,2017,3418.8,3540749,2,8,0.533333,1
Malayopython reticulatus,Sabah,2017,3418.8,3540749,2,0,0.0,0
Naja sumatrana,Sabah,2017,3418.8,3540749,2,0,0.0,0
Sus scrofa,Sabah,2017,3418.8,3540749,2,0,0.0,0
Varanus salvator,Sabah,2017,3418.8,3540749,2,3,0.2,1
Acridotheres tristis,Sarawak,2017,2453.7,4274825,2,1,0.25,1
Corvus splendens,Sarawak,2017,2453.7,4274825,2,0,0.0,0
Macaca fascicularis,Sarawak,2017,2453.7,4274825,2,2,0.5,1
Malayopython reticulatus,Sarawak,2017,2453.7,4274825,2,0,0.0,0
Naja sumatrana,Sarawak,2017,2453.7,4274825,2,0,0.0,0
Sus scrofa,Sarawak,2017,2453.7,4274825,2,0,0.0,0
Varanus salvator,Sarawak,2017,2453.7,4274825,2,1,0.25,1
Acridotheres tristis,Selangor,2017,6994.4,250129,2,18,0.409091,1
Corvus splendens,Selangor,2017,6994.4,250129,2,25,0.568182,1
Macaca fascicularis,Selangor,2017,6994.4,250129,2,1,0.022727,1
Malayopython reticulatus,Selangor,2017,6994.4,250129,2,0,0.0,0
Naja sumatrana,Selangor,2017,6994.4,250129,2,0,0.0,0
Sus scrofa,Selangor,2017,6994.4,250129,2,0,0.0,0
Varanus salvator,Selangor,2017,6994.4,250129,2,0,0.0,0
Acridotheres tristis,Johor,2017,4009.7,332749,3,2,0.333333,1
Corvus splendens,Johor,2017,4009.7,332749,3,2,0.333333,1
Macaca fascicularis,Johor,2017,4009.7,332749,3,0,0.0,0
Malayopython reticulatus,Johor,2017,4009.7,332749,3,1,0.166667,1
Naja sumatrana,Johor,2017,4009.7,332749,3,0,0.0,0
Sus scrofa,Johor,2017,4009.7,332749,3,0,0.0,0
Varanus salvator,Johor,2017,4009.7,332749,3,1,0.166667,1
Acridotheres tristis,Kedah,2017,2131.4,341976,3,8,0.727273,1
Corvus splendens,Kedah,2017,2131.4,341976,3,2,0.181818,1
Macaca fascicularis,Kedah,2017,2131.4,341976,3,0,0.0,0
Malayopython reticulatus,Kedah,2017,2131.4,341976,3,1,0.090909,1
Naja sumatrana,Kedah,2017,2131.4,341976,3,0,0.0,0
Sus scrofa,Kedah,2017,2131.4,341976,3,0,0.0,0
Varanus salvator,Kedah,2017,2131.4,341976,3,0,0.0,0
Acridotheres tristis,Kuala Lumpur,2017,1982.1,68,3,3,0.428571,1
Corvus splendens,Kuala Lumpur,2017,1982.1,68,3,3,0.428571,1
Macaca fascicularis,Kuala Lumpur,2017,1982.1,68,3,0,0.0,0
Malayopython reticulatus,Kuala Lumpur,2017,1982.1,68,3,0,0.0,0
Naja sumatrana,Kuala Lumpur,2017,1982.1,68,3,1,0.142857,1
Sus scrofa,Kuala Lumpur,2017,1982.1,68,3,0,0.0,0
Varanus salvator,Kuala Lumpur,2017,1982.1,68,3,0,0.0,0
Acridotheres tristis,Melaka,2017,998.4,5138,3,0,0.0,0
Corvus splendens,Melaka,2017,998.4,5138,3,0,0.0,0
Macaca fascicularis,Melaka,2017,998.4,5138,3,0,0.0,0
Malayopython reticulatus,Melaka,2017,998.4,5138,3,0,0.0,0
Naja sumatrana,Melaka,2017,998.4,5138,3,0,0.0,0
Sus scrofa,Melaka,2017,998.4,5138,3,0,0.0,0
Varanus salvator,Melaka,2017,998.4,5138,3,1,1.0,1
Acridotheres tristis,Negeri Sembilan,2017,1200.0,155650,3,2,1.0,1
Corvus splendens,Negeri Sembilan,2017,1200.0,155650,3,0,0.0,0
Macaca fascicularis,Negeri Sembilan,2017,1200.0,155650,3,0,0.0,0
Malayopython reticulatus,Negeri Sembilan,2017,1200.0,155650,3,0,0.0,0
Naja sumatrana,Negeri Sembilan,2017,1200.0,155650,3,0,0.0,0
Sus scrofa,Negeri Sembilan,2017,1200.0,155650,3,0,0.0,0
Varanus salvator,Negeri Sembilan,2017,1200.0,155650,3,0,0.0,0
Acridotheres tristis,Pahang,2017,1591.3,1558898,3,22,0.846154,1
Corvus splendens,Pahang,2017,1591.3,1558898,3,4,0.153846,1
Macaca fascicularis,Pahang,2017,1591.3,1558898,3,0,0.0,0
Malayopython reticulatus,Pahang,2017,1591.3,1558898,3,0,0.0,0
Naja sumatrana,Pahang,2017,1591.3,1558898,3,0,0.0,0
Sus scrofa,Pahang,2017,1591.3,1558898,3,0,0.0,0
Varanus salvator,Pahang,2017,1591.3,1558898,3,0,0.0,0
Acridotheres tristis,Perak,2017,2496.0,995216,3,4,1.0,1
Corvus splendens,Perak,2017,2496.0,995216,3,0,0.0,0
Macaca fascicularis,Perak,2017,2496.0,995216,3,0,0.0,0
Malayopython reticulatus,Perak,2017,2496.0,995216,3,0,0.0,0
Naja sumatrana,Perak,2017,2496.0,995216,3,0,0.0,0
Sus scrofa,Perak,2017,2496.0,995216,3,0,0.0,0
Varanus salvator,Perak,2017,2496.0,995216,3,0,0.0,0
Acridotheres tristis,Pulau Pinang,2017,1740.4,5101,3,10,0.47619,1
Corvus splendens,Pulau Pinang,2017,1740.4,5101,3,10,0.47619,1
Macaca fascicularis,Pulau Pinang,2017,1740.4,5101,3,1,0.047619,1
Malayopython reticulatus,Pulau Pinang,2017,1740.4,5101,3,0,0.0,0
Naja sumatrana,Pulau Pinang,2017,1740.4,5101,3,0,0.0,0
Sus scrofa,Pulau Pinang,2017,1740.4,5101,3,0,0.0,0
Varanus salvator,Pulau Pinang,2017,1740.4,5101,3,0,0.0,0
Acridotheres tristis,Sarawak,2017,2453.7,4274825,3,5,0.833333,1
Corvus splendens,Sarawak,2017,2453.7,4274825,3,0,0.0,0
Macaca fascicularis,Sarawak,2017,2453.7,4274825,3,1,0.166667,1
Malayopython reticulatus,Sarawak,2017,2453.7,4274825,3,0,0.0,0
Naja sumatrana,Sarawak,2017,2453.7,4274825,3,0,0.0,0
Sus scrofa,Sarawak,2017,2453.7,4274825,3,0,0.0,0
Varanus salvator,Sarawak,2017,2453.7,4274825,3,0,0.0,0
Acridotheres tristis,Selangor,2017,6994.4,250129,3,8,0.421053,1
Corvus splendens,Selangor,2017,6994.4,250129,3,11,0.578947,1
Macaca fascicularis,Selangor,2017,6994.4,250129,3,0,0.0,0
Malayopython reticulatus,Selangor,2017,6994.4,250129,3,0,0.0,0
Naja sumatrana,Selangor,2017,6994.4,250129,3,0,0.0,0
Sus scrofa,Selangor,2017,6994.4,250129,3,0,0.0,0
Varanus salvator,Selangor,2017,6994.4,250129,3,0,0.0,0
Acridotheres tristis,Johor,2017,4009.7,332749,4,15,0.714286,1
Corvus splendens,Johor,2017,4009.7,332749,4,5,0.238095,1
Macaca fascicularis,Johor,2017,4009.7,332749,4,0,0.0,0
Malayopython reticulatus,Johor,2017,4009.7,332749,4,0,0.0,0
Naja sumatrana,Johor,2017,4009.7,332749,4,0,0.0,0
Sus scrofa,Johor,2017,4009.7,332749,4,0,0.0,0
Varanus salvator,Johor,2017,4009.7,332749,4,1,0.047619,1
Acridotheres tristis,Kedah,2017,2131.4,341976,4,7,0.538462,1
Corvus splendens,Kedah,2017,2131.4,341976,4,6,0.461538,1
Macaca fascicularis,Kedah,2017,2131.4,341976,4,0,0.0,0
Malayopython reticulatus,Kedah,2017,2131.4,341976,4,0,0.0,0
Naja sumatrana,Kedah,2017,2131.4,341976,4,0,0.0,0
Sus scrofa,Kedah,2017,2131.4,341976,4,0,0.0,0
Varanus salvator,Kedah,2017,2131.4,341976,4,0,0.0,0
Acridotheres tristis,Kuala Lumpur,2017,1982.1,68,4,5,0.416667,1
Corvus splendens,Kuala Lumpur,2017,1982.1,68,4,7,0.583333,1
Macaca fascicularis,Kuala Lumpur,2017,1982.1,68,4,0,0.0,0
Malayopython reticulatus,Kuala Lumpur,2017,1982.1,68,4,0,0.0,0
Naja sumatrana,Kuala Lumpur,2017,1982.1,68,4,0,0.0,0
Sus scrofa,Kuala Lumpur,2017,1982.1,68,4,0,0.0,0
Varanus salvator,Kuala Lumpur,2017,1982.1,68,4,0,0.0,0
Acridotheres tristis,Melaka,2017,998.4,5138,4,0,0.0,0
Corvus splendens,Melaka,2017,998.4,5138,4,1,0.25,1
Macaca fascicularis,Melaka,2017,998.4,5138,4,0,0.0,0
Malayopython reticulatus,Melaka,2017,998.4,5138,4,0,0.0,0
Naja sumatrana,Melaka,2017,998.4,5138,4,0,0.0,0
Sus scrofa,Melaka,2017,998.4,5138,4,0,0.0,0
Varanus salvator,Melaka,2017,998.4,5138,4,3,0.75,1
Acridotheres tristis,Negeri Sembilan,2017,1200.0,155650,4,3,1.0,1
Corvus splendens,Negeri Sembilan,2017,1200.0,155650,4,0,0.0,0
Macaca fascicularis,Negeri Sembilan,2017,1200.0,155650,4,0,0.0,0
Malayopython reticulatus,Negeri Sembilan,2017,1200.0,155650,4,0,0.0,0
Naja sumatrana,Negeri Sembilan,2017,1200.0,155650,4,0,0.0,0
Sus scrofa,Negeri Sembilan,2017,1200.0,155650,4,0,0.0,0
Varanus salvator,Negeri Sembilan,2017,1200.0,155650,4,0,0.0,0
Acridotheres tristis,Pahang,2017,1591.3,1558898,4,24,0.857143,1
Corvus splendens,Pahang,2017,1591.3,1558898,4,3,0.107143,1
Macaca fascicularis,Pahang,2017,1591.3,1558898,4,1,0.035714,1
Malayopython reticulatus,Pahang,2017,1591.3,1558898,4,0,0.0,0
Naja sumatrana,Pahang,2017,1591.3,1558898,4,0,0.0,0
Sus scrofa,Pahang,2017,1591.3,1558898,4,0,0.0,0
Varanus salvator,Pahang,2017,1591.3,1558898,4,0,0.0,0
Acridotheres tristis,Perak,2017,2496.0,995216,4,6,0.857143,1
Corvus splendens,Perak,2017,2496.0,995216,4,0,0.0,0
Macaca fascicularis,Perak,2017,2496.0,995216,4,1,0.142857,1
Malayopython reticulatus,Perak,2017,2496.0,995216,4,0,0.0,0
Naja sumatrana,Perak,2017,2496.0,995216,4,0,0.0,0
Sus scrofa,Perak,2017,2496.0,995216,4,0,0.0,0
Varanus salvator,Perak,2017,2496.0,995216,4,0,0.0,0
Acridotheres tristis,Pulau Pinang,2017,1740.4,5101,4,16,0.592593,1
Corvus splendens,Pulau Pinang,2017,1740.4,5101,4,11,0.407407,1
Macaca fascicularis,Pulau Pinang,2017,1740.4,5101,4,0,0.0,0
Malayopython reticulatus,Pulau Pinang,2017,1740.4,5101,4,0,0.0,0
Naja sumatrana,Pulau Pinang,2017,1740.4,5101,4,0,0.0,0
Sus scrofa,Pulau Pinang,2017,1740.4,5101,4,0,0.0,0
Varanus salvator,Pulau Pinang,2017,1740.4,5101,4,0,0.0,0
Acridotheres tristis,Putrajaya,2017,109.2,0,4,0,0.0,0
Corvus splendens,Putrajaya,2017,109.2,0,4,1,1.0,1
Macaca fascicularis,Putrajaya,2017,109.2,0,4,0,0.0,0
Malayopython reticulatus,Putrajaya,2017,109.2,0,4,0,0.0,0
Naja sumatrana,Putrajaya,2017,109.2,0,4,0,0.0,0
Sus scrofa,Putrajaya,2017,109.2,0,4,0,0.0,0
Varanus salvator,Putrajaya,2017,109.2,0,4,0,0.0,0
Acridotheres tristis,Sabah,2017,3418.8,3540749,4,8,0.32,1
Corvus splendens,Sabah,2017,3418.8,3540749,4,5,0.2,1
Macaca fascicularis,Sabah,2017,3418.8,3540749,4,6,0.24,1
Malayopython reticulatus,Sabah,2017,3418.8,3540749,4,0,0.0,0
Naja sumatrana,Sabah,2017,3418.8,3540749,4,1,0.04,1
Sus scrofa,Sabah,2017,3418.8,3540749,4,0,0.0,0
Varanus salvator,Sabah,2017,3418.8,3540749,4,5,0.2,1
Acridotheres tristis,Sarawak,2017,2453.7,4274825,4,11,0.916667,1
Corvus splendens,Sarawak,2017,2453.7,4274825,4,0,0.0,0
Macaca fascicularis,Sarawak,2017,2453.7,4274825,4,0,0.0,0
Malayopython reticulatus,Sarawak,2017,2453.7,4274825,4,0,0.0,0
Naja sumatrana,Sarawak,2017,2453.7,4274825,4,0,0.0,0
Sus scrofa,Sarawak,2017,2453.7,4274825,4,0,0.0,0
Varanus salvator,Sarawak,2017,2453.7,4274825,4,1,0.083333,1
Acridotheres tristis,Selangor,2017,6994.4,250129,4,10,0.357143,1
Corvus splendens,Selangor,2017,6994.4,250129,4,15,0.535714,1
Macaca fascicularis,Selangor,2017,6994.4,250129,4,3,0.107143,1
Malayopython reticulatus,Selangor,2017,6994.4,250129,4,0,0.0,0
Naja sumatrana,Selangor,2017,6994.4,250129,4,0,0.0,0
Sus scrofa,Selangor,2017,6994.4,250129,4,0,0.0,0
Varanus salvator,Selangor,2017,6994.4,250129,4,0,0.0,0
Acridotheres tristis,Johor,2017,4009.7,332749,5,2,0.333333,1
Corvus splendens,Johor,2017,4009.7,332749,5,4,0.666667,1
Macaca fascicularis,Johor,2017,4009.7,332749,5,0,0.0,0
Malayopython reticulatus,Johor,2017,4009.7,332749,5,0,0.0,0
Naja sumatrana,Johor,2017,4009.7,332749,5,0,0.0,0
Sus scrofa,Johor,2017,4009.7,332749,5,0,0.0,0
Varanus salvator,Johor,2017,4009.7,332749,5,0,0.0,0
Acridotheres tristis,Kedah,2017,2131.4,341976,5,12,0.857143,1
Corvus splendens,Kedah,2017,2131.4,341976,5,2,0.142857,1
Macaca fascicularis,Kedah,2017,2131.4,341976,5,0,0.0,0
Malayopython reticulatus,Kedah,2017,2131.4,341976,5,0,0.0,0
Naja sumatrana,Kedah,2017,2131.4,341976,5,0,0.0,0
Sus scrofa,Kedah,2017,2131.4,341976,5,0,0.0,0
Varanus salvator,Kedah,2017,2131.4,341976,5,0,0.0,0
Acridotheres tristis,Kelantan,2017,1792.5,613275,5,2,1.0,1
Corvus splendens,Kelantan,2017,1792.5,613275,5,0,0.0,0
Macaca fascicularis,Kelantan,2017,1792.5,613275,5,0,0.0,0
Malayopython reticulatus,Kelantan,2017,1792.5,613275,5,0,0.0,0
Naja sumatrana,Kelantan,2017,1792.5,613275,5,0,0.0,0
Sus scrofa,Kelantan,2017,1792.5,613275,5,0,0.0,0
Varanus salvator,Kelantan,2017,1792.5,613275,5,0,0.0,0
Acridotheres tristis,Kuala Lumpur,2017,1982.1,68,5,4,0.666667,1
Corvus splendens,Kuala Lumpur,2017,1982.1,68,5,1,0.166667,1
Macaca fascicularis,Kuala Lumpur,2017,1982.1,68,5,1,0.166667,1
Malayopython reticulatus,Kuala Lumpur,2017,1982.1,68,5,0,0.0,0
Naja sumatrana,Kuala Lumpur,2017,1982.1,68,5,0,0.0,0
Sus scrofa,Kuala Lumpur,2017,1982.1,68,5,0,0.0,0
Varanus salvator,Kuala Lumpur,2017,1982.1,68,5,0,0.0,0
Acridotheres tristis,Melaka,2017,998.4,5138,5,0,0.0,0
Corvus splendens,Melaka,2017,998.4,5138,5,1,0.25,1
Macaca fascicularis,Melaka,2017,998.4,5138,5,0,0.0,0
Malayopython reticulatus,Melaka,2017,998.4,5138,5,0,0.0,0
Naja sumatrana,Melaka,2017,998.4,5138,5,0,0.0,0
Sus scrofa,Melaka,2017,998.4,5138,5,0,0.0,0
Varanus salvator,Melaka,2017,998.4,5138,5,3,0.75,1
Acridotheres tristis,Pahang,2017,1591.3,1558898,5,8,1.0,1
Corvus splendens,Pahang,2017,1591.3,1558898,5,0,0.0,0
Macaca fascicularis,Pahang,2017,1591.3,1558898,5,0,0.0,0
Malayopython reticulatus,Pahang,2017,1591.3,1558898,5,0,0.0,0
Naja sumatrana,Pahang,2017,1591.3,1558898,5,0,0.0,0
Sus scrofa,Pahang,2017,1591.3,1558898,5,0,0.0,0
Varanus salvator,Pahang,2017,1591.3,1558898,5,0,0.0,0
Acridotheres tristis,Perak,2017,2496.0,995216,5,1,0.333333,1
Corvus splendens,Perak,2017,2496.0,995216,5,0,0.0,0
Macaca fascicularis,Perak,2017,2496.0,995216,5,1,0.333333,1
Malayopython reticulatus,Perak,2017,2496.0,995216,5,1,0.333333,1
Naja sumatrana,Perak,2017,2496.0,995216,5,0,0.0,0
Sus scrofa,Perak,2017,2496.0,995216,5,0,0.0,0
Varanus salvator,Perak,2017,2496.0,995216,5,0,0.0,0
Acridotheres tristis,Perlis,2017,284.9,10615,5,1,1.0,1
Corvus splendens,Perlis,2017,284.9,10615,5,0,0.0,0
Macaca fascicularis,Perlis,2017,284.9,10615,5,0,0.0,0
Malayopython reticulatus,Perlis,2017,284.9,10615,5,0,0.0,0
Naja sumatrana,Perlis,2017,284.9,10615,5,0,0.0,0
Sus scrofa,Perlis,2017,284.9,10615,5,0,0.0,0
Varanus salvator,Perlis,2017,284.9,10615,5,0,0.0,0
Acridotheres tristis,Pulau Pinang,2017,1740.4,5101,5,14,0.4375,1
Corvus splendens,Pulau Pinang,2017,1740.4,5101,5,16,0.5,1
Macaca fascicularis,Pulau Pinang,2017,1740.4,5101,5,0,0.0,0
Malayopython reticulatus,Pulau Pinang,2017,1740.4,5101,5,0,0.0,0
Naja sumatrana,Pulau Pinang,2017,1740.4,5101,5,0,0.0,0
Sus scrofa,Pulau Pinang,2017,1740.4,5101,5,0,0.0,0
Varanus salvator,Pulau Pinang,2017,1740.4,5101,5,2,0.0625,1
Acridotheres tristis,Putrajaya,2017,109.2,0,5,1,1.0,1
Corvus splendens,Putrajaya,2017,109.2,0,5,0,0.0,0
Macaca fascicularis,Putrajaya,2017,109.2,0,5,0,0.0,0
Malayopython reticulatus,Putrajaya,2017,109.2,0,5,0,0.0,0
Naja sumatrana,Putrajaya,2017,109.2,0,5,0,0.0,0
Sus scrofa,Putrajaya,2017,109.2,0,5,0,0.0,0
Varanus salvator,Putrajaya,2017,109.2,0,5,0,0.0,0
Acridotheres tristis,Sabah,2017,3418.8,3540749,5,3,0.75,1
Corvus splendens,Sabah,2017,3418.8,3540749,5,1,0.25,1
Macaca fascicularis,Sabah,2017,3418.8,3540749,5,0,0.0,0
Malayopython reticulatus,Sabah,2017,3418.8,3540749,5,0,0.0,0
Naja sumatrana,Sabah,2017,3418.8,3540749,5,0,0.0,0
Sus scrofa,Sabah,2017,3418.8,3540749,5,0,0.0,0
Varanus salvator,Sabah,2017,3418.8,3540749,5,0,0.0,0
Acridotheres tristis,Sarawak,2017,2453.7,4274825,5,8,0.8,1
Corvus splendens,Sarawak,2017,2453.7,4274825,5,1,0.1,1
Macaca fascicularis,Sarawak,2017,2453.7,4274825,5,1,0.1,1
Malayopython reticulatus,Sarawak,2017,2453.7,4274825,5,0,0.0,0
Naja sumatrana,Sarawak,2017,2453.7,4274825,5,0,0.0,0
Sus scrofa,Sarawak,2017,2453.7,4274825,5,0,0.0,0
Varanus salvator,Sarawak,2017,2453.7,4274825,5,0,0.0,0
Acridotheres tristis,Selangor,2017,6994.4,250129,5,18,0.339623,1
Corvus splendens,Selangor,2017,6994.4,250129,5,22,0.415094,1
Macaca fascicularis,Selangor,2017,6994.4,250129,5,8,0.150943,1
Malayopython reticulatus,Selangor,2017,6994.4,250129,5,0,0.0,0
Naja sumatrana,Selangor,2017,6994.4,250129,5,0,0.0,0
Sus scrofa,Selangor,2017,6994.4,250129,5,0,0.0,0
Varanus salvator,Selangor,2017,6994.4,250129,5,5,0.09434,1
Acridotheres tristis,Johor,2017,4009.7,332749,6,3,0.375,1
Corvus splendens,Johor,2017,4009.7,332749,6,5,0.625,1
Macaca fascicularis,Johor,2017,4009.7,332749,6,0,0.0,0
Malayopython reticulatus,Johor,2017,4009.7,332749,6,0,0.0,0
Naja sumatrana,Johor,2017,4009.7,332749,6,0,0.0,0
Sus scrofa,Johor,2017,4009.7,332749,6,0,0.0,0
Varanus salvator,Johor,2017,4009.7,332749,6,0,0.0,0
Acridotheres tristis,Kedah,2017,2131.4,341976,6,6,0.857143,1
Corvus splendens,Kedah,2017,2131.4,341976,6,0,0.0,0
Macaca fascicularis,Kedah,2017,2131.4,341976,6,0,0.0,0
Malayopython reticulatus,Kedah,2017,2131.4,341976,6,0,0.0,0
Naja sumatrana,Kedah,2017,2131.4,341976,6,0,0.0,0
Sus scrofa,Kedah,2017,2131.4,341976,6,0,0.0,0
Varanus salvator,Kedah,2017,2131.4,341976,6,1,0.142857,1
Acridotheres tristis,Kelantan,2017,1792.5,613275,6,10,1.0,1
Corvus splendens,Kelantan,2017,1792.5,613275,6,0,0.0,0
Macaca fascicularis,Kelantan,2017,1792.5,613275,6,0,0.0,0
Malayopython reticulatus,Kelantan,2017,1792.5,613275,6,0,0.0,0
Naja sumatrana,Kelantan,2017,1792.5,613275,6,0,0.0,0
Sus scrofa,Kelantan,2017,1792.5,613275,6,0,0.0,0
Varanus salvator,Kelantan,2017,1792.5,613275,6,0,0.0,0
Acridotheres tristis,Kuala Lumpur,2017,1982.1,68,6,6,0.75,1
Corvus splendens,Kuala Lumpur,2017,1982.1,68,6,2,0.25,1
Macaca fascicularis,Kuala Lumpur,2017,1982.1,68,6,0,0.0,0
Malayopython reticulatus,Kuala Lumpur,2017,1982.1,68,6,0,0.0,0
Naja sumatrana,Kuala Lumpur,2017,1982.1,68,6,0,0.0,0
Sus scrofa,Kuala Lumpur,2017,1982.1,68,6,0,0.0,0
Varanus salvator,Kuala Lumpur,2017,1982.1,68,6,0,0.0,0
Acridotheres tristis,Melaka,2017,998.4,5138,6,1,0.5,1
Corvus splendens,Melaka,2017,998.4,5138,6,1,0.5,1
Macaca fascicularis,Melaka,2017,998.4,5138,6,0,0.0,0
Malayopython reticulatus,Melaka,2017,998.4,5138,6,0,0.0,0
Naja sumatrana,Melaka,2017,998.4,5138,6,0,0.0,0
Sus scrofa,Melaka,2017,998.4,5138,6,0,0.0,0
Varanus salvator,Melaka,2017,998.4,5138,6,0,0.0,0
Acridotheres tristis,Negeri Sembilan,2017,1200.0,155650,6,1,0.5,1
Corvus splendens,Negeri Sembilan,2017,1200.0,155650,6,1,0.5,1
Macaca fascicularis,Negeri Sembilan,2017,1200.0,155650,6,0,0.0,0
Malayopython reticulatus,Negeri Sembilan,2017,1200.0,155650,6,0,0.0,0
Naja sumatrana,Negeri Sembilan,2017,1200.0,155650,6,0,0.0,0
Sus scrofa,Negeri Sembilan,2017,1200.0,155650,6,0,0.0,0
Varanus salvator,Negeri Sembilan,2017,1200.0,155650,6,0,0.0,0
Acridotheres tristis,Pahang,2017,1591.3,1558898,6,15,0.833333,1
Corvus splendens,Pahang,2017,1591.3,1558898,6,2,0.111111,1
Macaca fascicularis,Pahang,2017,1591.3,1558898,6,1,0.055556,1
Malayopython reticulatus,Pahang,2017,1591.3,1558898,6,0,0.0,0
Naja sumatrana,Pahang,2017,1591.3,1558898,6,0,0.0,0
Sus scrofa,Pahang,2017,1591.3,1558898,6,0,0.0,0
Varanus salvator,Pahang,2017,1591.3,1558898,6,0,0.0,0
Acridotheres tristis,Perak,2017,2496.0,995216,6,3,1.0,1
Corvus splendens,Perak,2017,2496.0,995216,6,0,0.0,0
Macaca fascicularis,Perak,2017,2496.0,995216,6,0,0.0,0
Malayopython reticulatus,Perak,2017,2496.0,995216,6,0,0.0,0
Naja sumatrana,Perak,2017,2496.0,995216,6,0,0.0,0
Sus scrofa,Perak,2017,2496.0,995216,6,0,0.0,0
Varanus salvator,Perak,2017,2496.0,995216,6,0,0.0,0
Acridotheres tristis,Pulau Pinang,2017,1740.4,5101,6,8,0.615385,1
Corvus splendens,Pulau Pinang,2017,1740.4,5101,6,5,0.384615,1
Macaca fascicularis,Pulau Pinang,2017,1740.4,5101,6,0,0.0,0
Malayopython reticulatus,Pulau Pinang,2017,1740.4,5101,6,0,0.0,0
Naja sumatrana,Pulau Pinang,2017,1740.4,5101,6,0,0.0,0
Sus scrofa,Pulau Pinang,2017,1740.4,5101,6,0,0.0,0
Varanus salvator,Pulau Pinang,2017,1740.4,5101,6,0,0.0,0
Acridotheres tristis,Putrajaya,2017,109.2,0,6,1,0.5,1
Corvus splendens,Putrajaya,2017,109.2,0,6,1,0.5,1
Macaca fascicularis,Putrajaya,2017,109.2,0,6,0,0.0,0
Malayopython reticulatus,Putrajaya,2017,109.2,0,6,0,0.0,0
Naja sumatrana,Putrajaya,2017,109.2,0,6,0,0.0,0
Sus scrofa,Putrajaya,2017,109.2,0,6,0,0.0,0
Varanus salvator,Putrajaya,2017,109.2,0,6,0,0.0,0
Acridotheres tristis,Sabah,2017,3418.8,3540749,6,3,0.214286,1
Corvus splendens,Sabah,2017,3418.8,3540749,6,5,0.357143,1
Macaca fascicularis,Sabah,2017,3418.8,3540749,6,2,0.142857,1
Malayopython reticulatus,Sabah,2017,3418.8,3540749,6,0,0.0,0
Naja sumatrana,Sabah,2017,3418.8,3540749,6,0,0.0,0
Sus scrofa,Sabah,2017,3418.8,3540749,6,0,0.0,0
Varanus salvator,Sabah,2017,3418.8,3540749,6,4,0.285714,1
Acridotheres tristis,Sarawak,2017,2453.7,4274825,6,5,0.454545,1
Corvus splendens,Sarawak,2017,2453.7,4274825,6,0,0.0,0
Macaca fascicularis,Sarawak,2017,2453.7,4274825,6,2,0.181818,1
Malayopython reticulatus,Sarawak,2017,2453.7,4274825,6,1,0.090909,1
Naja sumatrana,Sarawak,2017,2453.7,4274825,6,0,0.0,0
Sus scrofa,Sarawak,2017,2453.7,4274825,6,0,0.0,0
Varanus salvator,Sarawak,2017,2453.7,4274825,6,3,0.272727,1
Acridotheres tristis,Selangor,2017,6994.4,250129,6,23,0.418182,1
Corvus splendens,Selangor,2017,6994.4,250129,6,29,0.527273,1
Macaca fascicularis,Selangor,2017,6994.4,250129,6,1,0.018182,1
Malayopython reticulatus,Selangor,2017,6994.4,250129,6,0,0.0,0
Naja sumatrana,Selangor,2017,6994.4,250129,6,0,0.0,0
Sus scrofa,Selangor,2017,6994.4,250129,6,0,0.0,0
Varanus salvator,Selangor,2017,6994.4,250129,6,2,0.036364,1
Acridotheres tristis,Johor,2017,4009.7,332749,7,13,0.52,1
Corvus splendens,Johor,2017,4009.7,332749,7,12,0.48,1
Macaca fascicularis,Johor,2017,4009.7,332749,7,0,0.0,0
Malayopython reticulatus,Johor,2017,4009.7,332749,7,0,0.0,0
Naja sumatrana,Johor,2017,4009.7,332749,7,0,0.0,0
Sus scrofa,Johor,2017,4009.7,332749,7,0,0.0,0
Varanus salvator,Johor,2017,4009.7,332749,7,0,0.0,0
Acridotheres tristis,Kedah,2017,2131.4,341976,7,7,0.875,1
Corvus splendens,Kedah,2017,2131.4,341976,7,1,0.125,1
Macaca fascicularis,Kedah,2017,2131.4,341976,7,0,0.0,0
Malayopython reticulatus,Kedah,2017,2131.4,341976,7,0,0.0,0
Naja sumatrana,Kedah,2017,2131.4,341976,7,0,0.0,0
Sus scrofa,Kedah,2017,2131.4,341976,7,0,0.0,0
Varanus salvator,Kedah,2017,2131.4,341976,7,0,0.0,0
Acridotheres tristis,Kelantan,2017,1792.5,613275,7,5,1.0,1
Corvus splendens,Kelantan,2017,1792.5,613275,7,0,0.0,0
Macaca fascicularis,Kelantan,2017,1792.5,613275,7,0,0.0,0
Malayopython reticulatus,Kelantan,2017,1792.5,613275,7,0,0.0,0
Naja sumatrana,Kelantan,2017,1792.5,613275,7,0,0.0,0
Sus scrofa,Kelantan,2017,1792.5,613275,7,0,0.0,0
Varanus salvator,Kelantan,2017,1792.5,613275,7,0,0.0,0
Acridotheres tristis,Kuala Lumpur,2017,1982.1,68,7,6,0.5,1
Corvus splendens,Kuala Lumpur,2017,1982.1,68,7,6,0.5,1
Macaca fascicularis,Kuala Lumpur,2017,1982.1,68,7,0,0.0,0
Malayopython reticulatus,Kuala Lumpur,2017,1982.1,68,7,0,0.0,0
Naja sumatrana,Kuala Lumpur,2017,1982.1,68,7,0,0.0,0
Sus scrofa,Kuala Lumpur,2017,1982.1,68,7,0,0.0,0
Varanus salvator,Kuala Lumpur,2017,1982.1,68,7,0,0.0,0
Acridotheres tristis,Melaka,2017,998.4,5138,7,3,0.428571,1
Corvus splendens,Melaka,2017,998.4,5138,7,4,0.571429,1
Macaca fascicularis,Melaka,2017,998.4,5138,7,0,0.0,0
Malayopython reticulatus,Melaka,2017,998.4,5138,7,0,0.0,0
Naja sumatrana,Melaka,2017,998.4,5138,7,0,0.0,0
Sus scrofa,Melaka,2017,998.4,5138,7,0,0.0,0
Varanus salvator,Melaka,2017,998.4,5138,7,0,0.0,0
Acridotheres tristis,Pahang,2017,1591.3,1558898,7,12,0.705882,1
Corvus splendens,Pahang,2017,1591.3,1558898,7,1,0.058824,1
Macaca fascicularis,Pahang,2017,1591.3,1558898,7,2,0.117647,1
Malayopython reticulatus,Pahang,2017,1591.3,1558898,7,1,0.058824,1
Naja sumatrana,Pahang,2017,1591.3,1558898,7,0,0.0,0
Sus scrofa,Pahang,2017,1591.3,1558898,7,1,0.058824,1
Varanus salvator,Pahang,2017,1591.3,1558898,7,0,0.0,0
Acridotheres tristis,Perak,2017,2496.0,995216,7,4,0.571429,1
Corvus splendens,Perak,2017,2496.0,995216,7,0,0.0,0
Macaca fascicularis,Perak,2017,2496.0,995216,7,0,0.0,0
Malayopython reticulatus,Perak,2017,2496.0,995216,7,0,0.0,0
Naja sumatrana,Perak,2017,2496.0,995216,7,0,0.0,0
Sus scrofa,Perak,2017,2496.0,995216,7,0,0.0,0
Varanus salvator,Perak,2017,2496.0,995216,7,3,0.428571,1
Acridotheres tristis,Pulau Pinang,2017,1740.4,5101,7,32,0.627451,1
Corvus splendens,Pulau Pinang,2017,1740.4,5101,7,15,0.294118,1
Macaca fascicularis,Pulau Pinang,2017,1740.4,5101,7,4,0.078431,1
Malayopython reticulatus,Pulau Pinang,2017,1740.4,5101,7,0,0.0,0
Naja sumatrana,Pulau Pinang,2017,1740.4,5101,7,0,0.0,0
Sus scrofa,Pulau Pinang,2017,1740.4,5101,7,0,0.0,0
Varanus salvator,Pulau Pinang,2017,1740.4,5101,7,0,0.0,0
Acridotheres tristis,Putrajaya,2017,109.2,0,7,2,0.666667,1
Corvus splendens,Putrajaya,2017,109.2,0,7,1,0.333333,1
Macaca fascicularis,Putrajaya,2017,109.2,0,7,0,0.0,0
Malayopython reticulatus,Putrajaya,2017,109.2,0,7,0,0.0,0
Naja sumatrana,Putrajaya,2017,109.2,0,7,0,0.0,0
Sus scrofa,Putrajaya,2017,109.2,0,7,0,0.0,0
Varanus salvator,Putrajaya,2017,109.2,0,7,0,0.0,0
Acridotheres tristis,Sabah,2017,3418.8,3540749,7,2,0.1,1
Corvus splendens,Sabah,2017,3418.8,3540749,7,9,0.45,1
Macaca fascicularis,Sabah,2017,3418.8,3540749,7,5,0.25,1
Malayopython reticulatus,Sabah,2017,3418.8,3540749,7,0,0.0,0
Naja sumatrana,Sabah,2017,3418.8,3540749,7,1,0.05,1
Sus scrofa,Sabah,2017,3418.8,3540749,7,0,0.0,0
Varanus salvator,Sabah,2017,3418.8,3540749,7,3,0.15,1
Acridotheres tristis,Sarawak,2017,2453.7,4274825,7,1,0.166667,1
Corvus splendens,Sarawak,2017,2453.7,4274825,7,0,0.0,0
Macaca fascicularis,Sarawak,2017,2453.7,4274825,7,5,0.833333,1
Malayopython reticulatus,Sarawak,2017,2453.7,4274825,7,0,0.0,0
Naja sumatrana,Sarawak,2017,2453.7,4274825,7,0,0.0,0
Sus scrofa,Sarawak,2017,2453.7,4274825,7,0,0.0,0
Varanus salvator,Sarawak,2017,2453.7,4274825,7,0,0.0,0
Acridotheres tristis,Selangor,2017,6994.4,250129,7,26,0.541667,1
Corvus splendens,Selangor,2017,6994.4,250129,7,22,0.458333,1
Macaca fascicularis,Selangor,2017,6994.4,250129,7,0,0.0,0
Malayopython reticulatus,Selangor,2017,6994.4,250129,7,0,0.0,0
Naja sumatrana,Selangor,2017,6994.4,250129,7,0,0.0,0
Sus scrofa,Selangor,2017,6994.4,250129,7,0,0.0,0
Varanus salvator,Selangor,2017,6994.4,250129,7,0,0.0,0
Acridotheres tristis,Terengganu,2017,1149.4,542411,7,1,1.0,1
Corvus splendens,Terengganu,2017,1149.4,542411,7,0,0.0,0
Macaca fascicularis,Terengganu,2017,1149.4,542411,7,0,0.0,0
Malayopython reticulatus,Terengganu,2017,1149.4,542411,7,0,0.0,0
Naja sumatrana,Terengganu,2017,1149.4,542411,7,0,0.0,0
Sus scrofa,Terengganu,2017,1149.4,542411,7,0,0.0,0
Varanus salvator,Terengganu,2017,1149.4,542411,7,0,0.0,0
Acridotheres tristis,Johor,2017,4009.7,332749,8,13,0.619048,1
Corvus splendens,Johor,2017,4009.7,332749,8,7,0.333333,1
Macaca fascicularis,Johor,2017,4009.7,332749,8,0,0.0,0
Malayopython reticulatus,Johor,2017,4009.7,332749,8,0,0.0,0
Naja sumatrana,Johor,2017,4009.7,332749,8,0,0.0,0
Sus scrofa,Johor,2017,4009.7,332749,8,0,0.0,0
Varanus salvator,Johor,2017,4009.7,332749,8,1,0.047619,1
Acridotheres tristis,Kedah,2017,2131.4,341976,8,5,0.625,1
Corvus splendens,Kedah,2017,2131.4,341976,8,3,0.375,1
Macaca fascicularis,Kedah,2017,2131.4,341976,8,0,0.0,0
Malayopython reticulatus,Kedah,2017,2131.4,341976,8,0,0.0,0
Naja sumatrana,Kedah,2017,2131.4,341976,8,0,0.0,0
Sus scrofa,Kedah,2017,2131.4,341976,8,0,0.0,0
Varanus salvator,Kedah,2017,2131.4,341976,8,0,0.0,0
Acridotheres tristis,Kelantan,2017,1792.5,613275,8,2,1.0,1
Corvus splendens,Kelantan,2017,1792.5,613275,8,0,0.0,0
Macaca fascicularis,Kelantan,2017,1792.5,613275,8,0,0.0,0
Malayopython reticulatus,Kelantan,2017,1792.5,613275,8,0,0.0,0
Naja sumatrana,Kelantan,2017,1792.5,613275,8,0,0.0,0
Sus scrofa,Kelantan,2017,1792.5,613275,8,0,0.0,0
Varanus salvator,Kelantan,2017,1792.5,613275,8,0,0.0,0
Acridotheres tristis,Kuala Lumpur,2017,1982.1,68,8,11,0.34375,1
Corvus splendens,Kuala Lumpur,2017,1982.1,68,8,13,0.40625,1
Macaca fascicularis,Kuala Lumpur,2017,1982.1,68,8,8,0.25,1
Malayopython reticulatus,Kuala Lumpur,2017,1982.1,68,8,0,0.0,0
Naja sumatrana,Kuala Lumpur,2017,1982.1,68,8,0,0.0,0
Sus scrofa,Kuala Lumpur,2017,1982.1,68,8,0,0.0,0
Varanus salvator,Kuala Lumpur,2017,1982.1,68,8,0,0.0,0
Acridotheres tristis,Melaka,2017,998.4,5138,8,3,1.0,1
Corvus splendens,Melaka,2017,998.4,5138,8,0,0.0,0
Macaca fascicularis,Melaka,2017,998.4,5138,8,0,0.0,0
Malayopython reticulatus,Melaka,2017,998.4,5138,8,0,0.0,0
Naja sumatrana,Melaka,2017,998.4,5138,8,0,0.0,0
Sus scrofa,Melaka,2017,998.4,5138,8,0,0.0,0
Varanus salvator,Melaka,2017,998.4,5138,8,0,0.0,0
Acridotheres tristis,Negeri Sembilan,2017,1200.0,155650,8,0,0.0,0
Corvus splendens,Negeri Sembilan,2017,1200.0,155650,8,0,0.0,0
Macaca fascicularis,Negeri Sembilan,2017,1200.0,155650,8,1,0.333333,1
Malayopython reticulatus,Negeri Sembilan,2017,1200.0,155650,8,1,0.333333,1
Naja sumatrana,Negeri Sembilan,2017,1200.0,155650,8,0,0.0,0
Sus scrofa,Negeri Sembilan,2017,1200.0,155650,8,0,0.0,0
Varanus salvator,Negeri Sembilan,2017,1200.0,155650,8,1,0.333333,1
Acridotheres tristis,Pahang,2017,1591.3,1558898,8,14,0.875,1
Corvus splendens,Pahang,2017,1591.3,1558898,8,0,0.0,0
Macaca fascicularis,Pahang,2017,1591.3,1558898,8,0,0.0,0
Malayopython reticulatus,Pahang,2017,1591.3,1558898,8,1,0.0625,1
Naja sumatrana,Pahang,2017,1591.3,1558898,8,0,0.0,0
Sus scrofa,Pahang,2017,1591.3,1558898,8,1,0.0625,1
Varanus salvator,Pahang,2017,1591.3,1558898,8,0,0.0,0
Acridotheres tristis,Perak,2017,2496.0,995216,8,8,1.0,1
Corvus splendens,Perak,2017,2496.0,995216,8,0,0.0,0
Macaca fascicularis,Perak,2017,2496.0,995216,8,0,0.0,0
Malayopython reticulatus,Perak,2017,2496.0,995216,8,0,0.0,0
Naja sumatrana,Perak,2017,2496.0,995216,8,0,0.0,0
Sus scrofa,Perak,2017,2496.0,995216,8,0,0.0,0
Varanus salvator,Perak,2017,2496.0,995216,8,0,0.0,0
Acridotheres tristis,Pulau Pinang,2017,1740.4,5101,8,41,0.561644,1
Corvus splendens,Pulau Pinang,2017,1740.4,5101,8,32,0.438356,1
Macaca fascicularis,Pulau Pinang,2017,1740.4,5101,8,0,0.0,0
Malayopython reticulatus,Pulau Pinang,2017,1740.4,5101,8,0,0.0,0
Naja sumatrana,Pulau Pinang,2017,1740.4,5101,8,0,0.0,0
Sus scrofa,Pulau Pinang,2017,1740.4,5101,8,0,0.0,0
Varanus salvator,Pulau Pinang,2017,1740.4,5101,8,0,0.0,0
Acridotheres tristis,Putrajaya,2017,109.2,0,8,2,0.666667,1
Corvus splendens,Putrajaya,2017,109.2,0,8,1,0.333333,1
Macaca fascicularis,Putrajaya,2017,109.2,0,8,0,0.0,0
Malayopython reticulatus,Putrajaya,2017,109.2,0,8,0,0.0,0
Naja sumatrana,Putrajaya,2017,109.2,0,8,0,0.0,0
Sus scrofa,Putrajaya,2017,109.2,0,8,0,0.0,0
Varanus salvator,Putrajaya,2017,109.2,0,8,0,0.0,0
Acridotheres tristis,Sabah,2017,3418.8,3540749,8,1,0.066667,1
Corvus splendens,Sabah,2017,3418.8,3540749,8,1,0.066667,1
Macaca fascicularis,Sabah,2017,3418.8,3540749,8,9,0.6,1
Malayopython reticulatus,Sabah,2017,3418.8,3540749,8,1,0.066667,1
Naja sumatrana,Sabah,2017,3418.8,3540749,8,0,0.0,0
Sus scrofa,Sabah,2017,3418.8,3540749,8,0,0.0,0
Varanus salvator,Sabah,2017,3418.8,3540749,8,3,0.2,1
Acridotheres tristis,Sarawak,2017,2453.7,4274825,8,4,0.363636,1
Corvus splendens,Sarawak,2017,2453.7,4274825,8,0,0.0,0
Macaca fascicularis,Sarawak,2017,2453.7,4274825,8,3,0.272727,1
Malayopython reticulatus,Sarawak,2017,2453.7,4274825,8,0,0.0,0
Naja sumatrana,Sarawak,2017,2453.7,4274825,8,0,0.0,0
Sus scrofa,Sarawak,2017,2453.7,4274825,8,0,0.0,0
Varanus salvator,Sarawak,2017,2453.7,4274825,8,4,0.363636,1
Acridotheres tristis,Selangor,2017,6994.4,250129,8,17,0.34,1
Corvus splendens,Selangor,2017,6994.4,250129,8,23,0.46,1
Macaca fascicularis,Selangor,2017,6994.4,250129,8,7,0.14,1
Malayopython reticulatus,Selangor,2017,6994.4,250129,8,0,0.0,0
Naja sumatrana,Selangor,2017,6994.4,250129,8,0,0.0,0
Sus scrofa,Selangor,2017,6994.4,250129,8,0,0.0,0
Varanus salvator,Selangor,2017,6994.4,250129,8,3,0.06,1
Acridotheres tristis,Terengganu,2017,1149.4,542411,8,2,0.666667,1
Corvus splendens,Terengganu,2017,1149.4,542411,8,1,0.333333,1
Macaca fascicularis,Terengganu,2017,1149.4,542411,8,0,0.0,0
Malayopython reticulatus,Terengganu,2017,1149.4,542411,8,0,0.0,0
Naja sumatrana,Terengganu,2017,1149.4,542411,8,0,0.0,0
Sus scrofa,Terengganu,2017,1149.4,542411,8,0,0.0,0
Varanus salvator,Terengganu,2017,1149.4,542411,8,0,0.0,0
Acridotheres tristis,Johor,2017,4009.7,332749,9,8,0.727273,1
Corvus splendens,Johor,2017,4009.7,332749,9,3,0.272727,1
Macaca fascicularis,Johor,2017,4009.7,332749,9,0,0.0,0
Malayopython reticulatus,Johor,2017,4009.7,332749,9,0,0.0,0
Naja sumatrana,Johor,2017,4009.7,332749,9,0,0.0,0
Sus scrofa,Johor,2017,4009.7,332749,9,0,0.0,0
Varanus salvator,Johor,2017,4009.7,332749,9,0,0.0,0
Acridotheres tristis,Kedah,2017,2131.4,341976,9,5,0.384615,1
Corvus splendens,Kedah,2017,2131.4,341976,9,3,0.230769,1
Macaca fascicularis,Kedah,2017,2131.4,341976,9,3,0.230769,1
Malayopython reticulatus,Kedah,2017,2131.4,341976,9,0,0.0,0
Naja sumatrana,Kedah,2017,2131.4,341976,9,0,0.0,0
Sus scrofa,Kedah,2017,2131.4,341976,9,0,0.0,0
Varanus salvator,Kedah,2017,2131.4,341976,9,2,0.153846,1
Acridotheres tristis,Kelantan,2017,1792.5,613275,9,4,0.8,1
Corvus splendens,Kelantan,2017,1792.5,613275,9,1,0.2,1
Macaca fascicularis,Kelantan,2017,1792.5,613275,9,0,0.0,0
Malayopython reticulatus,Kelantan,2017,1792.5,613275,9,0,0.0,0
Naja sumatrana,Kelantan,2017,1792.5,613275,9,0,0.0,0
Sus scrofa,Kelantan,2017,1792.5,613275,9,0,0.0,0
Varanus salvator,Kelantan,2017,1792.5,613275,9,0,0.0,0
Acridotheres tristis,Kuala Lumpur,2017,1982.1,68,9,7,0.4375,1
Corvus splendens,Kuala Lumpur,2017,1982.1,68,9,9,0.5625,1
Macaca fascicularis,Kuala Lumpur,2017,1982.1,68,9,0,0.0,0
Malayopython reticulatus,Kuala Lumpur,2017,1982.1,68,9,0,0.0,0
Naja sumatrana,Kuala Lumpur,2017,1982.1,68,9,0,0.0,0
Sus scrofa,Kuala Lumpur,2017,1982.1,68,9,0,0.0,0
Varanus salvator,Kuala Lumpur,2017,1982.1,68,9,0,0.0,0
Acridotheres tristis,Melaka,2017,998.4,5138,9,2,0.5,1
Corvus splendens,Melaka,2017,998.4,5138,9,1,0.25,1
Macaca fascicularis,Melaka,2017,998.4,5138,9,0,0.0,0
Malayopython reticulatus,Melaka,2017,998.4,5138,9,0,0.0,0
Naja sumatrana,Melaka,2017,998.4,5138,9,0,0.0,0
Sus scrofa,Melaka,2017,998.4,5138,9,0,0.0,0
Varanus salvator,Melaka,2017,998.4,5138,9,1,0.25,1
Acridotheres tristis,Negeri Sembilan,2017,1200.0,155650,9,1,1.0,1
Corvus splendens,Negeri Sembilan,2017,1200.0,155650,9,0,0.0,0
Macaca fascicularis,Negeri Sembilan,2017,1200.0,155650,9,0,0.0,0
Malayopython reticulatus,Negeri Sembilan,2017,1200.0,155650,9,0,0.0,0
Naja sumatrana,Negeri Sembilan,2017,1200.0,155650,9,0,0.0,0
Sus scrofa,Negeri Sembilan,2017,1200.0,155650,9,0,0.0,0
Varanus salvator,Negeri Sembilan,2017,1200.0,155650,9,0,0.0,0
Acridotheres tristis,Pahang,2017,1591.3,1558898,9,6,0.857143,1
Corvus splendens,Pahang,2017,1591.3,1558898,9,1,0.142857,1
Macaca fascicularis,Pahang,2017,1591.3,1558898,9,0,0.0,0
Malayopython reticulatus,Pahang,2017,1591.3,1558898,9,0,0.0,0
Naja sumatrana,Pahang,2017,1591.3,1558898,9,0,0.0,0
Sus scrofa,Pahang,2017,1591.3,1558898,9,0,0.0,0
Varanus salvator,Pahang,2017,1591.3,1558898,9,0,0.0,0
Acridotheres tristis,Perak,2017,2496.0,995216,9,2,1.0,1
Corvus splendens,Perak,2017,2496.0,995216,9,0,0.0,0
Macaca fascicularis,Perak,2017,2496.0,995216,9,0,0.0,0
Malayopython reticulatus,Perak,2017,2496.0,995216,9,0,0.0,0
Naja sumatrana,Perak,2017,2496.0,995216,9,0,0.0,0
Sus scrofa,Perak,2017,2496.0,995216,9,0,0.0,0
Varanus salvator,Perak,2017,2496.0,995216,9,0,0.0,0
Acridotheres tristis,Pulau Pinang,2017,1740.4,5101,9,24,0.470588,1
Corvus splendens,Pulau Pinang,2017,1740.4,5101,9,25,0.490196,1
Macaca fascicularis,Pulau Pinang,2017,1740.4,5101,9,1,0.019608,1
Malayopython reticulatus,Pulau Pinang,2017,1740.4,5101,9,0,0.0,0
Naja sumatrana,Pulau Pinang,2017,1740.4,5101,9,0,0.0,0
Sus scrofa,Pulau Pinang,2017,1740.4,5101,9,0,0.0,0
Varanus salvator,Pulau Pinang,2017,1740.4,5101,9,1,0.019608,1
Acridotheres tristis,Putrajaya,2017,109.2,0,9,0,0.0,0
Corvus splendens,Putrajaya,2017,109.2,0,9,2,1.0,1
Macaca fascicularis,Putrajaya,2017,109.2,0,9,0,0.0,0
Malayopython reticulatus,Putrajaya,2017,109.2,0,9,0,0.0,0
Naja sumatrana,Putrajaya,2017,109.2,0,9,0,0.0,0
Sus scrofa,Putrajaya,2017,109.2,0,9,0,0.0,0
Varanus salvator,Putrajaya,2017,109.2,0,9,0,0.0,0
Acridotheres tristis,Sabah,2017,3418.8,3540749,9,0,0.0,0
Corvus splendens,Sabah,2017,3418.8,3540749,9,2,0.285714,1
Macaca fascicularis,Sabah,2017,3418.8,3540749,9,3,0.428571,1
Malayopython reticulatus,Sabah,2017,3418.8,3540749,9,0,0.0,0
Naja sumatrana,Sabah,2017,3418.8,3540749,9,0,0.0,0
Sus scrofa,Sabah,2017,3418.8,3540749,9,0,0.0,0
Varanus salvator,Sabah,2017,3418.8,3540749,9,2,0.285714,1
Acridotheres tristis,Sarawak,2017,2453.7,4274825,9,0,0.0,0
Corvus splendens,Sarawak,2017,2453.7,4274825,9,0,0.0,0
Macaca fascicularis,Sarawak,2017,2453.7,4274825,9,1,0.333333,1
Malayopython reticulatus,Sarawak,2017,2453.7,4274825,9,1,0.333333,1
Naja sumatrana,Sarawak,2017,2453.7,4274825,9,0,0.0,0
Sus scrofa,Sarawak,2017,2453.7,4274825,9,0,0.0,0
Varanus salvator,Sarawak,2017,2453.7,4274825,9,1,0.333333,1
Acridotheres tristis,Selangor,2017,6994.4,250129,9,10,0.322581,1
Corvus splendens,Selangor,2017,6994.4,250129,9,20,0.645161,1
Macaca fascicularis,Selangor,2017,6994.4,250129,9,1,0.032258,1
Malayopython reticulatus,Selangor,2017,6994.4,250129,9,0,0.0,0
Naja sumatrana,Selangor,2017,6994.4,250129,9,0,0.0,0
Sus scrofa,Selangor,2017,6994.4,250129,9,0,0.0,0
Varanus salvator,Selangor,2017,6994.4,250129,9,0,0.0,0
Acridotheres tristis,Terengganu,2017,1149.4,542411,9,1,1.0,1
Corvus splendens,Terengganu,2017,1149.4,542411,9,0,0.0,0
Macaca fascicularis,Terengganu,2017,1149.4,542411,9,0,0.0,0
Malayopython reticulatus,Terengganu,2017,1149.4,542411,9,0,0.0,0
Naja sumatrana,Terengganu,2017,1149.4,542411,9,0,0.0,0
Sus scrofa,Terengganu,2017,1149.4,542411,9,0,0.0,0
Varanus salvator,Terengganu,2017,1149.4,542411,9,0,0.0,0
Acridotheres tristis,Johor,2017,4009.7,332749,10,1,0.333333,1
Corvus splendens,Johor,2017,4009.7,332749,10,2,0.666667,1
Macaca fascicularis,Johor,2017,4009.7,332749,10,0,0.0,0
Malayopython reticulatus,Johor,2017,4009.7,332749,10,0,0.0,0
Naja sumatrana,Johor,2017,4009.7,332749,10,0,0.0,0
Sus scrofa,Johor,2017,4009.7,332749,10,0,0.0,0
Varanus salvator,Johor,2017,4009.7,332749,10,0,0.0,0
Acridotheres tristis,Kedah,2017,2131.4,341976,10,13,0.684211,1
Corvus splendens,Kedah,2017,2131.4,341976,10,6,0.315789,1
Macaca fascicularis,Kedah,2017,2131.4,341976,10,0,0.0,0
Malayopython reticulatus,Kedah,2017,2131.4,341976,10,0,0.0,0
Naja sumatrana,Kedah,2017,2131.4,341976,10,0,0.0,0
Sus scrofa,Kedah,2017,2131.4,341976,10,0,0.0,0
Varanus salvator,Kedah,2017,2131.4,341976,10,0,0.0,0
Acridotheres tristis,Kuala Lumpur,2017,1982.1,68,10,0,0.0,0
Corvus splendens,Kuala Lumpur,2017,1982.1,68,10,1,0.5,1
Macaca fascicularis,Kuala Lumpur,2017,1982.1,68,10,1,0.5,1
Malayopython reticulatus,Kuala Lumpur,2017,1982.1,68,10,0,0.0,0
Naja sumatrana,Kuala Lumpur,2017,1982.1,68,10,0,0.0,0
Sus scrofa,Kuala Lumpur,2017,1982.1,68,10,0,0.0,0
Varanus salvator,Kuala Lumpur,2017,1982.1,68,10,0,0.0,0
Acridotheres tristis,Negeri Sembilan,2017,1200.0,155650,10,1,0.333333,1
Corvus splendens,Negeri Sembilan,2017,1200.0,155650,10,1,0.333333,1
Macaca fascicularis,Negeri Sembilan,2017,1200.0,155650,10,0,0.0,0
Malayopython reticulatus,Negeri Sembilan,2017,1200.0,155650,10,1,0.333333,1
Naja sumatrana,Negeri Sembilan,2017,1200.0,155650,10,0,0.0,0
Sus scrofa,Negeri Sembilan,2017,1200.0,155650,10,0,0.0,0
Varanus salvator,Negeri Sembilan,2017,1200.0,155650,10,0,0.0,0
Acridotheres tristis,Pahang,2017,1591.3,1558898,10,4,0.666667,1
Corvus splendens,Pahang,2017,1591.3,1558898,10,1,0.166667,1
Macaca fascicularis,Pahang,2017,1591.3,1558898,10,1,0.166667,1
Malayopython reticulatus,Pahang,2017,1591.3,1558898,10,0,0.0,0
Naja sumatrana,Pahang,2017,1591.3,1558898,10,0,0.0,0
Sus scrofa,Pahang,2017,1591.3,1558898,10,0,0.0,0
Varanus salvator,Pahang,2017,1591.3,1558898,10,0,0.0,0
Acridotheres tristis,Perak,2017,2496.0,995216,10,4,1.0,1
Corvus splendens,Perak,2017,2496.0,995216,10,0,0.0,0
Macaca fascicularis,Perak,2017,2496.0,995216,10,0,0.0,0
Malayopython reticulatus,Perak,2017,2496.0,995216,10,0,0.0,0
Naja sumatrana,Perak,2017,2496.0,995216,10,0,0.0,0
Sus scrofa,Perak,2017,2496.0,995216,10,0,0.0,0
Varanus salvator,Perak,2017,2496.0,995216,10,0,0.0,0
Acridotheres tristis,Pulau Pinang,2017,1740.4,5101,10,20,0.416667,1
Corvus splendens,Pulau Pinang,2017,1740.4,5101,10,23,0.479167,1
Macaca fascicularis,Pulau Pinang,2017,1740.4,5101,10,3,0.0625,1
Malayopython reticulatus,Pulau Pinang,2017,1740.4,5101,10,0,0.0,0
Naja sumatrana,Pulau Pinang,2017,1740.4,5101,10,0,0.0,0
Sus scrofa,Pulau Pinang,2017,1740.4,5101,10,0,0.0,0
Varanus salvator,Pulau Pinang,2017,1740.4,5101,10,2,0.041667,1
Acridotheres tristis,Putrajaya,2017,109.2,0,10,1,0.5,1
Corvus splendens,Putrajaya,2017,109.2,0,10,1,0.5,1
Macaca fascicularis,Putrajaya,2017,109.2,0,10,0,0.0,0
Malayopython reticulatus,Putrajaya,2017,109.2,0,10,0,0.0,0
Naja sumatrana,Putrajaya,2017,109.2,0,10,0,0.0,0
Sus scrofa,Putrajaya,2017,109.2,0,10,0,0.0,0
Varanus salvator,Putrajaya,2017,109.2,0,10,0,0.0,0
Acridotheres tristis,Sabah,2017,3418.8,3540749,10,1,0.166667,1
Corvus splendens,Sabah,2017,3418.8,3540749,10,0,0.0,0
Macaca fascicularis,Sabah,2017,3418.8,3540749,10,2,0.333333,1
Malayopython reticulatus,Sabah,2017,3418.8,3540749,10,0,0.0,0
Naja sumatrana,Sabah,2017,3418.8,3540749,10,0,0.0,0
Sus scrofa,Sabah,2017,3418.8,3540749,10,0,0.0,0
Varanus salvator,Sabah,2017,3418.8,3540749,10,3,0.5,1
Acridotheres tristis,Sarawak,2017,2453.7,4274825,10,5,0.714286,1
Corvus splendens,Sarawak,2017,2453.7,4274825,10,0,0.0,0
Macaca fascicularis,Sarawak,2017,2453.7,4274825,10,2,0.285714,1
Malayopython reticulatus,Sarawak,2017,2453.7,4274825,10,0,0.0,0
Naja sumatrana,Sarawak,2017,2453.7,4274825,10,0,0.0,0
Sus scrofa,Sarawak,2017,2453.7,4274825,10,0,0.0,0
Varanus salvator,Sarawak,2017,2453.7,4274825,10,0,0.0,0
Acridotheres tristis,Selangor,2017,6994.4,250129,10,4,0.235294,1
Corvus splendens,Selangor,2017,6994.4,250129,10,10,0.588235,1
Macaca fascicularis,Selangor,2017,6994.4,250129,10,3,0.176471,1
Malayopython reticulatus,Selangor,2017,6994.4,250129,10,0,0.0,0
Naja sumatrana,Selangor,2017,6994.4,250129,10,0,0.0,0
Sus scrofa,Selangor,2017,6994.4,250129,10,0,0.0,0
Varanus salvator,Selangor,2017,6994.4,250129,10,0,0.0,0
Acridotheres tristis,Johor,2017,4009.7,332749,11,0,0.0,0
Corvus splendens,Johor,2017,4009.7,332749,11,1,1.0,1
Macaca fascicularis,Johor,2017,4009.7,332749,11,0,0.0,0
Malayopython reticulatus,Johor,2017,4009.7,332749,11,0,0.0,0
Naja sumatrana,Johor,2017,4009.7,332749,11,0,0.0,0
Sus scrofa,Johor,2017,4009.7,332749,11,0,0.0,0
Varanus salvator,Johor,2017,4009.7,332749,11,0,0.0,0
Acridotheres tristis,Kedah,2017,2131.4,341976,11,8,0.533333,1
Corvus splendens,Kedah,2017,2131.4,341976,11,1,0.066667,1
Macaca fascicularis,Kedah,2017,2131.4,341976,11,3,0.2,1
Malayopython reticulatus,Kedah,2017,2131.4,341976,11,0,0.0,0
Naja sumatrana,Kedah,2017,2131.4,341976,11,0,0.0,0
Sus scrofa,Kedah,2017,2131.4,341976,11,0,0.0,0
Varanus salvator,Kedah,2017,2131.4,341976,11,3,0.2,1
Acridotheres tristis,Kelantan,2017,1792.5,613275,11,3,1.0,1
Corvus splendens,Kelantan,2017,1792.5,613275,11,0,0.0,0
Macaca fascicularis,Kelantan,2017,1792.5,613275,11,0,0.0,0
Malayopython reticulatus,Kelantan,2017,1792.5,613275,11,0,0.0,0
Naja sumatrana,Kelantan,2017,1792.5,613275,11,0,0.0,0
Sus scrofa,Kelantan,2017,1792.5,613275,11,0,0.0,0
Varanus salvator,Kelantan,2017,1792.5,613275,11,0,0.0,0
Acridotheres tristis,Kuala Lumpur,2017,1982.1,68,11,2,0.5,1
Corvus splendens,Kuala Lumpur,2017,1982.1,68,11,2,0.5,1
Macaca fascicularis,Kuala Lumpur,2017,1982.1,68,11,0,0.0,0
Malayopython reticulatus,Kuala Lumpur,2017,1982.1,68,11,0,0.0,0
Naja sumatrana,Kuala Lumpur,2017,1982.1,68,11,0,0.0,0
Sus scrofa,Kuala Lumpur,2017,1982.1,68,11,0,0.0,0
Varanus salvator,Kuala Lumpur,2017,1982.1,68,11,0,0.0,0
Acridotheres tristis,Melaka,2017,998.4,5138,11,0,0.0,0
Corvus splendens,Melaka,2017,998.4,5138,11,2,1.0,1
Macaca fascicularis,Melaka,2017,998.4,5138,11,0,0.0,0
Malayopython reticulatus,Melaka,2017,998.4,5138,11,0,0.0,0
Naja sumatrana,Melaka,2017,998.4,5138,11,0,0.0,0
Sus scrofa,Melaka,2017,998.4,5138,11,0,0.0,0
Varanus salvator,Melaka,2017,998.4,5138,11,0,0.0,0
Acridotheres tristis,Pahang,2017,1591.3,1558898,11,4,0.5,1
Corvus splendens,Pahang,2017,1591.3,1558898,11,4,0.5,1
Macaca fascicularis,Pahang,2017,1591.3,1558898,11,0,0.0,0
Malayopython reticulatus,Pahang,2017,1591.3,1558898,11,0,0.0,0
Naja sumatrana,Pahang,2017,1591.3,1558898,11,0,0.0,0
Sus scrofa,Pahang,2017,1591.3,1558898,11,0,0.0,0
Varanus salvator,Pahang,2017,1591.3,1558898,11,0,0.0,0
Acridotheres tristis,Perak,2017,2496.0,995216,11,14,0.933333,1
Corvus splendens,Perak,2017,2496.0,995216,11,0,0.0,0
Macaca fascicularis,Perak,2017,2496.0,995216,11,0,0.0,0
Malayopython reticulatus,Perak,2017,2496.0,995216,11,0,0.0,0
Naja sumatrana,Perak,2017,2496.0,995216,11,0,0.0,0
Sus scrofa,Perak,2017,2496.0,995216,11,0,0.0,0
Varanus salvator,Perak,2017,2496.0,995216,11,1,0.066667,1
Acridotheres tristis,Perlis,2017,284.9,10615,11,7,1.0,1
Corvus splendens,Perlis,2017,284.9,10615,11,0,0.0,0
Macaca fascicularis,Perlis,2017,284.9,10615,11,0,0.0,0
Malayopython reticulatus,Perlis,2017,284.9,10615,11,0,0.0,0
Naja sumatrana,Perlis,2017,284.9,10615,11,0,0.0,0
Sus scrofa,Perlis,2017,284.9,10615,11,0,0.0,0
Varanus salvator,Perlis,2017,284.9,10615,11,0,0.0,0
Acridotheres tristis,Pulau Pinang,2017,1740.4,5101,11,8,0.380952,1
Corvus splendens,Pulau Pinang,2017,1740.4,5101,11,13,0.619048,1
Macaca fascicularis,Pulau Pinang,2017,1740.4,5101,11,0,0.0,0
Malayopython reticulatus,Pulau Pinang,2017,1740.4,5101,11,0,0.0,0
Naja sumatrana,Pulau Pinang,2017,1740.4,5101,11,0,0.0,0
Sus scrofa,Pulau Pinang,2017,1740.4,5101,11,0,0.0,0
Varanus salvator,Pulau Pinang,2017,1740.4,5101,11,0,0.0,0
Acridotheres tristis,Putrajaya,2017,109.2,0,11,0,0.0,0
Corvus splendens,Putrajaya,2017,109.2,0,11,1,1.0,1
Macaca fascicularis,Putrajaya,2017,109.2,0,11,0,0.0,0
Malayopython reticulatus,Putrajaya,2017,109.2,0,11,0,0.0,0
Naja sumatrana,Putrajaya,2017,109.2,0,11,0,0.0,0
Sus scrofa,Putrajaya,2017,109.2,0,11,0,0.0,0
Varanus salvator,Putrajaya,2017,109.2,0,11,0,0.0,0
Acridotheres tristis,Sabah,2017,3418.8,3540749,11,0,0.0,0
Corvus splendens,Sabah,2017,3418.8,3540749,11,1,0.1,1
Macaca fascicularis,Sabah,2017,3418.8,3540749,11,5,0.5,1
Malayopython reticulatus,Sabah,2017,3418.8,3540749,11,0,0.0,0
Naja sumatrana,Sabah,2017,3418.8,3540749,11,0,0.0,0
Sus scrofa,Sabah,2017,3418.8,3540749,11,0,0.0,0
Varanus salvator,Sabah,2017,3418.8,3540749,11,4,0.4,1
Acridotheres tristis,Sarawak,2017,2453.7,4274825,11,0,0.0,0
Corvus splendens,Sarawak,2017,2453.7,4274825,11,0,0.0,0
Macaca fascicularis,Sarawak,2017,2453.7,4274825,11,3,0.75,1
Malayopython reticulatus,Sarawak,2017,2453.7,4274825,11,0,0.0,0
Naja sumatrana,Sarawak,2017,2453.7,4274825,11,1,0.25,1
Sus scrofa,Sarawak,2017,2453.7,4274825,11,0,0.0,0
Varanus salvator,Sarawak,2017,2453.7,4274825,11,0,0.0,0
Acridotheres tristis,Selangor,2017,6994.4,250129,11,1,0.125,1
Corvus splendens,Selangor,2017,6994.4,250129,11,6,0.75,1
Macaca fascicularis,Selangor,2017,6994.4,250129,11,1,0.125,1
Malayopython reticulatus,Selangor,2017,6994.4,250129,11,0,0.0,0
Naja sumatrana,Selangor,2017,6994.4,250129,11,0,0.0,0
Sus scrofa,Selangor,2017,6994.4,250129,11,0,0.0,0
Varanus salvator,Selangor,2017,6994.4,250129,11,0,0.0,0
Acridotheres tristis,Johor,2017,4009.7,332749,12,1,0.090909,1
Corvus splendens,Johor,2017,4009.7,332749,12,10,0.909091,1
Macaca fascicularis,Johor,2017,4009.7,332749,12,0,0.0,0
Malayopython reticulatus,Johor,2017,4009.7,332749,12,0,0.0,0
Naja sumatrana,Johor,2017,4009.7,332749,12,0,0.0,0
Sus scrofa,Johor,2017,4009.7,332749,12,0,0.0,0
Varanus salvator,Johor,2017,4009.7,332749,12,0,0.0,0
Acridotheres tristis,Kedah,2017,2131.4,341976,12,20,0.714286,1
Corvus splendens,Kedah,2017,2131.4,341976,12,1,0.035714,1
Macaca fascicularis,Kedah,2017,2131.4,341976,12,7,0.25,1
Malayopython reticulatus,Kedah,2017,2131.4,341976,12,0,0.0,0
Naja sumatrana,Kedah,2017,2131.4,341976,12,0,0.0,0
Sus scrofa,Kedah,2017,2131.4,341976,12,0,0.0,0
Varanus salvator,Kedah,2017,2131.4,341976,12,0,0.0,0
Acridotheres tristis,Kuala Lumpur,2017,1982.1,68,12,9,0.5,1
Corvus splendens,Kuala Lumpur,2017,1982.1,68,12,8,0.444444,1
Macaca fascicularis,Kuala Lumpur,2017,1982.1,68,12,1,0.055556,1
Malayopython reticulatus,Kuala Lumpur,2017,1982.1,68,12,0,0.0,0
Naja sumatrana,Kuala Lumpur,2017,1982.1,68,12,0,0.0,0
Sus scrofa,Kuala Lumpur,2017,1982.1,68,12,0,0.0,0
Varanus salvator,Kuala Lumpur,2017,1982.1,68,12,0,0.0,0
Acridotheres tristis,Melaka,2017,998.4,5138,12,1,0.25,1
Corvus splendens,Melaka,2017,998.4,5138,12,2,0.5,1
Macaca fascicularis,Melaka,2017,998.4,5138,12,1,0.25,1
Malayopython reticulatus,Melaka,2017,998.4,5138,12,0,0.0,0
Naja sumatrana,Melaka,2017,998.4,5138,12,0,0.0,0
Sus scrofa,Melaka,2017,998.4,5138,12,0,0.0,0
Varanus salvator,Melaka,2017,998.4,5138,12,0,0.0,0
Acridotheres tristis,Pahang,2017,1591.3,1558898,12,5,0.833333,1
Corvus splendens,Pahang,2017,1591.3,1558898,12,0,0.0,0
Macaca fascicularis,Pahang,2017,1591.3,1558898,12,1,0.166667,1
Malayopython reticulatus,Pahang,2017,1591.3,1558898,12,0,0.0,0
Naja sumatrana,Pahang,2017,1591.3,1558898,12,0,0.0,0
Sus scrofa,Pahang,2017,1591.3,1558898,12,0,0.0,0
Varanus salvator,Pahang,2017,1591.3,1558898,12,0,0.0,0
Acridotheres tristis,Perak,2017,2496.0,995216,12,7,0.777778,1
Corvus splendens,Perak,2017,2496.0,995216,12,0,0.0,0
Macaca fascicularis,Perak,2017,2496.0,995216,12,1,0.111111,1
Malayopython reticulatus,Perak,2017,2496.0,995216,12,0,0.0,0
Naja sumatrana,Perak,2017,2496.0,995216,12,0,0.0,0
Sus scrofa,Perak,2017,2496.0,995216,12,0,0.0,0
Varanus salvator,Perak,2017,2496.0,995216,12,1,0.111111,1
Acridotheres tristis,Perlis,2017,284.9,10615,12,2,1.0,1
Corvus splendens,Perlis,2017,284.9,10615,12,0,0.0,0
Macaca fascicularis,Perlis,2017,284.9,10615,12,0,0.0,0
Malayopython reticulatus,Perlis,2017,284.9,10615,12,0,0.0,0
Naja sumatrana,Perlis,2017,284.9,10615,12,0,0.0,0
Sus scrofa,Perlis,2017,284.9,10615,12,0,0.0,0
Varanus salvator,Perlis,2017,284.9,10615,12,0,0.0,0
Acridotheres tristis,Pulau Pinang,2017,1740.4,5101,12,27,0.435484,1
Corvus splendens,Pulau Pinang,2017,1740.4,5101,12,33,0.532258,1
Macaca fascicularis,Pulau Pinang,2017,1740.4,5101,12,0,0.0,0
Malayopython reticulatus,Pulau Pinang,2017,1740.4,5101,12,0,0.0,0
Naja sumatrana,Pulau Pinang,2017,1740.4,5101,12,0,0.0,0
Sus scrofa,Pulau Pinang,2017,1740.4,5101,12,0,0.0,0
Varanus salvator,Pulau Pinang,2017,1740.4,5101,12,2,0.032258,1
Acridotheres tristis,Sabah,2017,3418.8,3540749,12,2,0.5,1
Corvus splendens,Sabah,2017,3418.8,3540749,12,0,0.0,0
Macaca fascicularis,Sabah,2017,3418.8,3540749,12,2,0.5,1
Malayopython reticulatus,Sabah,2017,3418.8,3540749,12,0,0.0,0
Naja sumatrana,Sabah,2017,3418.8,3540749,12,0,0.0,0
Sus scrofa,Sabah,2017,3418.8,3540749,12,0,0.0,0
Varanus salvator,Sabah,2017,3418.8,3540749,12,0,0.0,0
Acridotheres tristis,Sarawak,2017,2453.7,4274825,12,5,0.833333,1
Corvus splendens,Sarawak,2017,2453.7,4274825,12,0,0.0,0
Macaca fascicularis,Sarawak,2017,2453.7,4274825,12,1,0.166667,1
Malayopython reticulatus,Sarawak,2017,2453.7,4274825,12,0,0.0,0
Naja sumatrana,Sarawak,2017,2453.7,4274825,12,0,0.0,0
Sus scrofa,Sarawak,2017,2453.7,4274825,12,0,0.0,0
Varanus salvator,Sarawak,2017,2453.7,4274825,12,0,0.0,0
Acridotheres tristis,Selangor,2017,6994.4,250129,12,14,0.5,1
Corvus splendens,Selangor,2017,6994.4,250129,12,12,0.428571,1
Macaca fascicularis,Selangor,2017,6994.4,250129,12,2,0.071429,1
Malayopython reticulatus,Selangor,2017,6994.4,250129,12,0,0.0,0
Naja sumatrana,Selangor,2017,6994.4,250129,12,0,0.0,0
Sus scrofa,Selangor,2017,6994.4,250129,12,0,0.0,0
Varanus salvator,Selangor,2017,6994.4,250129,12,0,0.0,0
Acridotheres tristis,Johor,2018,4009.7,332749,1,3,0.75,1
Corvus splendens,Johor,2018,4009.7,332749,1,1,0.25,1
Macaca fascicularis,Johor,2018,4009.7,332749,1,0,0.0,0
Malayopython reticulatus,Johor,2018,4009.7,332749,1,0,0.0,0
Naja sumatrana,Johor,2018,4009.7,332749,1,0,0.0,0
Sus scrofa,Johor,2018,4009.7,332749,1,0,0.0,0
Varanus salvator,Johor,2018,4009.7,332749,1,0,0.0,0
Acridotheres tristis,Kedah,2018,2131.4,341976,1,18,0.857143,1
Corvus splendens,Kedah,2018,2131.4,341976,1,2,0.095238,1
Macaca fascicularis,Kedah,2018,2131.4,341976,1,1,0.047619,1
Malayopython reticulatus,Kedah,2018,2131.4,341976,1,0,0.0,0
Naja sumatrana,Kedah,2018,2131.4,341976,1,0,0.0,0
Sus scrofa,Kedah,2018,2131.4,341976,1,0,0.0,0
Varanus salvator,Kedah,2018,2131.4,341976,1,0,0.0,0
Acridotheres tristis,Kelantan,2018,1792.5,613275,1,1,0.5,1
Corvus splendens,Kelantan,2018,1792.5,613275,1,1,0.5,1
Macaca fascicularis,Kelantan,2018,1792.5,613275,1,0,0.0,0
Malayopython reticulatus,Kelantan,2018,1792.5,613275,1,0,0.0,0
Naja sumatrana,Kelantan,2018,1792.5,613275,1,0,0.0,0
Sus scrofa,Kelantan,2018,1792.5,613275,1,0,0.0,0
Varanus salvator,Kelantan,2018,1792.5,613275,1,0,0.0,0
Acridotheres tristis,Kuala Lumpur,2018,1982.1,68,1,7,0.538462,1
Corvus splendens,Kuala Lumpur,2018,1982.1,68,1,6,0.461538,1
Macaca fascicularis,Kuala Lumpur,2018,1982.1,68,1,0,0.0,0
Malayopython reticulatus,Kuala Lumpur,2018,1982.1,68,1,0,0.0,0
Naja sumatrana,Kuala Lumpur,2018,1982.1,68,1,0,0.0,0
Sus scrofa,Kuala Lumpur,2018,1982.1,68,1,0,0.0,0
Varanus salvator,Kuala Lumpur,2018,1982.1,68,1,0,0.0,0
Acridotheres tristis,Negeri Sembilan,2018,1200.0,155549,1,1,0.333333,1
Corvus splendens,Negeri Sembilan,2018,1200.0,155549,1,1,0.333333,1
Macaca fascicularis,Negeri Sembilan,2018,1200.0,155549,1,0,0.0,0
Malayopython reticulatus,Negeri Sembilan,2018,1200.0,155549,1,0,0.0,0
Naja sumatrana,Negeri Sembilan,2018,1200.0,155549,1,0,0.0,0
Sus scrofa,Negeri Sembilan,2018,1200.0,155549,1,0,0.0,0
Varanus salvator,Negeri Sembilan,2018,1200.0,155549,1,1,0.333333,1
Acridotheres tristis,Pahang,2018,1591.3,1559385,1,7,0.636364,1
Corvus splendens,Pahang,2018,1591.3,1559385,1,4,0.363636,1
Macaca fascicularis,Pahang,2018,1591.3,1559385,1,0,0.0,0
Malayopython reticulatus,Pahang,2018,1591.3,1559385,1,0,0.0,0
Naja sumatrana,Pahang,2018,1591.3,1559385,1,0,0.0,0
Sus scrofa,Pahang,2018,1591.3,1559385,1,0,0.0,0
Varanus salvator,Pahang,2018,1591.3,1559385,1,0,0.0,0
Acridotheres tristis,Perak,2018,2496.0,988914,1,5,1.0,1
Corvus splendens,Perak,2018,2496.0,988914,1,0,0.0,0
Macaca fascicularis,Perak,2018,2496.0,988914,1,0,0.0,0
Malayopython reticulatus,Perak,2018,2496.0,988914,1,0,0.0,0
Naja sumatrana,Perak,2018,2496.0,988914,1,0,0.0,0
Sus scrofa,Perak,2018,2496.0,988914,1,0,0.0,0
Varanus salvator,Perak,2018,2496.0,988914,1,0,0.0,0
Acridotheres tristis,Perlis,2018,284.9,10615,1,5,1.0,1
Corvus splendens,Perlis,2018,284.9,10615,1,0,0.0,0
Macaca fascicularis,Perlis,2018,284.9,10615,1,0,0.0,0
Malayopython reticulatus,Perlis,2018,284.9,10615,1,0,0.0,0
Naja sumatrana,Perlis,2018,284.9,10615,1,0,0.0,0
Sus scrofa,Perlis,2018,284.9,10615,1,0,0.0,0
Varanus salvator,Perlis,2018,284.9,10615,1,0,0.0,0
Acridotheres tristis,Pulau Pinang,2018,1740.4,5101,1,27,0.482143,1
Corvus splendens,Pulau Pinang,2018,1740.4,5101,1,28,0.5,1
Macaca fascicularis,Pulau Pinang,2018,1740.4,5101,1,0,0.0,0
Malayopython reticulatus,Pulau Pinang,2018,1740.4,5101,1,0,0.0,0
Naja sumatrana,Pulau Pinang,2018,1740.4,5101,1,0,0.0,0
Sus scrofa,Pulau Pinang,2018,1740.4,5101,1,0,0.0,0
Varanus salvator,Pulau Pinang,2018,1740.4,5101,1,1,0.017857,1
Acridotheres tristis,Putrajaya,2018,109.2,0,1,2,0.5,1
Corvus splendens,Putrajaya,2018,109.2,0,1,2,0.5,1
Macaca fascicularis,Putrajaya,2018,109.2,0,1,0,0.0,0
Malayopython reticulatus,Putrajaya,2018,109.2,0,1,0,0.0,0
Naja sumatrana,Putrajaya,2018,109.2,0,1,0,0.0,0
Sus scrofa,Putrajaya,2018,109.2,0,1,0,0.0,0
Varanus salvator,Putrajaya,2018,109.2,0,1,0,0.0,0
Acridotheres tristis,Sabah,2018,3418.8,3540749,1,0,0.0,0
Corvus splendens,Sabah,2018,3418.8,3540749,1,4,0.5,1
Macaca fascicularis,Sabah,2018,3418.8,3540749,1,2,0.25,1
Malayopython reticulatus,Sabah,2018,3418.8,3540749,1,0,0.0,0
Naja sumatrana,Sabah,2018,3418.8,3540749,1,0,0.0,0
Sus scrofa,Sabah,2018,3418.8,3540749,1,0,0.0,0
Varanus salvator,Sabah,2018,3418.8,3540749,1,2,0.25,1
Acridotheres tristis,Sarawak,2018,2453.7,4209053,1,8,0.888889,1
Corvus splendens,Sarawak,2018,2453.7,4209053,1,0,0.0,0
Macaca fascicularis,Sarawak,2018,2453.7,4209053,1,0,0.0,0
Malayopython reticulatus,Sarawak,2018,2453.7,4209053,1,0,0.0,0
Naja sumatrana,Sarawak,2018,2453.7,4209053,1,0,0.0,0
Sus scrofa,Sarawak,2018,2453.7,4209053,1,0,0.0,0
Varanus salvator,Sarawak,2018,2453.7,4209053,1,1,0.111111,1
Acridotheres tristis,Selangor,2018,6994.4,250210,1,26,0.376812,1
Corvus splendens,Selangor,2018,6994.4,250210,1,41,0.594203,1
Macaca fascicularis,Selangor,2018,6994.4,250210,1,2,0.028986,1
Malayopython reticulatus,Selangor,2018,6994.4,250210,1,0,0.0,0
Naja sumatrana,Selangor,2018,6994.4,250210,1,0,0.0,0
Sus scrofa,Selangor,2018,6994.4,250210,1,0,0.0,0
Varanus salvator,Selangor,2018,6994.4,250210,1,0,0.0,0
Acridotheres tristis,Johor,2018,4009.7,332749,2,2,0.333333,1
Corvus splendens,Johor,2018,4009.7,332749,2,4,0.666667,1
Macaca fascicularis,Johor,2018,4009.7,332749,2,0,0.0,0
Malayopython reticulatus,Johor,2018,4009.7,332749,2,0,0.0,0
Naja sumatrana,Johor,2018,4009.7,332749,2,0,0.0,0
Sus scrofa,Johor,2018,4009.7,332749,2,0,0.0,0
Varanus salvator,Johor,2018,4009.7,332749,2,0,0.0,0
Acridotheres tristis,Kedah,2018,2131.4,341976,2,5,0.714286,1
Corvus splendens,Kedah,2018,2131.4,341976,2,1,0.142857,1
Macaca fascicularis,Kedah,2018,2131.4,341976,2,1,0.142857,1
Malayopython reticulatus,Kedah,2018,2131.4,341976,2,0,0.0,0
Naja sumatrana,Kedah,2018,2131.4,341976,2,0,0.0,0
Sus scrofa,Kedah,2018,2131.4,341976,2,0,0.0,0
Varanus salvator,Kedah,2018,2131.4,341976,2,0,0.0,0
Acridotheres tristis,Kuala Lumpur,2018,1982.1,68,2,3,0.272727,1
Corvus splendens,Kuala Lumpur,2018,1982.1,68,2,8,0.727273,1
Macaca fascicularis,Kuala Lumpur,2018,1982.1,68,2,0,0.0,0
Malayopython reticulatus,Kuala Lumpur,2018,1982.1,68,2,0,0.0,0
Naja sumatrana,Kuala Lumpur,2018,1982.1,68,2,0,0.0,0
Sus scrofa,Kuala Lumpur,2018,1982.1,68,2,0,0.0,0
Varanus salvator,Kuala Lumpur,2018,1982.1,68,2,0,0.0,0
Acridotheres tristis,Melaka,2018,998.4,5199,2,3,0.3,1
Corvus splendens,Melaka,2018,998.4,5199,2,7,0.7,1
Macaca fascicularis,Melaka,2018,998.4,5199,2,0,0.0,0
Malayopython reticulatus,Melaka,2018,998.4,5199,2,0,0.0,0
Naja sumatrana,Melaka,2018,998.4,5199,2,0,0.0,0
Sus scrofa,Melaka,2018,998.4,5199,2,0,0.0,0
Varanus salvator,Melaka,2018,998.4,5199,2,0,0.0,0
Acridotheres tristis,Negeri Sembilan,2018,1200.0,155549,2,1,1.0,1
Corvus splendens,Negeri Sembilan,2018,1200.0,155549,2,0,0.0,0
Macaca fascicularis,Negeri Sembilan,2018,1200.0,155549,2,0,0.0,0
Malayopython reticulatus,Negeri Sembilan,2018,1200.0,155549,2,0,0.0,0
Naja sumatrana,Negeri Sembilan,2018,1200.0,155549,2,0,0.0,0
Sus scrofa,Negeri Sembilan,2018,1200.0,155549,2,0,0.0,0
Varanus salvator,Negeri Sembilan,2018,1200.0,155549,2,0,0.0,0
Acridotheres tristis,Pahang,2018,1591.3,1559385,2,11,0.846154,1
Corvus splendens,Pahang,2018,1591.3,1559385,2,2,0.153846,1
Macaca fascicularis,Pahang,2018,1591.3,1559385,2,0,0.0,0
Malayopython reticulatus,Pahang,2018,1591.3,1559385,2,0,0.0,0
Naja sumatrana,Pahang,2018,1591.3,1559385,2,0,0.0,0
Sus scrofa,Pahang,2018,1591.3,1559385,2,0,0.0,0
Varanus salvator,Pahang,2018,1591.3,1559385,2,0,0.0,0
Acridotheres tristis,Perak,2018,2496.0,988914,2,2,0.666667,1
Corvus splendens,Perak,2018,2496.0,988914,2,1,0.333333,1
Macaca fascicularis,Perak,2018,2496.0,988914,2,0,0.0,0
Malayopython reticulatus,Perak,2018,2496.0,988914,2,0,0.0,0
Naja sumatrana,Perak,2018,2496.0,988914,2,0,0.0,0
Sus scrofa,Perak,2018,2496.0,988914,2,0,0.0,0
Varanus salvator,Perak,2018,2496.0,988914,2,0,0.0,0
Acridotheres tristis,Pulau Pinang,2018,1740.4,5101,2,16,0.551724,1
Corvus splendens,Pulau Pinang,2018,1740.4,5101,2,12,0.413793,1
Macaca fascicularis,Pulau Pinang,2018,1740.4,5101,2,1,0.034483,1
Malayopython reticulatus,Pulau Pinang,2018,1740.4,5101,2,0,0.0,0
Naja sumatrana,Pulau Pinang,2018,1740.4,5101,2,0,0.0,0
Sus scrofa,Pulau Pinang,2018,1740.4,5101,2,0,0.0,0
Varanus salvator,Pulau Pinang,2018,1740.4,5101,2,0,0.0,0
Acridotheres tristis,Sabah,2018,3418.8,3540749,2,2,0.105263,1
Corvus splendens,Sabah,2018,3418.8,3540749,2,6,0.315789,1
Macaca fascicularis,Sabah,2018,3418.8,3540749,2,7,0.368421,1
Malayopython reticulatus,Sabah,2018,3418.8,3540749,2,0,0.0,0
Naja sumatrana,Sabah,2018,3418.8,3540749,2,0,0.0,0
Sus scrofa,Sabah,2018,3418.8,3540749,2,0,0.0,0
Varanus salvator,Sabah,2018,3418.8,3540749,2,4,0.210526,1
Acridotheres tristis,Sarawak,2018,2453.7,4209053,2,4,0.5,1
Corvus splendens,Sarawak,2018,2453.7,4209053,2,0,0.0,0
Macaca fascicularis,Sarawak,2018,2453.7,4209053,2,3,0.375,1
Malayopython reticulatus,Sarawak,2018,2453.7,4209053,2,1,0.125,1
Naja sumatrana,Sarawak,2018,2453.7,4209053,2,0,0.0,0
Sus scrofa,Sarawak,2018,2453.7,4209053,2,0,0.0,0
Varanus salvator,Sarawak,2018,2453.7,4209053,2,0,0.0,0
Acridotheres tristis,Selangor,2018,6994.4,250210,2,23,0.396552,1
Corvus splendens,Selangor,2018,6994.4,250210,2,35,0.603448,1
Macaca fascicularis,Selangor,2018,6994.4,250210,2,0,0.0,0
Malayopython reticulatus,Selangor,2018,6994.4,250210,2,0,0.0,0
Naja sumatrana,Selangor,2018,6994.4,250210,2,0,0.0,0
Sus scrofa,Selangor,2018,6994.4,250210,2,0,0.0,0
Varanus salvator,Selangor,2018,6994.4,250210,2,0,0.0,0
Acridotheres tristis,Johor,2018,4009.7,332749,3,6,0.666667,1
Corvus splendens,Johor,2018,4009.7,332749,3,3,0.333333,1
Macaca fascicularis,Johor,2018,4009.7,332749,3,0,0.0,0
Malayopython reticulatus,Johor,2018,4009.7,332749,3,0,0.0,0
Naja sumatrana,Johor,2018,4009.7,332749,3,0,0.0,0
Sus scrofa,Johor,2018,4009.7,332749,3,0,0.0,0
Varanus salvator,Johor,2018,4009.7,332749,3,0,0.0,0
Acridotheres tristis,Kedah,2018,2131.4,341976,3,21,0.724138,1
Corvus splendens,Kedah,2018,2131.4,341976,3,6,0.206897,1
Macaca fascicularis,Kedah,2018,2131.4,341976,3,2,0.068966,1
Malayopython reticulatus,Kedah,2018,2131.4,341976,3,0,0.0,0
Naja sumatrana,Kedah,2018,2131.4,341976,3,0,0.0,0
Sus scrofa,Kedah,2018,2131.4,341976,3,0,0.0,0
Varanus salvator,Kedah,2018,2131.4,341976,3,0,0.0,0
Acridotheres tristis,Kuala Lumpur,2018,1982.1,68,3,6,0.3,1
Corvus splendens,Kuala Lumpur,2018,1982.1,68,3,12,0.6,1
Macaca fascicularis,Kuala Lumpur,2018,1982.1,68,3,1,0.05,1
Malayopython reticulatus,Kuala Lumpur,2018,1982.1,68,3,0,0.0,0
Naja sumatrana,Kuala Lumpur,2018,1982.1,68,3,0,0.0,0
Sus scrofa,Kuala Lumpur,2018,1982.1,68,3,0,0.0,0
Varanus salvator,Kuala Lumpur,2018,1982.1,68,3,1,0.05,1
Acridotheres tristis,Labuan,2018,95.1,0,3,0,0.0,0
Corvus splendens,Labuan,2018,95.1,0,3,0,0.0,0
Macaca fascicularis,Labuan,2018,95.1,0,3,0,0.0,0
Malayopython reticulatus,Labuan,2018,95.1,0,3,1,1.0,1
Naja sumatrana,Labuan,2018,95.1,0,3,0,0.0,0
Sus scrofa,Labuan,2018,95.1,0,3,0,0.0,0
Varanus salvator,Labuan,2018,95.1,0,3,0,0.0,0
Acridotheres tristis,Melaka,2018,998.4,5199,3,1,0.333333,1
Corvus splendens,Melaka,2018,998.4,5199,3,2,0.666667,1
Macaca fascicularis,Melaka,2018,998.4,5199,3,0,0.0,0
Malayopython reticulatus,Melaka,2018,998.4,5199,3,0,0.0,0
Naja sumatrana,Melaka,2018,998.4,5199,3,0,0.0,0
Sus scrofa,Melaka,2018,998.4,5199,3,0,0.0,0
Varanus salvator,Melaka,2018,998.4,5199,3,0,0.0,0
Acridotheres tristis,Negeri Sembilan,2018,1200.0,155549,3,16,0.727273,1
Corvus splendens,Negeri Sembilan,2018,1200.0,155549,3,2,0.090909,1
Macaca fascicularis,Negeri Sembilan,2018,1200.0,155549,3,3,0.136364,1
Malayopython reticulatus,Negeri Sembilan,2018,1200.0,155549,3,0,0.0,0
Naja sumatrana,Negeri Sembilan,2018,1200.0,155549,3,1,0.045455,1
Sus scrofa,Negeri Sembilan,2018,1200.0,155549,3,0,0.0,0
Varanus salvator,Negeri Sembilan,2018,1200.0,155549,3,0,0.0,0
Acridotheres tristis,Pahang,2018,1591.3,1559385,3,8,0.296296,1
Corvus splendens,Pahang,2018,1591.3,1559385,3,7,0.259259,1
Macaca fascicularis,Pahang,2018,1591.3,1559385,3,4,0.148148,1
Malayopython reticulatus,Pahang,2018,1591.3,1559385,3,0,0.0,0
Naja sumatrana,Pahang,2018,1591.3,1559385,3,0,0.0,0
Sus scrofa,Pahang,2018,1591.3,1559385,3,5,0.185185,1
Varanus salvator,Pahang,2018,1591.3,1559385,3,3,0.111111,1
Acridotheres tristis,Perak,2018,2496.0,988914,3,4,1.0,1
Corvus splendens,Perak,2018,2496.0,988914,3,0,0.0,0
Macaca fascicularis,Perak,2018,2496.0,988914,3,0,0.0,0
Malayopython reticulatus,Perak,2018,2496.0,988914,3,0,0.0,0
Naja sumatrana,Perak,2018,2496.0,988914,3,0,0.0,0
Sus scrofa,Perak,2018,2496.0,988914,3,0,0.0,0
Varanus salvator,Perak,2018,2496.0,988914,3,0,0.0,0
Acridotheres tristis,Perlis,2018,284.9,10615,3,2,1.0,1
Corvus splendens,Perlis,2018,284.9,10615,3,0,0.0,0
Macaca fascicularis,Perlis,2018,284.9,10615,3,0,0.0,0
Malayopython reticulatus,Perlis,2018,284.9,10615,3,0,0.0,0
Naja sumatrana,Perlis,2018,284.9,10615,3,0,0.0,0
Sus scrofa,Perlis,2018,284.9,10615,3,0,0.0,0
Varanus salvator,Perlis,2018,284.9,10615,3,0,0.0,0
Acridotheres tristis,Pulau Pinang,2018,1740.4,5101,3,28,0.518519,1
Corvus splendens,Pulau Pinang,2018,1740.4,5101,3,16,0.296296,1
Macaca fascicularis,Pulau Pinang,2018,1740.4,5101,3,6,0.111111,1
Malayopython reticulatus,Pulau Pinang,2018,1740.4,5101,3,0,0.0,0
Naja sumatrana,Pulau Pinang,2018,1740.4,5101,3,0,0.0,0
Sus scrofa,Pulau Pinang,2018,1740.4,5101,3,0,0.0,0
Varanus salvator,Pulau Pinang,2018,1740.4,5101,3,4,0.074074,1
Acridotheres tristis,Putrajaya,2018,109.2,0,3,0,0.0,0
Corvus splendens,Putrajaya,2018,109.2,0,3,1,1.0,1
Macaca fascicularis,Putrajaya,2018,109.2,0,3,0,0.0,0
Malayopython reticulatus,Putrajaya,2018,109.2,0,3,0,0.0,0
Naja sumatrana,Putrajaya,2018,109.2,0,3,0,0.0,0
Sus scrofa,Putrajaya,2018,109.2,0,3,0,0.0,0
Varanus salvator,Putrajaya,2018,109.2,0,3,0,0.0,0
Acridotheres tristis,Sabah,2018,3418.8,3540749,3,6,0.206897,1
Corvus splendens,Sabah,2018,3418.8,3540749,3,8,0.275862,1
Macaca fascicularis,Sabah,2018,3418.8,3540749,3,8,0.275862,1
Malayopython reticulatus,Sabah,2018,3418.8,3540749,3,0,0.0,0
Naja sumatrana,Sabah,2018,3418.8,3540749,3,0,0.0,0
Sus scrofa,Sabah,2018,3418.8,3540749,3,0,0.0,0
Varanus salvator,Sabah,2018,3418.8,3540749,3,7,0.241379,1
Acridotheres tristis,Sarawak,2018,2453.7,4209053,3,2,1.0,1
Corvus splendens,Sarawak,2018,2453.7,4209053,3,0,0.0,0
Macaca fascicularis,Sarawak,2018,2453.7,4209053,3,0,0.0,0
Malayopython reticulatus,Sarawak,2018,2453.7,4209053,3,0,0.0,0
Naja sumatrana,Sarawak,2018,2453.7,4209053,3,0,0.0,0
Sus scrofa,Sarawak,2018,2453.7,4209053,3,0,0.0,0
Varanus salvator,Sarawak,2018,2453.7,4209053,3,0,0.0,0
Acridotheres tristis,Selangor,2018,6994.4,250210,3,26,0.371429,1
Corvus splendens,Selangor,2018,6994.4,250210,3,40,0.571429,1
Macaca fascicularis,Selangor,2018,6994.4,250210,3,2,0.028571,1
Malayopython reticulatus,Selangor,2018,6994.4,250210,3,0,0.0,0
Naja sumatrana,Selangor,2018,6994.4,250210,3,0,0.0,0
Sus scrofa,Selangor,2018,6994.4,250210,3,0,0.0,0
Varanus salvator,Selangor,2018,6994.4,250210,3,2,0.028571,1
Acridotheres tristis,Terengganu,2018,1149.4,540309,3,0,0.0,0
Corvus splendens,Terengganu,2018,1149.4,540309,3,0,0.0,0
Macaca fascicularis,Terengganu,2018,1149.4,540309,3,0,0.0,0
Malayopython reticulatus,Terengganu,2018,1149.4,540309,3,0,0.0,0
Naja sumatrana,Terengganu,2018,1149.4,540309,3,0,0.0,0
Sus scrofa,Terengganu,2018,1149.4,540309,3,0,0.0,0
Varanus salvator,Terengganu,2018,1149.4,540309,3,1,1.0,1
Acridotheres tristis,Johor,2018,4009.7,332749,4,13,0.5,1
Corvus splendens,Johor,2018,4009.7,332749,4,11,0.423077,1
Macaca fascicularis,Johor,2018,4009.7,332749,4,0,0.0,0
Malayopython reticulatus,Johor,2018,4009.7,332749,4,0,0.0,0
Naja sumatrana,Johor,2018,4009.7,332749,4,1,0.038462,1
Sus scrofa,Johor,2018,4009.7,332749,4,1,0.038462,1
Varanus salvator,Johor,2018,4009.7,332749,4,0,0.0,0
Acridotheres tristis,Kedah,2018,2131.4,341976,4,6,1.0,1
Corvus splendens,Kedah,2018,2131.4,341976,4,0,0.0,0
Macaca fascicularis,Kedah,2018,2131.4,341976,4,0,0.0,0
Malayopython reticulatus,Kedah,2018,2131.4,341976,4,0,0.0,0
Naja sumatrana,Kedah,2018,2131.4,341976,4,0,0.0,0
Sus scrofa,Kedah,2018,2131.4,341976,4,0,0.0,0
Varanus salvator,Kedah,2018,2131.4,341976,4,0,0.0,0
Acridotheres tristis,Kelantan,2018,1792.5,613275,4,2,1.0,1
Corvus splendens,Kelantan,2018,1792.5,613275,4,0,0.0,0
Macaca fascicularis,Kelantan,2018,1792.5,613275,4,0,0.0,0
Malayopython reticulatus,Kelantan,2018,1792.5,613275,4,0,0.0,0
Naja sumatrana,Kelantan,2018,1792.5,613275,4,0,0.0,0
Sus scrofa,Kelantan,2018,1792.5,613275,4,0,0.0,0
Varanus salvator,Kelantan,2018,1792.5,613275,4,0,0.0,0
Acridotheres tristis,Kuala Lumpur,2018,1982.1,68,4,19,0.44186,1
Corvus splendens,Kuala Lumpur,2018,1982.1,68,4,8,0.186047,1
Macaca fascicularis,Kuala Lumpur,2018,1982.1,68,4,13,0.302326,1
Malayopython reticulatus,Kuala Lumpur,2018,1982.1,68,4,0,0.0,0
Naja sumatrana,Kuala Lumpur,2018,1982.1,68,4,1,0.023256,1
Sus scrofa,Kuala Lumpur,2018,1982.1,68,4,0,0.0,0
Varanus salvator,Kuala Lumpur,2018,1982.1,68,4,2,0.046512,1
Acridotheres tristis,Negeri Sembilan,2018,1200.0,155549,4,1,0.5,1
Corvus splendens,Negeri Sembilan,2018,1200.0,155549,4,0,0.0,0
Macaca fascicularis,Negeri Sembilan,2018,1200.0,155549,4,1,0.5,1
Malayopython reticulatus,Negeri Sembilan,2018,1200.0,155549,4,0,0.0,0
Naja sumatrana,Negeri Sembilan,2018,1200.0,155549,4,0,0.0,0
Sus scrofa,Negeri Sembilan,2018,1200.0,155549,4,0,0.0,0
Varanus salvator,Negeri Sembilan,2018,1200.0,155549,4,0,0.0,0
Acridotheres tristis,Pahang,2018,1591.3,1559385,4,9,0.529412,1
Corvus splendens,Pahang,2018,1591.3,1559385,4,5,0.294118,1
Macaca fascicularis,Pahang,2018,1591.3,1559385,4,3,0.176471,1
Malayopython reticulatus,Pahang,2018,1591.3,1559385,4,0,0.0,0
Naja sumatrana,Pahang,2018,1591.3,1559385,4,0,0.0,0
Sus scrofa,Pahang,2018,1591.3,1559385,4,0,0.0,0
Varanus salvator,Pahang,2018,1591.3,1559385,4,0,0.0,0
Acridotheres tristis,Perak,2018,2496.0,988914,4,7,1.0,1
Corvus splendens,Perak,2018,2496.0,988914,4,0,0.0,0
Macaca fascicularis,Perak,2018,2496.0,988914,4,0,0.0,0
Malayopython reticulatus,Perak,2018,2496.0,988914,4,0,0.0,0
Naja sumatrana,Perak,2018,2496.0,988914,4,0,0.0,0
Sus scrofa,Perak,2018,2496.0,988914,4,0,0.0,0
Varanus salvator,Perak,2018,2496.0,988914,4,0,0.0,0
Acridotheres tristis,Pulau Pinang,2018,1740.4,5101,4,30,0.6,1
Corvus splendens,Pulau Pinang,2018,1740.4,5101,4,20,0.4,1
Macaca fascicularis,Pulau Pinang,2018,1740.4,5101,4,0,0.0,0
Malayopython reticulatus,Pulau Pinang,2018,1740.4,5101,4,0,0.0,0
Naja sumatrana,Pulau Pinang,2018,1740.4,5101,4,0,0.0,0
Sus scrofa,Pulau Pinang,2018,1740.4,5101,4,0,0.0,0
Varanus salvator,Pulau Pinang,2018,1740.4,5101,4,0,0.0,0
Acridotheres tristis,Putrajaya,2018,109.2,0,4,0,0.0,0
Corvus splendens,Putrajaya,2018,109.2,0,4,2,1.0,1
Macaca fascicularis,Putrajaya,2018,109.2,0,4,0,0.0,0
Malayopython reticulatus,Putrajaya,2018,109.2,0,4,0,0.0,0
Naja sumatrana,Putrajaya,2018,109.2,0,4,0,0.0,0
Sus scrofa,Putrajaya,2018,109.2,0,4,0,0.0,0
Varanus salvator,Putrajaya,2018,109.2,0,4,0,0.0,0
Acridotheres tristis,Sabah,2018,3418.8,3540749,4,2,0.1,1
Corvus splendens,Sabah,2018,3418.8,3540749,4,1,0.05,1
Macaca fascicularis,Sabah,2018,3418.8,3540749,4,7,0.35,1
Malayopython reticulatus,Sabah,2018,3418.8,3540749,4,0,0.0,0
Naja sumatrana,Sabah,2018,3418.8,3540749,4,0,0.0,0
Sus scrofa,Sabah,2018,3418.8,3540749,4,0,0.0,0
Varanus salvator,Sabah,2018,3418.8,3540749,4,10,0.5,1
Acridotheres tristis,Sarawak,2018,2453.7,4209053,4,11,1.0,1
Corvus splendens,Sarawak,2018,2453.7,4209053,4,0,0.0,0
Macaca fascicularis,Sarawak,2018,2453.7,4209053,4,0,0.0,0
Malayopython reticulatus,Sarawak,2018,2453.7,4209053,4,0,0.0,0
Naja sumatrana,Sarawak,2018,2453.7,4209053,4,0,0.0,0
Sus scrofa,Sarawak,2018,2453.7,4209053,4,0,0.0,0
Varanus salvator,Sarawak,2018,2453.7,4209053,4,0,0.0,0
Acridotheres tristis,Selangor,2018,6994.4,250210,4,35,0.376344,1
Corvus splendens,Selangor,2018,6994.4,250210,4,44,0.473118,1
Macaca fascicularis,Selangor,2018,6994.4,250210,4,12,0.129032,1
Malayopython reticulatus,Selangor,2018,6994.4,250210,4,0,0.0,0
Naja sumatrana,Selangor,2018,6994.4,250210,4,0,0.0,0
Sus scrofa,Selangor,2018,6994.4,250210,4,0,0.0,0
Varanus salvator,Selangor,2018,6994.4,250210,4,2,0.021505,1
Acridotheres tristis,Terengganu,2018,1149.4,540309,4,0,0.0,0
Corvus splendens,Terengganu,2018,1149.4,540309,4,0,0.0,0
Macaca fascicularis,Terengganu,2018,1149.4,540309,4,1,1.0,1
Malayopython reticulatus,Terengganu,2018,1149.4,540309,4,0,0.0,0
Naja sumatrana,Terengganu,2018,1149.4,540309,4,0,0.0,0
Sus scrofa,Terengganu,2018,1149.4,540309,4,0,0.0,0
Varanus salvator,Terengganu,2018,1149.4,540309,4,0,0.0,0
Acridotheres tristis,Johor,2018,4009.7,332749,5,11,0.52381,1
Corvus splendens,Johor,2018,4009.7,332749,5,10,0.47619,1
Macaca fascicularis,Johor,2018,4009.7,332749,5,0,0.0,0
Malayopython reticulatus,Johor,2018,4009.7,332749,5,0,0.0,0
Naja sumatrana,Johor,2018,4009.7,332749,5,0,0.0,0
Sus scrofa,Johor,2018,4009.7,332749,5,0,0.0,0
Varanus salvator,Johor,2018,4009.7,332749,5,0,0.0,0
Acridotheres tristis,Kedah,2018,2131.4,341976,5,14,0.875,1
Corvus splendens,Kedah,2018,2131.4,341976,5,2,0.125,1
Macaca fascicularis,Kedah,2018,2131.4,341976,5,0,0.0,0
Malayopython reticulatus,Kedah,2018,2131.4,341976,5,0,0.0,0
Naja sumatrana,Kedah,2018,2131.4,341976,5,0,0.0,0
Sus scrofa,Kedah,2018,2131.4,341976,5,0,0.0,0
Varanus salvator,Kedah,2018,2131.4,341976,5,0,0.0,0
Acridotheres tristis,Kelantan,2018,1792.5,613275,5,1,1.0,1
Corvus splendens,Kelantan,2018,1792.5,613275,5,0,0.0,0
Macaca fascicularis,Kelantan,2018,1792.5,613275,5,0,0.0,0
Malayopython reticulatus,Kelantan,2018,1792.5,613275,5,0,0.0,0
Naja sumatrana,Kelantan,2018,1792.5,613275,5,0,0.0,0
Sus scrofa,Kelantan,2018,1792.5,613275,5,0,0.0,0
Varanus salvator,Kelantan,2018,1792.5,613275,5,0,0.0,0
Acridotheres tristis,Kuala Lumpur,2018,1982.1,68,5,8,0.5,1
Corvus splendens,Kuala Lumpur,2018,1982.1,68,5,8,0.5,1
Macaca fascicularis,Kuala Lumpur,2018,1982.1,68,5,0,0.0,0
Malayopython reticulatus,Kuala Lumpur,2018,1982.1,68,5,0,0.0,0
Naja sumatrana,Kuala Lumpur,2018,1982.1,68,5,0,0.0,0
Sus scrofa,Kuala Lumpur,2018,1982.1,68,5,0,0.0,0
Varanus salvator,Kuala Lumpur,2018,1982.1,68,5,0,0.0,0
Acridotheres tristis,Negeri Sembilan,2018,1200.0,155549,5,5,0.833333,1
Corvus splendens,Negeri Sembilan,2018,1200.0,155549,5,1,0.166667,1
Macaca fascicularis,Negeri Sembilan,2018,1200.0,155549,5,0,0.0,0
Malayopython reticulatus,Negeri Sembilan,2018,1200.0,155549,5,0,0.0,0
Naja sumatrana,Negeri Sembilan,2018,1200.0,155549,5,0,0.0,0
Sus scrofa,Negeri Sembilan,2018,1200.0,155549,5,0,0.0,0
Varanus salvator,Negeri Sembilan,2018,1200.0,155549,5,0,0.0,0
Acridotheres tristis,Pahang,2018,1591.3,1559385,5,10,0.588235,1
Corvus splendens,Pahang,2018,1591.3,1559385,5,6,0.352941,1
Macaca fascicularis,Pahang,2018,1591.3,1559385,5,1,0.058824,1
Malayopython reticulatus,Pahang,2018,1591.3,1559385,5,0,0.0,0
Naja sumatrana,Pahang,2018,1591.3,1559385,5,0,0.0,0
Sus scrofa,Pahang,2018,1591.3,1559385,5,0,0.0,0
Varanus salvator,Pahang,2018,1591.3,1559385,5,0,0.0,0
Acridotheres tristis,Perak,2018,2496.0,988914,5,14,1.0,1
Corvus splendens,Perak,2018,2496.0,988914,5,0,0.0,0
Macaca fascicularis,Perak,2018,2496.0,988914,5,0,0.0,0
Malayopython reticulatus,Perak,2018,2496.0,988914,5,0,0.0,0
Naja sumatrana,Perak,2018,2496.0,988914,5,0,0.0,0
Sus scrofa,Perak,2018,2496.0,988914,5,0,0.0,0
Varanus salvator,Perak,2018,2496.0,988914,5,0,0.0,0
Acridotheres tristis,Pulau Pinang,2018,1740.4,5101,5,38,0.678571,1
Corvus splendens,Pulau Pinang,2018,1740.4,5101,5,16,0.285714,1
Macaca fascicularis,Pulau Pinang,2018,1740.4,5101,5,0,0.0,0
Malayopython reticulatus,Pulau Pinang,2018,1740.4,5101,5,0,0.0,0
Naja sumatrana,Pulau Pinang,2018,1740.4,5101,5,0,0.0,0
Sus scrofa,Pulau Pinang,2018,1740.4,5101,5,0,0.0,0
Varanus salvator,Pulau Pinang,2018,1740.4,5101,5,2,0.035714,1
Acridotheres tristis,Putrajaya,2018,109.2,0,5,1,0.5,1
Corvus splendens,Putrajaya,2018,109.2,0,5,1,0.5,1
Macaca fascicularis,Putrajaya,2018,109.2,0,5,0,0.0,0
Malayopython reticulatus,Putrajaya,2018,109.2,0,5,0,0.0,0
Naja sumatrana,Putrajaya,2018,109.2,0,5,0,0.0,0
Sus scrofa,Putrajaya,2018,109.2,0,5,0,0.0,0
Varanus salvator,Putrajaya,2018,109.2,0,5,0,0.0,0
Acridotheres tristis,Sabah,2018,3418.8,3540749,5,0,0.0,0
Corvus splendens,Sabah,2018,3418.8,3540749,5,7,0.107692,1
Macaca fascicularis,Sabah,2018,3418.8,3540749,5,41,0.630769,1
Malayopython reticulatus,Sabah,2018,3418.8,3540749,5,1,0.015385,1
Naja sumatrana,Sabah,2018,3418.8,3540749,5,0,0.0,0
Sus scrofa,Sabah,2018,3418.8,3540749,5,0,0.0,0
Varanus salvator,Sabah,2018,3418.8,3540749,5,16,0.246154,1
Acridotheres tristis,Sarawak,2018,2453.7,4209053,5,12,0.75,1
Corvus splendens,Sarawak,2018,2453.7,4209053,5,0,0.0,0
Macaca fascicularis,Sarawak,2018,2453.7,4209053,5,2,0.125,1
Malayopython reticulatus,Sarawak,2018,2453.7,4209053,5,0,0.0,0
Naja sumatrana,Sarawak,2018,2453.7,4209053,5,0,0.0,0
Sus scrofa,Sarawak,2018,2453.7,4209053,5,0,0.0,0
Varanus salvator,Sarawak,2018,2453.7,4209053,5,2,0.125,1
Acridotheres tristis,Selangor,2018,6994.4,250210,5,26,0.40625,1
Corvus splendens,Selangor,2018,6994.4,250210,5,33,0.515625,1
Macaca fascicularis,Selangor,2018,6994.4,250210,5,3,0.046875,1
Malayopython reticulatus,Selangor,2018,6994.4,250210,5,0,0.0,0
Naja sumatrana,Selangor,2018,6994.4,250210,5,0,0.0,0
Sus scrofa,Selangor,2018,6994.4,250210,5,0,0.0,0
Varanus salvator,Selangor,2018,6994.4,250210,5,2,0.03125,1
Acridotheres tristis,Johor,2018,4009.7,332749,6,8,0.533333,1
Corvus splendens,Johor,2018,4009.7,332749,6,6,0.4,1
Macaca fascicularis,Johor,2018,4009.7,332749,6,0,0.0,0
Malayopython reticulatus,Johor,2018,4009.7,332749,6,1,0.066667,1
Naja sumatrana,Johor,2018,4009.7,332749,6,0,0.0,0
Sus scrofa,Johor,2018,4009.7,332749,6,0,0.0,0
Varanus salvator,Johor,2018,4009.7,332749,6,0,0.0,0
Acridotheres tristis,Kedah,2018,2131.4,341976,6,7,1.0,1
Corvus splendens,Kedah,2018,2131.4,341976,6,0,0.0,0
Macaca fascicularis,Kedah,2018,2131.4,341976,6,0,0.0,0
Malayopython reticulatus,Kedah,2018,2131.4,341976,6,0,0.0,0
Naja sumatrana,Kedah,2018,2131.4,341976,6,0,0.0,0
Sus scrofa,Kedah,2018,2131.4,341976,6,0,0.0,0
Varanus salvator,Kedah,2018,2131.4,341976,6,0,0.0,0
Acridotheres tristis,Kelantan,2018,1792.5,613275,6,1,1.0,1
Corvus splendens,Kelantan,2018,1792.5,613275,6,0,0.0,0
Macaca fascicularis,Kelantan,2018,1792.5,613275,6,0,0.0,0
Malayopython reticulatus,Kelantan,2018,1792.5,613275,6,0,0.0,0
Naja sumatrana,Kelantan,2018,1792.5,613275,6,0,0.0,0
Sus scrofa,Kelantan,2018,1792.5,613275,6,0,0.0,0
Varanus salvator,Kelantan,2018,1792.5,613275,6,0,0.0,0
Acridotheres tristis,Kuala Lumpur,2018,1982.1,68,6,12,0.5,1
Corvus splendens,Kuala Lumpur,2018,1982.1,68,6,12,0.5,1
Macaca fascicularis,Kuala Lumpur,2018,1982.1,68,6,0,0.0,0
Malayopython reticulatus,Kuala Lumpur,2018,1982.1,68,6,0,0.0,0
Naja sumatrana,Kuala Lumpur,2018,1982.1,68,6,0,0.0,0
Sus scrofa,Kuala Lumpur,2018,1982.1,68,6,0,0.0,0
Varanus salvator,Kuala Lumpur,2018,1982.1,68,6,0,0.0,0
Acridotheres tristis,Melaka,2018,998.4,5199,6,4,0.571429,1
Corvus splendens,Melaka,2018,998.4,5199,6,3,0.428571,1
Macaca fascicularis,Melaka,2018,998.4,5199,6,0,0.0,0
Malayopython reticulatus,Melaka,2018,998.4,5199,6,0,0.0,0
Naja sumatrana,Melaka,2018,998.4,5199,6,0,0.0,0
Sus scrofa,Melaka,2018,998.4,5199,6,0,0.0,0
Varanus salvator,Melaka,2018,998.4,5199,6,0,0.0,0
Acridotheres tristis,Negeri Sembilan,2018,1200.0,155549,6,1,0.333333,1
Corvus splendens,Negeri Sembilan,2018,1200.0,155549,6,2,0.666667,1
Macaca fascicularis,Negeri Sembilan,2018,1200.0,155549,6,0,0.0,0
Malayopython reticulatus,Negeri Sembilan,2018,1200.0,155549,6,0,0.0,0
Naja sumatrana,Negeri Sembilan,2018,1200.0,155549,6,0,0.0,0
Sus scrofa,Negeri Sembilan,2018,1200.0,155549,6,0,0.0,0
Varanus salvator,Negeri Sembilan,2018,1200.0,155549,6,0,0.0,0
Acridotheres tristis,Pahang,2018,1591.3,1559385,6,17,0.894737,1
Corvus splendens,Pahang,2018,1591.3,1559385,6,0,0.0,0
Macaca fascicularis,Pahang,2018,1591.3,1559385,6,2,0.105263,1
Malayopython reticulatus,Pahang,2018,1591.3,1559385,6,0,0.0,0
Naja sumatrana,Pahang,2018,1591.3,1559385,6,0,0.0,0
Sus scrofa,Pahang,2018,1591.3,1559385,6,0,0.0,0
Varanus salvator,Pahang,2018,1591.3,1559385,6,0,0.0,0
Acridotheres tristis,Perak,2018,2496.0,988914,6,5,1.0,1
Corvus splendens,Perak,2018,2496.0,988914,6,0,0.0,0
Macaca fascicularis,Perak,2018,2496.0,988914,6,0,0.0,0
Malayopython reticulatus,Perak,2018,2496.0,988914,6,0,0.0,0
Naja sumatrana,Perak,2018,2496.0,988914,6,0,0.0,0
Sus scrofa,Perak,2018,2496.0,988914,6,0,0.0,0
Varanus salvator,Perak,2018,2496.0,988914,6,0,0.0,0
Acridotheres tristis,Perlis,2018,284.9,10615,6,1,1.0,1
Corvus splendens,Perlis,2018,284.9,10615,6,0,0.0,0
Macaca fascicularis,Perlis,2018,284.9,10615,6,0,0.0,0
Malayopython reticulatus,Perlis,2018,284.9,10615,6,0,0.0,0
Naja sumatrana,Perlis,2018,284.9,10615,6,0,0.0,0
Sus scrofa,Perlis,2018,284.9,10615,6,0,0.0,0
Varanus salvator,Perlis,2018,284.9,10615,6,0,0.0,0
Acridotheres tristis,Pulau Pinang,2018,1740.4,5101,6,20,0.666667,1
Corvus splendens,Pulau Pinang,2018,1740.4,5101,6,10,0.333333,1
Macaca fascicularis,Pulau Pinang,2018,1740.4,5101,6,0,0.0,0
Malayopython reticulatus,Pulau Pinang,2018,1740.4,5101,6,0,0.0,0
Naja sumatrana,Pulau Pinang,2018,1740.4,5101,6,0,0.0,0
Sus scrofa,Pulau Pinang,2018,1740.4,5101,6,0,0.0,0
Varanus salvator,Pulau Pinang,2018,1740.4,5101,6,0,0.0,0
Acridotheres tristis,Putrajaya,2018,109.2,0,6,2,0.5,1
Corvus splendens,Putrajaya,2018,109.2,0,6,2,0.5,1
Macaca fascicularis,Putrajaya,2018,109.2,0,6,0,0.0,0
Malayopython reticulatus,Putrajaya,2018,109.2,0,6,0,0.0,0
Naja sumatrana,Putrajaya,2018,109.2,0,6,0,0.0,0
Sus scrofa,Putrajaya,2018,109.2,0,6,0,0.0,0
Varanus salvator,Putrajaya,2018,109.2,0,6,0,0.0,0
Acridotheres tristis,Sabah,2018,3418.8,3540749,6,2,0.095238,1
Corvus splendens,Sabah,2018,3418.8,3540749,6,1,0.047619,1
Macaca fascicularis,Sabah,2018,3418.8,3540749,6,9,0.428571,1
Malayopython reticulatus,Sabah,2018,3418.8,3540749,6,2,0.095238,1
Naja sumatrana,Sabah,2018,3418.8,3540749,6,0,0.0,0
Sus scrofa,Sabah,2018,3418.8,3540749,6,0,0.0,0
Varanus salvator,Sabah,2018,3418.8,3540749,6,7,0.333333,1
Acridotheres tristis,Sarawak,2018,2453.7,4209053,6,3,0.333333,1
Corvus splendens,Sarawak,2018,2453.7,4209053,6,0,0.0,0
Macaca fascicularis,Sarawak,2018,2453.7,4209053,6,3,0.333333,1
Malayopython reticulatus,Sarawak,2018,2453.7,4209053,6,0,0.0,0
Naja sumatrana,Sarawak,2018,2453.7,4209053,6,0,0.0,0
Sus scrofa,Sarawak,2018,2453.7,4209053,6,0,0.0,0
Varanus salvator,Sarawak,2018,2453.7,4209053,6,3,0.333333,1
Acridotheres tristis,Selangor,2018,6994.4,250210,6,8,0.4,1
Corvus splendens,Selangor,2018,6994.4,250210,6,11,0.55,1
Macaca fascicularis,Selangor,2018,6994.4,250210,6,1,0.05,1
Malayopython reticulatus,Selangor,2018,6994.4,250210,6,0,0.0,0
Naja sumatrana,Selangor,2018,6994.4,250210,6,0,0.0,0
Sus scrofa,Selangor,2018,6994.4,250210,6,0,0.0,0
Varanus salvator,Selangor,2018,6994.4,250210,6,0,0.0,0
Acridotheres tristis,Johor,2018,4009.7,332749,7,5,0.25,1
Corvus splendens,Johor,2018,4009.7,332749,7,14,0.7,1
Macaca fascicularis,Johor,2018,4009.7,332749,7,0,0.0,0
Malayopython reticulatus,Johor,2018,4009.7,332749,7,0,0.0,0
Naja sumatrana,Johor,2018,4009.7,332749,7,0,0.0,0
Sus scrofa,Johor,2018,4009.7,332749,7,0,0.0,0
Varanus salvator,Johor,2018,4009.7,332749,7,1,0.05,1
Acridotheres tristis,Kedah,2018,2131.4,341976,7,12,0.75,1
Corvus splendens,Kedah,2018,2131.4,341976,7,4,0.25,1
Macaca fascicularis,Kedah,2018,2131.4,341976,7,0,0.0,0
Malayopython reticulatus,Kedah,2018,2131.4,341976,7,0,0.0,0
Naja sumatrana,Kedah,2018,2131.4,341976,7,0,0.0,0
Sus scrofa,Kedah,2018,2131.4,341976,7,0,0.0,0
Varanus salvator,Kedah,2018,2131.4,341976,7,0,0.0,0
Acridotheres tristis,Kelantan,2018,1792.5,613275,7,1,0.5,1
Corvus splendens,Kelantan,2018,1792.5,613275,7,1,0.5,1
Macaca fascicularis,Kelantan,2018,1792.5,613275,7,0,0.0,0
Malayopython reticulatus,Kelantan,2018,1792.5,613275,7,0,0.0,0
Naja sumatrana,Kelantan,2018,1792.5,613275,7,0,0.0,0
Sus scrofa,Kelantan,2018,1792.5,613275,7,0,0.0,0
Varanus salvator,Kelantan,2018,1792.5,613275,7,0,0.0,0
Acridotheres tristis,Kuala Lumpur,2018,1982.1,68,7,14,0.56,1
Corvus splendens,Kuala Lumpur,2018,1982.1,68,7,11,0.44,1
Macaca fascicularis,Kuala Lumpur,2018,1982.1,68,7,0,0.0,0
Malayopython reticulatus,Kuala Lumpur,2018,1982.1,68,7,0,0.0,0
Naja sumatrana,Kuala Lumpur,2018,1982.1,68,7,0,0.0,0
Sus scrofa,Kuala Lumpur,2018,1982.1,68,7,0,0.0,0
Varanus salvator,Kuala Lumpur,2018,1982.1,68,7,0,0.0,0
Acridotheres tristis,Melaka,2018,998.4,5199,7,2,0.333333,1
Corvus splendens,Melaka,2018,998.4,5199,7,4,0.666667,1
Macaca fascicularis,Melaka,2018,998.4,5199,7,0,0.0,0
Malayopython reticulatus,Melaka,2018,998.4,5199,7,0,0.0,0
Naja sumatrana,Melaka,2018,998.4,5199,7,0,0.0,0
Sus scrofa,Melaka,2018,998.4,5199,7,0,0.0,0
Varanus salvator,Melaka,2018,998.4,5199,7,0,0.0,0
Acridotheres tristis,Negeri Sembilan,2018,1200.0,155549,7,1,1.0,1
Corvus splendens,Negeri Sembilan,2018,1200.0,155549,7,0,0.0,0
Macaca fascicularis,Negeri Sembilan,2018,1200.0,155549,7,0,0.0,0
Malayopython reticulatus,Negeri Sembilan,2018,1200.0,155549,7,0,0.0,0
Naja sumatrana,Negeri Sembilan,2018,1200.0,155549,7,0,0.0,0
Sus scrofa,Negeri Sembilan,2018,1200.0,155549,7,0,0.0,0
Varanus salvator,Negeri Sembilan,2018,1200.0,155549,7,0,0.0,0
Acridotheres tristis,Pahang,2018,1591.3,1559385,7,20,0.869565,1
Corvus splendens,Pahang,2018,1591.3,1559385,7,2,0.086957,1
Macaca fascicularis,Pahang,2018,1591.3,1559385,7,1,0.043478,1
Malayopython reticulatus,Pahang,2018,1591.3,1559385,7,0,0.0,0
Naja sumatrana,Pahang,2018,1591.3,1559385,7,0,0.0,0
Sus scrofa,Pahang,2018,1591.3,1559385,7,0,0.0,0
Varanus salvator,Pahang,2018,1591.3,1559385,7,0,0.0,0
Acridotheres tristis,Perak,2018,2496.0,988914,7,2,0.5,1
Corvus splendens,Perak,2018,2496.0,988914,7,2,0.5,1
Macaca fascicularis,Perak,2018,2496.0,988914,7,0,0.0,0
Malayopython reticulatus,Perak,2018,2496.0,988914,7,0,0.0,0
Naja sumatrana,Perak,2018,2496.0,988914,7,0,0.0,0
Sus scrofa,Perak,2018,2496.0,988914,7,0,0.0,0
Varanus salvator,Perak,2018,2496.0,988914,7,0,0.0,0
Acridotheres tristis,Pulau Pinang,2018,1740.4,5101,7,21,0.4375,1
Corvus splendens,Pulau Pinang,2018,1740.4,5101,7,25,0.520833,1
Macaca fascicularis,Pulau Pinang,2018,1740.4,5101,7,1,0.020833,1
Malayopython reticulatus,Pulau Pinang,2018,1740.4,5101,7,0,0.0,0
Naja sumatrana,Pulau Pinang,2018,1740.4,5101,7,0,0.0,0
Sus scrofa,Pulau Pinang,2018,1740.4,5101,7,0,0.0,0
Varanus salvator,Pulau Pinang,2018,1740.4,5101,7,1,0.020833,1
Acridotheres tristis,Putrajaya,2018,109.2,0,7,1,0.166667,1
Corvus splendens,Putrajaya,2018,109.2,0,7,5,0.833333,1
Macaca fascicularis,Putrajaya,2018,109.2,0,7,0,0.0,0
Malayopython reticulatus,Putrajaya,2018,109.2,0,7,0,0.0,0
Naja sumatrana,Putrajaya,2018,109.2,0,7,0,0.0,0
Sus scrofa,Putrajaya,2018,109.2,0,7,0,0.0,0
Varanus salvator,Putrajaya,2018,109.2,0,7,0,0.0,0
Acridotheres tristis,Sabah,2018,3418.8,3540749,7,8,0.163265,1
Corvus splendens,Sabah,2018,3418.8,3540749,7,9,0.183673,1
Macaca fascicularis,Sabah,2018,3418.8,3540749,7,22,0.44898,1
Malayopython reticulatus,Sabah,2018,3418.8,3540749,7,2,0.040816,1
Naja sumatrana,Sabah,2018,3418.8,3540749,7,0,0.0,0
Sus scrofa,Sabah,2018,3418.8,3540749,7,0,0.0,0
Varanus salvator,Sabah,2018,3418.8,3540749,7,8,0.163265,1
Acridotheres tristis,Sarawak,2018,2453.7,4209053,7,13,0.764706,1
Corvus splendens,Sarawak,2018,2453.7,4209053,7,0,0.0,0
Macaca fascicularis,Sarawak,2018,2453.7,4209053,7,2,0.117647,1
Malayopython reticulatus,Sarawak,2018,2453.7,4209053,7,0,0.0,0
Naja sumatrana,Sarawak,2018,2453.7,4209053,7,0,0.0,0
Sus scrofa,Sarawak,2018,2453.7,4209053,7,0,0.0,0
Varanus salvator,Sarawak,2018,2453.7,4209053,7,2,0.117647,1
Acridotheres tristis,Selangor,2018,6994.4,250210,7,8,0.216216,1
Corvus splendens,Selangor,2018,6994.4,250210,7,25,0.675676,1
Macaca fascicularis,Selangor,2018,6994.4,250210,7,3,0.081081,1
Malayopython reticulatus,Selangor,2018,6994.4,250210,7,0,0.0,0
Naja sumatrana,Selangor,2018,6994.4,250210,7,0,0.0,0
Sus scrofa,Selangor,2018,6994.4,250210,7,0,0.0,0
Varanus salvator,Selangor,2018,6994.4,250210,7,1,0.027027,1
Acridotheres tristis,Terengganu,2018,1149.4,540309,7,7,0.875,1
Corvus splendens,Terengganu,2018,1149.4,540309,7,1,0.125,1
Macaca fascicularis,Terengganu,2018,1149.4,540309,7,0,0.0,0
Malayopython reticulatus,Terengganu,2018,1149.4,540309,7,0,0.0,0
Naja sumatrana,Terengganu,2018,1149.4,540309,7,0,0.0,0
Sus scrofa,Terengganu,2018,1149.4,540309,7,0,0.0,0
Varanus salvator,Terengganu,2018,1149.4,540309,7,0,0.0,0
Acridotheres tristis,Johor,2018,4009.7,332749,8,4,0.4,1
Corvus splendens,Johor,2018,4009.7,332749,8,6,0.6,1
Macaca fascicularis,Johor,2018,4009.7,332749,8,0,0.0,0
Malayopython reticulatus,Johor,2018,4009.7,332749,8,0,0.0,0
Naja sumatrana,Johor,2018,4009.7,332749,8,0,0.0,0
Sus scrofa,Johor,2018,4009.7,332749,8,0,0.0,0
Varanus salvator,Johor,2018,4009.7,332749,8,0,0.0,0
Acridotheres tristis,Kedah,2018,2131.4,341976,8,16,0.842105,1
Corvus splendens,Kedah,2018,2131.4,341976,8,2,0.105263,1
Macaca fascicularis,Kedah,2018,2131.4,341976,8,1,0.052632,1
Malayopython reticulatus,Kedah,2018,2131.4,341976,8,0,0.0,0
Naja sumatrana,Kedah,2018,2131.4,341976,8,0,0.0,0
Sus scrofa,Kedah,2018,2131.4,341976,8,0,0.0,0
Varanus salvator,Kedah,2018,2131.4,341976,8,0,0.0,0
Acridotheres tristis,Kelantan,2018,1792.5,613275,8,1,1.0,1
Corvus splendens,Kelantan,2018,1792.5,613275,8,0,0.0,0
Macaca fascicularis,Kelantan,2018,1792.5,613275,8,0,0.0,0
Malayopython reticulatus,Kelantan,2018,1792.5,613275,8,0,0.0,0
Naja sumatrana,Kelantan,2018,1792.5,613275,8,0,0.0,0
Sus scrofa,Kelantan,2018,1792.5,613275,8,0,0.0,0
Varanus salvator,Kelantan,2018,1792.5,613275,8,0,0.0,0
Acridotheres tristis,Kuala Lumpur,2018,1982.1,68,8,5,0.277778,1
Corvus splendens,Kuala Lumpur,2018,1982.1,68,8,12,0.666667,1
Macaca fascicularis,Kuala Lumpur,2018,1982.1,68,8,1,0.055556,1
Malayopython reticulatus,Kuala Lumpur,2018,1982.1,68,8,0,0.0,0
Naja sumatrana,Kuala Lumpur,2018,1982.1,68,8,0,0.0,0
Sus scrofa,Kuala Lumpur,2018,1982.1,68,8,0,0.0,0
Varanus salvator,Kuala Lumpur,2018,1982.1,68,8,0,0.0,0
Acridotheres tristis,Melaka,2018,998.4,5199,8,0,0.0,0
Corvus splendens,Melaka,2018,998.4,5199,8,1,1.0,1
Macaca fascicularis,Melaka,2018,998.4,5199,8,0,0.0,0
Malayopython reticulatus,Melaka,2018,998.4,5199,8,0,0.0,0
Naja sumatrana,Melaka,2018,998.4,5199,8,0,0.0,0
Sus scrofa,Melaka,2018,998.4,5199,8,0,0.0,0
Varanus salvator,Melaka,2018,998.4,5199,8,0,0.0,0
Acridotheres tristis,Negeri Sembilan,2018,1200.0,155549,8,2,1.0,1
Corvus splendens,Negeri Sembilan,2018,1200.0,155549,8,0,0.0,0
Macaca fascicularis,Negeri Sembilan,2018,1200.0,155549,8,0,0.0,0
Malayopython reticulatus,Negeri Sembilan,2018,1200.0,155549,8,0,0.0,0
Naja sumatrana,Negeri Sembilan,2018,1200.0,155549,8,0,0.0,0
Sus scrofa,Negeri Sembilan,2018,1200.0,155549,8,0,0.0,0
Varanus salvator,Negeri Sembilan,2018,1200.0,155549,8,0,0.0,0
Acridotheres tristis,Pahang,2018,1591.3,1559385,8,7,0.875,1
Corvus splendens,Pahang,2018,1591.3,1559385,8,0,0.0,0
Macaca fascicularis,Pahang,2018,1591.3,1559385,8,1,0.125,1
Malayopython reticulatus,Pahang,2018,1591.3,1559385,8,0,0.0,0
Naja sumatrana,Pahang,2018,1591.3,1559385,8,0,0.0,0
Sus scrofa,Pahang,2018,1591.3,1559385,8,0,0.0,0
Varanus salvator,Pahang,2018,1591.3,1559385,8,0,0.0,0
Acridotheres tristis,Perak,2018,2496.0,988914,8,8,0.666667,1
Corvus splendens,Perak,2018,2496.0,988914,8,1,0.083333,1
Macaca fascicularis,Perak,2018,2496.0,988914,8,2,0.166667,1
Malayopython reticulatus,Perak,2018,2496.0,988914,8,0,0.0,0
Naja sumatrana,Perak,2018,2496.0,988914,8,0,0.0,0
Sus scrofa,Perak,2018,2496.0,988914,8,0,0.0,0
Varanus salvator,Perak,2018,2496.0,988914,8,1,0.083333,1
Acridotheres tristis,Pulau Pinang,2018,1740.4,5101,8,16,0.380952,1
Corvus splendens,Pulau Pinang,2018,1740.4,5101,8,17,0.404762,1
Macaca fascicularis,Pulau Pinang,2018,1740.4,5101,8,5,0.119048,1
Malayopython reticulatus,Pulau Pinang,2018,1740.4,5101,8,0,0.0,0
Naja sumatrana,Pulau Pinang,2018,1740.4,5101,8,0,0.0,0
Sus scrofa,Pulau Pinang,2018,1740.4,5101,8,1,0.02381,1
Varanus salvator,Pulau Pinang,2018,1740.4,5101,8,3,0.071429,1
Acridotheres tristis,Sabah,2018,3418.8,3540749,8,12,0.27907,1
Corvus splendens,Sabah,2018,3418.8,3540749,8,8,0.186047,1
Macaca fascicularis,Sabah,2018,3418.8,3540749,8,10,0.232558,1
Malayopython reticulatus,Sabah,2018,3418.8,3540749,8,0,0.0,0
Naja sumatrana,Sabah,2018,3418.8,3540749,8,0,0.0,0
Sus scrofa,Sabah,2018,3418.8,3540749,8,0,0.0,0
Varanus salvator,Sabah,2018,3418.8,3540749,8,13,0.302326,1
Acridotheres tristis,Sarawak,2018,2453.7,4209053,8,8,0.8,1
Corvus splendens,Sarawak,2018,2453.7,4209053,8,0,0.0,0
Macaca fascicularis,Sarawak,2018,2453.7,4209053,8,2,0.2,1
Malayopython reticulatus,Sarawak,2018,2453.7,4209053,8,0,0.0,0
Naja sumatrana,Sarawak,2018,2453.7,4209053,8,0,0.0,0
Sus scrofa,Sarawak,2018,2453.7,4209053,8,0,0.0,0
Varanus salvator,Sarawak,2018,2453.7,4209053,8,0,0.0,0
Acridotheres tristis,Selangor,2018,6994.4,250210,8,15,0.357143,1
Corvus splendens,Selangor,2018,6994.4,250210,8,24,0.571429,1
Macaca fascicularis,Selangor,2018,6994.4,250210,8,2,0.047619,1
Malayopython reticulatus,Selangor,2018,6994.4,250210,8,0,0.0,0
Naja sumatrana,Selangor,2018,6994.4,250210,8,0,0.0,0
Sus scrofa,Selangor,2018,6994.4,250210,8,0,0.0,0
Varanus salvator,Selangor,2018,6994.4,250210,8,1,0.02381,1
Acridotheres tristis,Johor,2018,4009.7,332749,9,8,0.380952,1
Corvus splendens,Johor,2018,4009.7,332749,9,11,0.52381,1
Macaca fascicularis,Johor,2018,4009.7,332749,9,1,0.047619,1
Malayopython reticulatus,Johor,2018,4009.7,332749,9,1,0.047619,1
Naja sumatrana,Johor,2018,4009.7,332749,9,0,0.0,0
Sus scrofa,Johor,2018,4009.7,332749,9,0,0.0,0
Varanus salvator,Johor,2018,4009.7,332749,9,0,0.0,0
Acridotheres tristis,Kedah,2018,2131.4,341976,9,5,1.0,1
Corvus splendens,Kedah,2018,2131.4,341976,9,0,0.0,0
Macaca fascicularis,Kedah,2018,2131.4,341976,9,0,0.0,0
Malayopython reticulatus,Kedah,2018,2131.4,341976,9,0,0.0,0
Naja sumatrana,Kedah,2018,2131.4,341976,9,0,0.0,0
Sus scrofa,Kedah,2018,2131.4,341976,9,0,0.0,0
Varanus salvator,Kedah,2018,2131.4,341976,9,0,0.0,0
Acridotheres tristis,Kuala Lumpur,2018,1982.1,68,9,10,0.357143,1
Corvus splendens,Kuala Lumpur,2018,1982.1,68,9,15,0.535714,1
Macaca fascicularis,Kuala Lumpur,2018,1982.1,68,9,3,0.107143,1
Malayopython reticulatus,Kuala Lumpur,2018,1982.1,68,9,0,0.0,0
Naja sumatrana,Kuala Lumpur,2018,1982.1,68,9,0,0.0,0
Sus scrofa,Kuala Lumpur,2018,1982.1,68,9,0,0.0,0
Varanus salvator,Kuala Lumpur,2018,1982.1,68,9,0,0.0,0
Acridotheres tristis,Negeri Sembilan,2018,1200.0,155549,9,3,0.75,1
Corvus splendens,Negeri Sembilan,2018,1200.0,155549,9,0,0.0,0
Macaca fascicularis,Negeri Sembilan,2018,1200.0,155549,9,1,0.25,1
Malayopython reticulatus,Negeri Sembilan,2018,1200.0,155549,9,0,0.0,0
Naja sumatrana,Negeri Sembilan,2018,1200.0,155549,9,0,0.0,0
Sus scrofa,Negeri Sembilan,2018,1200.0,155549,9,0,0.0,0
Varanus salvator,Negeri Sembilan,2018,1200.0,155549,9,0,0.0,0
Acridotheres tristis,Pahang,2018,1591.3,1559385,9,7,0.777778,1
Corvus splendens,Pahang,2018,1591.3,1559385,9,2,0.222222,1
Macaca fascicularis,Pahang,2018,1591.3,1559385,9,0,0.0,0
Malayopython reticulatus,Pahang,2018,1591.3,1559385,9,0,0.0,0
Naja sumatrana,Pahang,2018,1591.3,1559385,9,0,0.0,0
Sus scrofa,Pahang,2018,1591.3,1559385,9,0,0.0,0
Varanus salvator,Pahang,2018,1591.3,1559385,9,0,0.0,0
Acridotheres tristis,Perak,2018,2496.0,988914,9,2,1.0,1
Corvus splendens,Perak,2018,2496.0,988914,9,0,0.0,0
Macaca fascicularis,Perak,2018,2496.0,988914,9,0,0.0,0
Malayopython reticulatus,Perak,2018,2496.0,988914,9,0,0.0,0
Naja sumatrana,Perak,2018,2496.0,988914,9,0,0.0,0
Sus scrofa,Perak,2018,2496.0,988914,9,0,0.0,0
Varanus salvator,Perak,2018,2496.0,988914,9,0,0.0,0
Acridotheres tristis,Pulau Pinang,2018,1740.4,5101,9,15,0.555556,1
Corvus splendens,Pulau Pinang,2018,1740.4,5101,9,11,0.407407,1
Macaca fascicularis,Pulau Pinang,2018,1740.4,5101,9,0,0.0,0
Malayopython reticulatus,Pulau Pinang,2018,1740.4,5101,9,0,0.0,0
Naja sumatrana,Pulau Pinang,2018,1740.4,5101,9,0,0.0,0
Sus scrofa,Pulau Pinang,2018,1740.4,5101,9,0,0.0,0
Varanus salvator,Pulau Pinang,2018,1740.4,5101,9,1,0.037037,1
Acridotheres tristis,Sabah,2018,3418.8,3540749,9,3,0.230769,1
Corvus splendens,Sabah,2018,3418.8,3540749,9,0,0.0,0
Macaca fascicularis,Sabah,2018,3418.8,3540749,9,3,0.230769,1
Malayopython reticulatus,Sabah,2018,3418.8,3540749,9,0,0.0,0
Naja sumatrana,Sabah,2018,3418.8,3540749,9,0,0.0,0
Sus scrofa,Sabah,2018,3418.8,3540749,9,0,0.0,0
Varanus salvator,Sabah,2018,3418.8,3540749,9,7,0.538462,1
Acridotheres tristis,Sarawak,2018,2453.7,4209053,9,2,0.4,1
Corvus splendens,Sarawak,2018,2453.7,4209053,9,0,0.0,0
Macaca fascicularis,Sarawak,2018,2453.7,4209053,9,3,0.6,1
Malayopython reticulatus,Sarawak,2018,2453.7,4209053,9,0,0.0,0
Naja sumatrana,Sarawak,2018,2453.7,4209053,9,0,0.0,0
Sus scrofa,Sarawak,2018,2453.7,4209053,9,0,0.0,0
Varanus salvator,Sarawak,2018,2453.7,4209053,9,0,0.0,0
Acridotheres tristis,Selangor,2018,6994.4,250210,9,10,0.222222,1
Corvus splendens,Selangor,2018,6994.4,250210,9,27,0.6,1
Macaca fascicularis,Selangor,2018,6994.4,250210,9,7,0.155556,1
Malayopython reticulatus,Selangor,2018,6994.4,250210,9,0,0.0,0
Naja sumatrana,Selangor,2018,6994.4,250210,9,0,0.0,0
Sus scrofa,Selangor,2018,6994.4,250210,9,0,0.0,0
Varanus salvator,Selangor,2018,6994.4,250210,9,1,0.022222,1
Acridotheres tristis,Terengganu,2018,1149.4,540309,9,5,1.0,1
Corvus splendens,Terengganu,2018,1149.4,540309,9,0,0.0,0
Macaca fascicularis,Terengganu,2018,1149.4,540309,9,0,0.0,0
Malayopython reticulatus,Terengganu,2018,1149.4,540309,9,0,0.0,0
Naja sumatrana,Terengganu,2018,1149.4,540309,9,0,0.0,0
Sus scrofa,Terengganu,2018,1149.4,540309,9,0,0.0,0
Varanus salvator,Terengganu,2018,1149.4,540309,9,0,0.0,0
Acridotheres tristis,Johor,2018,4009.7,332749,10,2,0.333333,1
Corvus splendens,Johor,2018,4009.7,332749,10,4,0.666667,1
Macaca fascicularis,Johor,2018,4009.7,332749,10,0,0.0,0
Malayopython reticulatus,Johor,2018,4009.7,332749,10,0,0.0,0
Naja sumatrana,Johor,2018,4009.7,332749,10,0,0.0,0
Sus scrofa,Johor,2018,4009.7,332749,10,0,0.0,0
Varanus salvator,Johor,2018,4009.7,332749,10,0,0.0,0
Acridotheres tristis,Kedah,2018,2131.4,341976,10,4,0.8,1
Corvus splendens,Kedah,2018,2131.4,341976,10,1,0.2,1
Macaca fascicularis,Kedah,2018,2131.4,341976,10,0,0.0,0
Malayopython reticulatus,Kedah,2018,2131.4,341976,10,0,0.0,0
Naja sumatrana,Kedah,2018,2131.4,341976,10,0,0.0,0
Sus scrofa,Kedah,2018,2131.4,341976,10,0,0.0,0
Varanus salvator,Kedah,2018,2131.4,341976,10,0,0.0,0
Acridotheres tristis,Kuala Lumpur,2018,1982.1,68,10,7,0.4375,1
Corvus splendens,Kuala Lumpur,2018,1982.1,68,10,9,0.5625,1
Macaca fascicularis,Kuala Lumpur,2018,1982.1,68,10,0,0.0,0
Malayopython reticulatus,Kuala Lumpur,2018,1982.1,68,10,0,0.0,0
Naja sumatrana,Kuala Lumpur,2018,1982.1,68,10,0,0.0,0
Sus scrofa,Kuala Lumpur,2018,1982.1,68,10,0,0.0,0
Varanus salvator,Kuala Lumpur,2018,1982.1,68,10,0,0.0,0
Acridotheres tristis,Negeri Sembilan,2018,1200.0,155549,10,4,0.666667,1
Corvus splendens,Negeri Sembilan,2018,1200.0,155549,10,1,0.166667,1
Macaca fascicularis,Negeri Sembilan,2018,1200.0,155549,10,0,0.0,0
Malayopython reticulatus,Negeri Sembilan,2018,1200.0,155549,10,0,0.0,0
Naja sumatrana,Negeri Sembilan,2018,1200.0,155549,10,0,0.0,0
Sus scrofa,Negeri Sembilan,2018,1200.0,155549,10,0,0.0,0
Varanus salvator,Negeri Sembilan,2018,1200.0,155549,10,1,0.166667,1
Acridotheres tristis,Pahang,2018,1591.3,1559385,10,16,0.888889,1
Corvus splendens,Pahang,2018,1591.3,1559385,10,2,0.111111,1
Macaca fascicularis,Pahang,2018,1591.3,1559385,10,0,0.0,0
Malayopython reticulatus,Pahang,2018,1591.3,1559385,10,0,0.0,0
Naja sumatrana,Pahang,2018,1591.3,1559385,10,0,0.0,0
Sus scrofa,Pahang,2018,1591.3,1559385,10,0,0.0,0
Varanus salvator,Pahang,2018,1591.3,1559385,10,0,0.0,0
Acridotheres tristis,Perak,2018,2496.0,988914,10,1,1.0,1
Corvus splendens,Perak,2018,2496.0,988914,10,0,0.0,0
Macaca fascicularis,Perak,2018,2496.0,988914,10,0,0.0,0
Malayopython reticulatus,Perak,2018,2496.0,988914,10,0,0.0,0
Naja sumatrana,Perak,2018,2496.0,988914,10,0,0.0,0
Sus scrofa,Perak,2018,2496.0,988914,10,0,0.0,0
Varanus salvator,Perak,2018,2496.0,988914,10,0,0.0,0
Acridotheres tristis,Pulau Pinang,2018,1740.4,5101,10,14,0.466667,1
Corvus splendens,Pulau Pinang,2018,1740.4,5101,10,10,0.333333,1
Macaca fascicularis,Pulau Pinang,2018,1740.4,5101,10,3,0.1,1
Malayopython reticulatus,Pulau Pinang,2018,1740.4,5101,10,0,0.0,0
Naja sumatrana,Pulau Pinang,2018,1740.4,5101,10,0,0.0,0
Sus scrofa,Pulau Pinang,2018,1740.4,5101,10,0,0.0,0
Varanus salvator,Pulau Pinang,2018,1740.4,5101,10,3,0.1,1
Acridotheres tristis,Putrajaya,2018,109.2,0,10,1,1.0,1
Corvus splendens,Putrajaya,2018,109.2,0,10,0,0.0,0
Macaca fascicularis,Putrajaya,2018,109.2,0,10,0,0.0,0
Malayopython reticulatus,Putrajaya,2018,109.2,0,10,0,0.0,0
Naja sumatrana,Putrajaya,2018,109.2,0,10,0,0.0,0
Sus scrofa,Putrajaya,2018,109.2,0,10,0,0.0,0
Varanus salvator,Putrajaya,2018,109.2,0,10,0,0.0,0
Acridotheres tristis,Sabah,2018,3418.8,3540749,10,2,0.285714,1
Corvus splendens,Sabah,2018,3418.8,3540749,10,1,0.142857,1
Macaca fascicularis,Sabah,2018,3418.8,3540749,10,0,0.0,0
Malayopython reticulatus,Sabah,2018,3418.8,3540749,10,0,0.0,0
Naja sumatrana,Sabah,2018,3418.8,3540749,10,0,0.0,0
Sus scrofa,Sabah,2018,3418.8,3540749,10,0,0.0,0
Varanus salvator,Sabah,2018,3418.8,3540749,10,4,0.571429,1
Acridotheres tristis,Sarawak,2018,2453.7,4209053,10,2,0.5,1
Corvus splendens,Sarawak,2018,2453.7,4209053,10,0,0.0,0
Macaca fascicularis,Sarawak,2018,2453.7,4209053,10,2,0.5,1
Malayopython reticulatus,Sarawak,2018,2453.7,4209053,10,0,0.0,0
Naja sumatrana,Sarawak,2018,2453.7,4209053,10,0,0.0,0
Sus scrofa,Sarawak,2018,2453.7,4209053,10,0,0.0,0
Varanus salvator,Sarawak,2018,2453.7,4209053,10,0,0.0,0
Acridotheres tristis,Selangor,2018,6994.4,250210,10,9,0.45,1
Corvus splendens,Selangor,2018,6994.4,250210,10,9,0.45,1
Macaca fascicularis,Selangor,2018,6994.4,250210,10,2,0.1,1
Malayopython reticulatus,Selangor,2018,6994.4,250210,10,0,0.0,0
Naja sumatrana,Selangor,2018,6994.4,250210,10,0,0.0,0
Sus scrofa,Selangor,2018,6994.4,250210,10,0,0.0,0
Varanus salvator,Selangor,2018,6994.4,250210,10,0,0.0,0
Acridotheres tristis,Terengganu,2018,1149.4,540309,10,4,1.0,1
Corvus splendens,Terengganu,2018,1149.4,540309,10,0,0.0,0
Macaca fascicularis,Terengganu,2018,1149.4,540309,10,0,0.0,0
Malayopython reticulatus,Terengganu,2018,1149.4,540309,10,0,0.0,0
Naja sumatrana,Terengganu,2018,1149.4,540309,10,0,0.0,0
Sus scrofa,Terengganu,2018,1149.4,540309,10,0,0.0,0
Varanus salvator,Terengganu,2018,1149.4,540309,10,0,0.0,0
Acridotheres tristis,Johor,2018,4009.7,332749,11,4,0.210526,1
Corvus splendens,Johor,2018,4009.7,332749,11,15,0.789474,1
Macaca fascicularis,Johor,2018,4009.7,332749,11,0,0.0,0
Malayopython reticulatus,Johor,2018,4009.7,332749,11,0,0.0,0
Naja sumatrana,Johor,2018,4009.7,332749,11,0,0.0,0
Sus scrofa,Johor,2018,4009.7,332749,11,0,0.0,0
Varanus salvator,Johor,2018,4009.7,332749,11,0,0.0,0
Acridotheres tristis,Kedah,2018,2131.4,341976,11,11,0.916667,1
Corvus splendens,Kedah,2018,2131.4,341976,11,0,0.0,0
Macaca fascicularis,Kedah,2018,2131.4,341976,11,0,0.0,0
Malayopython reticulatus,Kedah,2018,2131.4,341976,11,0,0.0,0
Naja sumatrana,Kedah,2018,2131.4,341976,11,0,0.0,0
Sus scrofa,Kedah,2018,2131.4,341976,11,0,0.0,0
Varanus salvator,Kedah,2018,2131.4,341976,11,1,0.083333,1
Acridotheres tristis,Kuala Lumpur,2018,1982.1,68,11,6,0.333333,1
Corvus splendens,Kuala Lumpur,2018,1982.1,68,11,12,0.666667,1
Macaca fascicularis,Kuala Lumpur,2018,1982.1,68,11,0,0.0,0
Malayopython reticulatus,Kuala Lumpur,2018,1982.1,68,11,0,0.0,0
Naja sumatrana,Kuala Lumpur,2018,1982.1,68,11,0,0.0,0
Sus scrofa,Kuala Lumpur,2018,1982.1,68,11,0,0.0,0
Varanus salvator,Kuala Lumpur,2018,1982.1,68,11,0,0.0,0
Acridotheres tristis,Melaka,2018,998.4,5199,11,2,0.5,1
Corvus splendens,Melaka,2018,998.4,5199,11,1,0.25,1
Macaca fascicularis,Melaka,2018,998.4,5199,11,0,0.0,0
Malayopython reticulatus,Melaka,2018,998.4,5199,11,0,0.0,0
Naja sumatrana,Melaka,2018,998.4,5199,11,1,0.25,1
Sus scrofa,Melaka,2018,998.4,5199,11,0,0.0,0
Varanus salvator,Melaka,2018,998.4,5199,11,0,0.0,0
Acridotheres tristis,Negeri Sembilan,2018,1200.0,155549,11,6,0.428571,1
Corvus splendens,Negeri Sembilan,2018,1200.0,155549,11,5,0.357143,1
Macaca fascicularis,Negeri Sembilan,2018,1200.0,155549,11,1,0.071429,1
Malayopython reticulatus,Negeri Sembilan,2018,1200.0,155549,11,0,0.0,0
Naja sumatrana,Negeri Sembilan,2018,1200.0,155549,11,2,0.142857,1
Sus scrofa,Negeri Sembilan,2018,1200.0,155549,11,0,0.0,0
Varanus salvator,Negeri Sembilan,2018,1200.0,155549,11,0,0.0,0
Acridotheres tristis,Pahang,2018,1591.3,1559385,11,1,0.2,1
Corvus splendens,Pahang,2018,1591.3,1559385,11,3,0.6,1
Macaca fascicularis,Pahang,2018,1591.3,1559385,11,0,0.0,0
Malayopython reticulatus,Pahang,2018,1591.3,1559385,11,0,0.0,0
Naja sumatrana,Pahang,2018,1591.3,1559385,11,0,0.0,0
Sus scrofa,Pahang,2018,1591.3,1559385,11,1,0.2,1
Varanus salvator,Pahang,2018,1591.3,1559385,11,0,0.0,0
Acridotheres tristis,Perak,2018,2496.0,988914,11,4,1.0,1
Corvus splendens,Perak,2018,2496.0,988914,11,0,0.0,0
Macaca fascicularis,Perak,2018,2496.0,988914,11,0,0.0,0
Malayopython reticulatus,Perak,2018,2496.0,988914,11,0,0.0,0
Naja sumatrana,Perak,2018,2496.0,988914,11,0,0.0,0
Sus scrofa,Perak,2018,2496.0,988914,11,0,0.0,0
Varanus salvator,Perak,2018,2496.0,988914,11,0,0.0,0
Acridotheres tristis,Perlis,2018,284.9,10615,11,2,1.0,1
Corvus splendens,Perlis,2018,284.9,10615,11,0,0.0,0
Macaca fascicularis,Perlis,2018,284.9,10615,11,0,0.0,0
Malayopython reticulatus,Perlis,2018,284.9,10615,11,0,0.0,0
Naja sumatrana,Perlis,2018,284.9,10615,11,0,0.0,0
Sus scrofa,Perlis,2018,284.9,10615,11,0,0.0,0
Varanus salvator,Perlis,2018,284.9,10615,11,0,0.0,0
Acridotheres tristis,Pulau Pinang,2018,1740.4,5101,11,19,0.44186,1
Corvus splendens,Pulau Pinang,2018,1740.4,5101,11,21,0.488372,1
Macaca fascicularis,Pulau Pinang,2018,1740.4,5101,11,1,0.023256,1
Malayopython reticulatus,Pulau Pinang,2018,1740.4,5101,11,0,0.0,0
Naja sumatrana,Pulau Pinang,2018,1740.4,5101,11,0,0.0,0
Sus scrofa,Pulau Pinang,2018,1740.4,5101,11,0,0.0,0
Varanus salvator,Pulau Pinang,2018,1740.4,5101,11,2,0.046512,1
Acridotheres tristis,Sabah,2018,3418.8,3540749,11,0,0.0,0
Corvus splendens,Sabah,2018,3418.8,3540749,11,1,0.076923,1
Macaca fascicularis,Sabah,2018,3418.8,3540749,11,7,0.538462,1
Malayopython reticulatus,Sabah,2018,3418.8,3540749,11,1,0.076923,1
Naja sumatrana,Sabah,2018,3418.8,3540749,11,0,0.0,0
Sus scrofa,Sabah,2018,3418.8,3540749,11,0,0.0,0
Varanus salvator,Sabah,2018,3418.8,3540749,11,4,0.307692,1
Acridotheres tristis,Sarawak,2018,2453.7,4209053,11,3,1.0,1
Corvus splendens,Sarawak,2018,2453.7,4209053,11,0,0.0,0
Macaca fascicularis,Sarawak,2018,2453.7,4209053,11,0,0.0,0
Malayopython reticulatus,Sarawak,2018,2453.7,4209053,11,0,0.0,0
Naja sumatrana,Sarawak,2018,2453.7,4209053,11,0,0.0,0
Sus scrofa,Sarawak,2018,2453.7,4209053,11,0,0.0,0
Varanus salvator,Sarawak,2018,2453.7,4209053,11,0,0.0,0
Acridotheres tristis,Selangor,2018,6994.4,250210,11,11,0.423077,1
Corvus splendens,Selangor,2018,6994.4,250210,11,13,0.5,1
Macaca fascicularis,Selangor,2018,6994.4,250210,11,2,0.076923,1
Malayopython reticulatus,Selangor,2018,6994.4,250210,11,0,0.0,0
Naja sumatrana,Selangor,2018,6994.4,250210,11,0,0.0,0
Sus scrofa,Selangor,2018,6994.4,250210,11,0,0.0,0
Varanus salvator,Selangor,2018,6994.4,250210,11,0,0.0,0
Acridotheres tristis,Johor,2018,4009.7,332749,12,4,0.444444,1
Corvus splendens,Johor,2018,4009.7,332749,12,5,0.555556,1
Macaca fascicularis,Johor,2018,4009.7,332749,12,0,0.0,0
Malayopython reticulatus,Johor,2018,4009.7,332749,12,0,0.0,0
Naja sumatrana,Johor,2018,4009.7,332749,12,0,0.0,0
Sus scrofa,Johor,2018,4009.7,332749,12,0,0.0,0
Varanus salvator,Johor,2018,4009.7,332749,12,0,0.0,0
Acridotheres tristis,Kedah,2018,2131.4,341976,12,11,0.916667,1
Corvus splendens,Kedah,2018,2131.4,341976,12,1,0.083333,1
Macaca fascicularis,Kedah,2018,2131.4,341976,12,0,0.0,0
Malayopython reticulatus,Kedah,2018,2131.4,341976,12,0,0.0,0
Naja sumatrana,Kedah,2018,2131.4,341976,12,0,0.0,0
Sus scrofa,Kedah,2018,2131.4,341976,12,0,0.0,0
Varanus salvator,Kedah,2018,2131.4,341976,12,0,0.0,0
Acridotheres tristis,Kuala Lumpur,2018,1982.1,68,12,11,0.578947,1
Corvus splendens,Kuala Lumpur,2018,1982.1,68,12,8,0.421053,1
Macaca fascicularis,Kuala Lumpur,2018,1982.1,68,12,0,0.0,0
Malayopython reticulatus,Kuala Lumpur,2018,1982.1,68,12,0,0.0,0
Naja sumatrana,Kuala Lumpur,2018,1982.1,68,12,0,0.0,0
Sus scrofa,Kuala Lumpur,2018,1982.1,68,12,0,0.0,0
Varanus salvator,Kuala Lumpur,2018,1982.1,68,12,0,0.0,0
Acridotheres tristis,Melaka,2018,998.4,5199,12,3,0.6,1
Corvus splendens,Melaka,2018,998.4,5199,12,2,0.4,1
Macaca fascicularis,Melaka,2018,998.4,5199,12,0,0.0,0
Malayopython reticulatus,Melaka,2018,998.4,5199,12,0,0.0,0
Naja sumatrana,Melaka,2018,998.4,5199,12,0,0.0,0
Sus scrofa,Melaka,2018,998.4,5199,12,0,0.0,0
Varanus salvator,Melaka,2018,998.4,5199,12,0,0.0,0
Acridotheres tristis,Negeri Sembilan,2018,1200.0,155549,12,11,0.785714,1
Corvus splendens,Negeri Sembilan,2018,1200.0,155549,12,0,0.0,0
Macaca fascicularis,Negeri Sembilan,2018,1200.0,155549,12,2,0.142857,1
Malayopython reticulatus,Negeri Sembilan,2018,1200.0,155549,12,0,0.0,0
Naja sumatrana,Negeri Sembilan,2018,1200.0,155549,12,0,0.0,0
Sus scrofa,Negeri Sembilan,2018,1200.0,155549,12,0,0.0,0
Varanus salvator,Negeri Sembilan,2018,1200.0,155549,12,1,0.071429,1
Acridotheres tristis,Pahang,2018,1591.3,1559385,12,2,0.666667,1
Corvus splendens,Pahang,2018,1591.3,1559385,12,1,0.333333,1
Macaca fascicularis,Pahang,2018,1591.3,1559385,12,0,0.0,0
Malayopython reticulatus,Pahang,2018,1591.3,1559385,12,0,0.0,0
Naja sumatrana,Pahang,2018,1591.3,1559385,12,0,0.0,0
Sus scrofa,Pahang,2018,1591.3,1559385,12,0,0.0,0
Varanus salvator,Pahang,2018,1591.3,1559385,12,0,0.0,0
Acridotheres tristis,Perak,2018,2496.0,988914,12,3,0.75,1
Corvus splendens,Perak,2018,2496.0,988914,12,0,0.0,0
Macaca fascicularis,Perak,2018,2496.0,988914,12,0,0.0,0
Malayopython reticulatus,Perak,2018,2496.0,988914,12,0,0.0,0
Naja sumatrana,Perak,2018,2496.0,988914,12,0,0.0,0
Sus scrofa,Perak,2018,2496.0,988914,12,0,0.0,0
Varanus salvator,Perak,2018,2496.0,988914,12,1,0.25,1
Acridotheres tristis,Perlis,2018,284.9,10615,12,2,1.0,1
Corvus splendens,Perlis,2018,284.9,10615,12,0,0.0,0
Macaca fascicularis,Perlis,2018,284.9,10615,12,0,0.0,0
Malayopython reticulatus,Perlis,2018,284.9,10615,12,0,0.0,0
Naja sumatrana,Perlis,2018,284.9,10615,12,0,0.0,0
Sus scrofa,Perlis,2018,284.9,10615,12,0,0.0,0
Varanus salvator,Perlis,2018,284.9,10615,12,0,0.0,0
Acridotheres tristis,Pulau Pinang,2018,1740.4,5101,12,11,0.407407,1
Corvus splendens,Pulau Pinang,2018,1740.4,5101,12,15,0.555556,1
Macaca fascicularis,Pulau Pinang,2018,1740.4,5101,12,0,0.0,0
Malayopython reticulatus,Pulau Pinang,2018,1740.4,5101,12,0,0.0,0
Naja sumatrana,Pulau Pinang,2018,1740.4,5101,12,0,0.0,0
Sus scrofa,Pulau Pinang,2018,1740.4,5101,12,0,0.0,0
Varanus salvator,Pulau Pinang,2018,1740.4,5101,12,1,0.037037,1
Acridotheres tristis,Sabah,2018,3418.8,3540749,12,4,0.117647,1
Corvus splendens,Sabah,2018,3418.8,3540749,12,1,0.029412,1
Macaca fascicularis,Sabah,2018,3418.8,3540749,12,18,0.529412,1
Malayopython reticulatus,Sabah,2018,3418.8,3540749,12,0,0.0,0
Naja sumatrana,Sabah,2018,3418.8,3540749,12,1,0.029412,1
Sus scrofa,Sabah,2018,3418.8,3540749,12,0,0.0,0
Varanus salvator,Sabah,2018,3418.8,3540749,12,10,0.294118,1
Acridotheres tristis,Sarawak,2018,2453.7,4209053,12,3,1.0,1
Corvus splendens,Sarawak,2018,2453.7,4209053,12,0,0.0,0
Macaca fascicularis,Sarawak,2018,2453.7,4209053,12,0,0.0,0
Malayopython reticulatus,Sarawak,2018,2453.7,4209053,12,0,0.0,0
Naja sumatrana,Sarawak,2018,2453.7,4209053,12,0,0.0,0
Sus scrofa,Sarawak,2018,2453.7,4209053,12,0,0.0,0
Varanus salvator,Sarawak,2018,2453.7,4209053,12,0,0.0,0
Acridotheres tristis,Selangor,2018,6994.4,250210,12,14,0.4,1
Corvus splendens,Selangor,2018,6994.4,250210,12,19,0.542857,1
Macaca fascicularis,Selangor,2018,6994.4,250210,12,1,0.028571,1
Malayopython reticulatus,Selangor,2018,6994.4,250210,12,0,0.0,0
Naja sumatrana,Selangor,2018,6994.4,250210,12,0,0.0,0
Sus scrofa,Selangor,2018,6994.4,250210,12,0,0.0,0
Varanus salvator,Selangor,2018,6994.4,250210,12,1,0.028571,1
Acridotheres tristis,Johor,2019,4009.7,334292,1,1,0.090909,1
Corvus splendens,Johor,2019,4009.7,334292,1,10,0.909091,1
Macaca fascicularis,Johor,2019,4009.7,334292,1,0,0.0,0
Malayopython reticulatus,Johor,2019,4009.7,334292,1,0,0.0,0
Naja sumatrana,Johor,2019,4009.7,334292,1,0,0.0,0
Sus scrofa,Johor,2019,4009.7,334292,1,0,0.0,0
Varanus salvator,Johor,2019,4009.7,334292,1,0,0.0,0
Acridotheres tristis,Kedah,2019,2131.4,341976,1,5,0.714286,1
Corvus splendens,Kedah,2019,2131.4,341976,1,0,0.0,0
Macaca fascicularis,Kedah,2019,2131.4,341976,1,1,0.142857,1
Malayopython reticulatus,Kedah,2019,2131.4,341976,1,0,0.0,0
Naja sumatrana,Kedah,2019,2131.4,341976,1,0,0.0,0
Sus scrofa,Kedah,2019,2131.4,341976,1,0,0.0,0
Varanus salvator,Kedah,2019,2131.4,341976,1,1,0.142857,1
Acridotheres tristis,Kelantan,2019,1792.5,629775,1,1,1.0,1
Corvus splendens,Kelantan,2019,1792.5,629775,1,0,0.0,0
Macaca fascicularis,Kelantan,2019,1792.5,629775,1,0,0.0,0
Malayopython reticulatus,Kelantan,2019,1792.5,629775,1,0,0.0,0
Naja sumatrana,Kelantan,2019,1792.5,629775,1,0,0.0,0
Sus scrofa,Kelantan,2019,1792.5,629775,1,0,0.0,0
Varanus salvator,Kelantan,2019,1792.5,629775,1,0,0.0,0
Acridotheres tristis,Kuala Lumpur,2019,1982.1,68,1,12,0.521739,1
Corvus splendens,Kuala Lumpur,2019,1982.1,68,1,11,0.478261,1
Macaca fascicularis,Kuala Lumpur,2019,1982.1,68,1,0,0.0,0
Malayopython reticulatus,Kuala Lumpur,2019,1982.1,68,1,0,0.0,0
Naja sumatrana,Kuala Lumpur,2019,1982.1,68,1,0,0.0,0
Sus scrofa,Kuala Lumpur,2019,1982.1,68,1,0,0.0,0
Varanus salvator,Kuala Lumpur,2019,1982.1,68,1,0,0.0,0
Acridotheres tristis,Melaka,2019,998.4,5199,1,3,0.6,1
Corvus splendens,Melaka,2019,998.4,5199,1,2,0.4,1
Macaca fascicularis,Melaka,2019,998.4,5199,1,0,0.0,0
Malayopython reticulatus,Melaka,2019,998.4,5199,1,0,0.0,0
Naja sumatrana,Melaka,2019,998.4,5199,1,0,0.0,0
Sus scrofa,Melaka,2019,998.4,5199,1,0,0.0,0
Varanus salvator,Melaka,2019,998.4,5199,1,0,0.0,0
Acridotheres tristis,Negeri Sembilan,2019,1200.0,155492,1,14,0.777778,1
Corvus splendens,Negeri Sembilan,2019,1200.0,155492,1,1,0.055556,1
Macaca fascicularis,Negeri Sembilan,2019,1200.0,155492,1,2,0.111111,1
Malayopython reticulatus,Negeri Sembilan,2019,1200.0,155492,1,0,0.0,0
Naja sumatrana,Negeri Sembilan,2019,1200.0,155492,1,1,0.055556,1
Sus scrofa,Negeri Sembilan,2019,1200.0,155492,1,0,0.0,0
Varanus salvator,Negeri Sembilan,2019,1200.0,155492,1,0,0.0,0
Acridotheres tristis,Pahang,2019,1591.3,1550687,1,5,0.5,1
Corvus splendens,Pahang,2019,1591.3,1550687,1,3,0.3,1
Macaca fascicularis,Pahang,2019,1591.3,1550687,1,1,0.1,1
Malayopython reticulatus,Pahang,2019,1591.3,1550687,1,0,0.0,0
Naja sumatrana,Pahang,2019,1591.3,1550687,1,1,0.1,1
Sus scrofa,Pahang,2019,1591.3,1550687,1,0,0.0,0
Varanus salvator,Pahang,2019,1591.3,1550687,1,0,0.0,0
Acridotheres tristis,Perak,2019,2496.0,988591,1,3,0.75,1
Corvus splendens,Perak,2019,2496.0,988591,1,0,0.0,0
Macaca fascicularis,Perak,2019,2496.0,988591,1,0,0.0,0
Malayopython reticulatus,Perak,2019,2496.0,988591,1,0,0.0,0
Naja sumatrana,Perak,2019,2496.0,988591,1,0,0.0,0
Sus scrofa,Perak,2019,2496.0,988591,1,0,0.0,0
Varanus salvator,Perak,2019,2496.0,988591,1,1,0.25,1
Acridotheres tristis,Pulau Pinang,2019,1740.4,5101,1,23,0.403509,1
Corvus splendens,Pulau Pinang,2019,1740.4,5101,1,31,0.54386,1
Macaca fascicularis,Pulau Pinang,2019,1740.4,5101,1,2,0.035088,1
Malayopython reticulatus,Pulau Pinang,2019,1740.4,5101,1,0,0.0,0
Naja sumatrana,Pulau Pinang,2019,1740.4,5101,1,0,0.0,0
Sus scrofa,Pulau Pinang,2019,1740.4,5101,1,0,0.0,0
Varanus salvator,Pulau Pinang,2019,1740.4,5101,1,1,0.017544,1
Acridotheres tristis,Sabah,2019,3418.8,3541266,1,1,0.090909,1
Corvus splendens,Sabah,2019,3418.8,3541266,1,8,0.727273,1
Macaca fascicularis,Sabah,2019,3418.8,3541266,1,2,0.181818,1
Malayopython reticulatus,Sabah,2019,3418.8,3541266,1,0,0.0,0
Naja sumatrana,Sabah,2019,3418.8,3541266,1,0,0.0,0
Sus scrofa,Sabah,2019,3418.8,3541266,1,0,0.0,0
Varanus salvator,Sabah,2019,3418.8,3541266,1,0,0.0,0
Acridotheres tristis,Sarawak,2019,2453.7,3964880,1,3,1.0,1
Corvus splendens,Sarawak,2019,2453.7,3964880,1,0,0.0,0
Macaca fascicularis,Sarawak,2019,2453.7,3964880,1,0,0.0,0
Malayopython reticulatus,Sarawak,2019,2453.7,3964880,1,0,0.0,0
Naja sumatrana,Sarawak,2019,2453.7,3964880,1,0,0.0,0
Sus scrofa,Sarawak,2019,2453.7,3964880,1,0,0.0,0
Varanus salvator,Sarawak,2019,2453.7,3964880,1,0,0.0,0
Acridotheres tristis,Selangor,2019,6994.4,250208,1,31,0.525424,1
Corvus splendens,Selangor,2019,6994.4,250208,1,28,0.474576,1
Macaca fascicularis,Selangor,2019,6994.4,250208,1,0,0.0,0
Malayopython reticulatus,Selangor,2019,6994.4,250208,1,0,0.0,0
Naja sumatrana,Selangor,2019,6994.4,250208,1,0,0.0,0
Sus scrofa,Selangor,2019,6994.4,250208,1,0,0.0,0
Varanus salvator,Selangor,2019,6994.4,250208,1,0,0.0,0
Acridotheres tristis,Johor,2019,4009.7,334292,2,4,0.444444,1
Corvus splendens,Johor,2019,4009.7,334292,2,5,0.555556,1
Macaca fascicularis,Johor,2019,4009.7,334292,2,0,0.0,0
Malayopython reticulatus,Johor,2019,4009.7,334292,2,0,0.0,0
Naja sumatrana,Johor,2019,4009.7,334292,2,0,0.0,0
Sus scrofa,Johor,2019,4009.7,334292,2,0,0.0,0
Varanus salvator,Johor,2019,4009.7,334292,2,0,0.0,0
Acridotheres tristis,Kedah,2019,2131.4,341976,2,27,0.75,1
Corvus splendens,Kedah,2019,2131.4,341976,2,4,0.111111,1
Macaca fascicularis,Kedah,2019,2131.4,341976,2,3,0.083333,1
Malayopython reticulatus,Kedah,2019,2131.4,341976,2,0,0.0,0
Naja sumatrana,Kedah,2019,2131.4,341976,2,0,0.0,0
Sus scrofa,Kedah,2019,2131.4,341976,2,1,0.027778,1
Varanus salvator,Kedah,2019,2131.4,341976,2,1,0.027778,1
Acridotheres tristis,Kelantan,2019,1792.5,629775,2,3,1.0,1
Corvus splendens,Kelantan,2019,1792.5,629775,2,0,0.0,0
Macaca fascicularis,Kelantan,2019,1792.5,629775,2,0,0.0,0
Malayopython reticulatus,Kelantan,2019,1792.5,629775,2,0,0.0,0
Naja sumatrana,Kelantan,2019,1792.5,629775,2,0,0.0,0
Sus scrofa,Kelantan,2019,1792.5,629775,2,0,0.0,0
Varanus salvator,Kelantan,2019,1792.5,629775,2,0,0.0,0
Acridotheres tristis,Kuala Lumpur,2019,1982.1,68,2,11,0.44,1
Corvus splendens,Kuala Lumpur,2019,1982.1,68,2,13,0.52,1
Macaca fascicularis,Kuala Lumpur,2019,1982.1,68,2,1,0.04,1
Malayopython reticulatus,Kuala Lumpur,2019,1982.1,68,2,0,0.0,0
Naja sumatrana,Kuala Lumpur,2019,1982.1,68,2,0,0.0,0
Sus scrofa,Kuala Lumpur,2019,1982.1,68,2,0,0.0,0
Varanus salvator,Kuala Lumpur,2019,1982.1,68,2,0,0.0,0
Acridotheres tristis,Melaka,2019,998.4,5199,2,2,1.0,1
Corvus splendens,Melaka,2019,998.4,5199,2,0,0.0,0
Macaca fascicularis,Melaka,2019,998.4,5199,2,0,0.0,0
Malayopython reticulatus,Melaka,2019,998.4,5199,2,0,0.0,0
Naja sumatrana,Melaka,2019,998.4,5199,2,0,0.0,0
Sus scrofa,Melaka,2019,998.4,5199,2,0,0.0,0
Varanus salvator,Melaka,2019,998.4,5199,2,0,0.0,0
Acridotheres tristis,Negeri Sembilan,2019,1200.0,155492,2,7,0.583333,1
Corvus splendens,Negeri Sembilan,2019,1200.0,155492,2,4,0.333333,1
Macaca fascicularis,Negeri Sembilan,2019,1200.0,155492,2,1,0.083333,1
Malayopython reticulatus,Negeri Sembilan,2019,1200.0,155492,2,0,0.0,0
Naja sumatrana,Negeri Sembilan,2019,1200.0,155492,2,0,0.0,0
Sus scrofa,Negeri Sembilan,2019,1200.0,155492,2,0,0.0,0
Varanus salvator,Negeri Sembilan,2019,1200.0,155492,2,0,0.0,0
Acridotheres tristis,Pahang,2019,1591.3,1550687,2,19,0.863636,1
Corvus splendens,Pahang,2019,1591.3,1550687,2,1,0.045455,1
Macaca fascicularis,Pahang,2019,1591.3,1550687,2,1,0.045455,1
Malayopython reticulatus,Pahang,2019,1591.3,1550687,2,0,0.0,0
Naja sumatrana,Pahang,2019,1591.3,1550687,2,0,0.0,0
Sus scrofa,Pahang,2019,1591.3,1550687,2,1,0.045455,1
Varanus salvator,Pahang,2019,1591.3,1550687,2,0,0.0,0
Acridotheres tristis,Perak,2019,2496.0,988591,2,5,1.0,1
Corvus splendens,Perak,2019,2496.0,988591,2,0,0.0,0
Macaca fascicularis,Perak,2019,2496.0,988591,2,0,0.0,0
Malayopython reticulatus,Perak,2019,2496.0,988591,2,0,0.0,0
Naja sumatrana,Perak,2019,2496.0,988591,2,0,0.0,0
Sus scrofa,Perak,2019,2496.0,988591,2,0,0.0,0
Varanus salvator,Perak,2019,2496.0,988591,2,0,0.0,0
Acridotheres tristis,Perlis,2019,284.9,10628,2,3,1.0,1
Corvus splendens,Perlis,2019,284.9,10628,2,0,0.0,0
Macaca fascicularis,Perlis,2019,284.9,10628,2,0,0.0,0
Malayopython reticulatus,Perlis,2019,284.9,10628,2,0,0.0,0
Naja sumatrana,Perlis,2019,284.9,10628,2,0,0.0,0
Sus scrofa,Perlis,2019,284.9,10628,2,0,0.0,0
Varanus salvator,Perlis,2019,284.9,10628,2,0,0.0,0
Acridotheres tristis,Pulau Pinang,2019,1740.4,5101,2,42,0.191781,1
Corvus splendens,Pulau Pinang,2019,1740.4,5101,2,35,0.159817,1
Macaca fascicularis,Pulau Pinang,2019,1740.4,5101,2,134,0.611872,1
Malayopython reticulatus,Pulau Pinang,2019,1740.4,5101,2,0,0.0,0
Naja sumatrana,Pulau Pinang,2019,1740.4,5101,2,0,0.0,0
Sus scrofa,Pulau Pinang,2019,1740.4,5101,2,0,0.0,0
Varanus salvator,Pulau Pinang,2019,1740.4,5101,2,8,0.03653,1
Acridotheres tristis,Putrajaya,2019,109.2,0,2,0,0.0,0
Corvus splendens,Putrajaya,2019,109.2,0,2,1,1.0,1
Macaca fascicularis,Putrajaya,2019,109.2,0,2,0,0.0,0
Malayopython reticulatus,Putrajaya,2019,109.2,0,2,0,0.0,0
Naja sumatrana,Putrajaya,2019,109.2,0,2,0,0.0,0
Sus scrofa,Putrajaya,2019,109.2,0,2,0,0.0,0
Varanus salvator,Putrajaya,2019,109.2,0,2,0,0.0,0
Acridotheres tristis,Sabah,2019,3418.8,3541266,2,0,0.0,0
Corvus splendens,Sabah,2019,3418.8,3541266,2,7,0.28,1
Macaca fascicularis,Sabah,2019,3418.8,3541266,2,14,0.56,1
Malayopython reticulatus,Sabah,2019,3418.8,3541266,2,0,0.0,0
Naja sumatrana,Sabah,2019,3418.8,3541266,2,0,0.0,0
Sus scrofa,Sabah,2019,3418.8,3541266,2,0,0.0,0
Varanus salvator,Sabah,2019,3418.8,3541266,2,4,0.16,1
Acridotheres tristis,Sarawak,2019,2453.7,3964880,2,4,0.8,1
Corvus splendens,Sarawak,2019,2453.7,3964880,2,0,0.0,0
Macaca fascicularis,Sarawak,2019,2453.7,3964880,2,1,0.2,1
Malayopython reticulatus,Sarawak,2019,2453.7,3964880,2,0,0.0,0
Naja sumatrana,Sarawak,2019,2453.7,3964880,2,0,0.0,0
Sus scrofa,Sarawak,2019,2453.7,3964880,2,0,0.0,0
Varanus salvator,Sarawak,2019,2453.7,3964880,2,0,0.0,0
Acridotheres tristis,Selangor,2019,6994.4,250208,2,16,0.444444,1
Corvus splendens,Selangor,2019,6994.4,250208,2,16,0.444444,1
Macaca fascicularis,Selangor,2019,6994.4,250208,2,2,0.055556,1
Malayopython reticulatus,Selangor,2019,6994.4,250208,2,0,0.0,0
Naja sumatrana,Selangor,2019,6994.4,250208,2,0,0.0,0
Sus scrofa,Selangor,2019,6994.4,250208,2,0,0.0,0
Varanus salvator,Selangor,2019,6994.4,250208,2,2,0.055556,1
Acridotheres tristis,Johor,2019,4009.7,334292,3,5,0.25,1
Corvus splendens,Johor,2019,4009.7,334292,3,12,0.6,1
Macaca fascicularis,Johor,2019,4009.7,334292,3,2,0.1,1
Malayopython reticulatus,Johor,2019,4009.7,334292,3,0,0.0,0
Naja sumatrana,Johor,2019,4009.7,334292,3,0,0.0,0
Sus scrofa,Johor,2019,4009.7,334292,3,0,0.0,0
Varanus salvator,Johor,2019,4009.7,334292,3,1,0.05,1
Acridotheres tristis,Kedah,2019,2131.4,341976,3,14,0.666667,1
Corvus splendens,Kedah,2019,2131.4,341976,3,3,0.142857,1
Macaca fascicularis,Kedah,2019,2131.4,341976,3,2,0.095238,1
Malayopython reticulatus,Kedah,2019,2131.4,341976,3,2,0.095238,1
Naja sumatrana,Kedah,2019,2131.4,341976,3,0,0.0,0
Sus scrofa,Kedah,2019,2131.4,341976,3,0,0.0,0
Varanus salvator,Kedah,2019,2131.4,341976,3,0,0.0,0
Acridotheres tristis,Kuala Lumpur,2019,1982.1,68,3,20,0.5,1
Corvus splendens,Kuala Lumpur,2019,1982.1,68,3,19,0.475,1
Macaca fascicularis,Kuala Lumpur,2019,1982.1,68,3,0,0.0,0
Malayopython reticulatus,Kuala Lumpur,2019,1982.1,68,3,0,0.0,0
Naja sumatrana,Kuala Lumpur,2019,1982.1,68,3,0,0.0,0
Sus scrofa,Kuala Lumpur,2019,1982.1,68,3,0,0.0,0
Varanus salvator,Kuala Lumpur,2019,1982.1,68,3,1,0.025,1
Acridotheres tristis,Melaka,2019,998.4,5199,3,6,0.545455,1
Corvus splendens,Melaka,2019,998.4,5199,3,5,0.454545,1
Macaca fascicularis,Melaka,2019,998.4,5199,3,0,0.0,0
Malayopython reticulatus,Melaka,2019,998.4,5199,3,0,0.0,0
Naja sumatrana,Melaka,2019,998.4,5199,3,0,0.0,0
Sus scrofa,Melaka,2019,998.4,5199,3,0,0.0,0
Varanus salvator,Melaka,2019,998.4,5199,3,0,0.0,0
Acridotheres tristis,Negeri Sembilan,2019,1200.0,155492,3,14,0.7,1
Corvus splendens,Negeri Sembilan,2019,1200.0,155492,3,3,0.15,1
Macaca fascicularis,Negeri Sembilan,2019,1200.0,155492,3,3,0.15,1
Malayopython reticulatus,Negeri Sembilan,2019,1200.0,155492,3,0,0.0,0
Naja sumatrana,Negeri Sembilan,2019,1200.0,155492,3,0,0.0,0
Sus scrofa,Negeri Sembilan,2019,1200.0,155492,3,0,0.0,0
Varanus salvator,Negeri Sembilan,2019,1200.0,155492,3,0,0.0,0
Acridotheres tristis,Pahang,2019,1591.3,1550687,3,8,0.571429,1
Corvus splendens,Pahang,2019,1591.3,1550687,3,4,0.285714,1
Macaca fascicularis,Pahang,2019,1591.3,1550687,3,0,0.0,0
Malayopython reticulatus,Pahang,2019,1591.3,1550687,3,0,0.0,0
Naja sumatrana,Pahang,2019,1591.3,1550687,3,0,0.0,0
Sus scrofa,Pahang,2019,1591.3,1550687,3,2,0.142857,1
Varanus salvator,Pahang,2019,1591.3,1550687,3,0,0.0,0
Acridotheres tristis,Perak,2019,2496.0,988591,3,16,1.0,1
Corvus splendens,Perak,2019,2496.0,988591,3,0,0.0,0
Macaca fascicularis,Perak,2019,2496.0,988591,3,0,0.0,0
Malayopython reticulatus,Perak,2019,2496.0,988591,3,0,0.0,0
Naja sumatrana,Perak,2019,2496.0,988591,3,0,0.0,0
Sus scrofa,Perak,2019,2496.0,988591,3,0,0.0,0
Varanus salvator,Perak,2019,2496.0,988591,3,0,0.0,0
Acridotheres tristis,Pulau Pinang,2019,1740.4,5101,3,19,0.542857,1
Corvus splendens,Pulau Pinang,2019,1740.4,5101,3,12,0.342857,1
Macaca fascicularis,Pulau Pinang,2019,1740.4,5101,3,3,0.085714,1
Malayopython reticulatus,Pulau Pinang,2019,1740.4,5101,3,0,0.0,0
Naja sumatrana,Pulau Pinang,2019,1740.4,5101,3,0,0.0,0
Sus scrofa,Pulau Pinang,2019,1740.4,5101,3,0,0.0,0
Varanus salvator,Pulau Pinang,2019,1740.4,5101,3,1,0.028571,1
Acridotheres tristis,Sabah,2019,3418.8,3541266,3,5,0.416667,1
Corvus splendens,Sabah,2019,3418.8,3541266,3,1,0.083333,1
Macaca fascicularis,Sabah,2019,3418.8,3541266,3,2,0.166667,1
Malayopython reticulatus,Sabah,2019,3418.8,3541266,3,2,0.166667,1
Naja sumatrana,Sabah,2019,3418.8,3541266,3,0,0.0,0
Sus scrofa,Sabah,2019,3418.8,3541266,3,0,0.0,0
Varanus salvator,Sabah,2019,3418.8,3541266,3,2,0.166667,1
Acridotheres tristis,Sarawak,2019,2453.7,3964880,3,8,0.727273,1
Corvus splendens,Sarawak,2019,2453.7,3964880,3,0,0.0,0
Macaca fascicularis,Sarawak,2019,2453.7,3964880,3,3,0.272727,1
Malayopython reticulatus,Sarawak,2019,2453.7,3964880,3,0,0.0,0
Naja sumatrana,Sarawak,2019,2453.7,3964880,3,0,0.0,0
Sus scrofa,Sarawak,2019,2453.7,3964880,3,0,0.0,0
Varanus salvator,Sarawak,2019,2453.7,3964880,3,0,0.0,0
Acridotheres tristis,Selangor,2019,6994.4,250208,3,10,0.333333,1
Corvus splendens,Selangor,2019,6994.4,250208,3,18,0.6,1
Macaca fascicularis,Selangor,2019,6994.4,250208,3,1,0.033333,1
Malayopython reticulatus,Selangor,2019,6994.4,250208,3,0,0.0,0
Naja sumatrana,Selangor,2019,6994.4,250208,3,0,0.0,0
Sus scrofa,Selangor,2019,6994.4,250208,3,0,0.0,0
Varanus salvator,Selangor,2019,6994.4,250208,3,1,0.033333,1
Acridotheres tristis,Johor,2019,4009.7,334292,4,10,0.4,1
Corvus splendens,Johor,2019,4009.7,334292,4,10,0.4,1
Macaca fascicularis,Johor,2019,4009.7,334292,4,2,0.08,1
Malayopython reticulatus,Johor,2019,4009.7,334292,4,0,0.0,0
Naja sumatrana,Johor,2019,4009.7,334292,4,0,0.0,0
Sus scrofa,Johor,2019,4009.7,334292,4,1,0.04,1
Varanus salvator,Johor,2019,4009.7,334292,4,2,0.08,1
Acridotheres tristis,Kedah,2019,2131.4,341976,4,5,0.5,1
Corvus splendens,Kedah,2019,2131.4,341976,4,3,0.3,1
Macaca fascicularis,Kedah,2019,2131.4,341976,4,2,0.2,1
Malayopython reticulatus,Kedah,2019,2131.4,341976,4,0,0.0,0
Naja sumatrana,Kedah,2019,2131.4,341976,4,0,0.0,0
Sus scrofa,Kedah,2019,2131.4,341976,4,0,0.0,0
Varanus salvator,Kedah,2019,2131.4,341976,4,0,0.0,0
Acridotheres tristis,Kuala Lumpur,2019,1982.1,68,4,7,0.269231,1
Corvus splendens,Kuala Lumpur,2019,1982.1,68,4,7,0.269231,1
Macaca fascicularis,Kuala Lumpur,2019,1982.1,68,4,9,0.346154,1
Malayopython reticulatus,Kuala Lumpur,2019,1982.1,68,4,0,0.0,0
Naja sumatrana,Kuala Lumpur,2019,1982.1,68,4,0,0.0,0
Sus scrofa,Kuala Lumpur,2019,1982.1,68,4,0,0.0,0
Varanus salvator,Kuala Lumpur,2019,1982.1,68,4,3,0.115385,1
Acridotheres tristis,Melaka,2019,998.4,5199,4,0,0.0,0
Corvus splendens,Melaka,2019,998.4,5199,4,1,1.0,1
Macaca fascicularis,Melaka,2019,998.4,5199,4,0,0.0,0
Malayopython reticulatus,Melaka,2019,998.4,5199,4,0,0.0,0
Naja sumatrana,Melaka,2019,998.4,5199,4,0,0.0,0
Sus scrofa,Melaka,2019,998.4,5199,4,0,0.0,0
Varanus salvator,Melaka,2019,998.4,5199,4,0,0.0,0
Acridotheres tristis,Negeri Sembilan,2019,1200.0,155492,4,7,0.875,1
Corvus splendens,Negeri Sembilan,2019,1200.0,155492,4,1,0.125,1
Macaca fascicularis,Negeri Sembilan,2019,1200.0,155492,4,0,0.0,0
Malayopython reticulatus,Negeri Sembilan,2019,1200.0,155492,4,0,0.0,0
Naja sumatrana,Negeri Sembilan,2019,1200.0,155492,4,0,0.0,0
Sus scrofa,Negeri Sembilan,2019,1200.0,155492,4,0,0.0,0
Varanus salvator,Negeri Sembilan,2019,1200.0,155492,4,0,0.0,0
Acridotheres tristis,Pahang,2019,1591.3,1550687,4,21,0.777778,1
Corvus splendens,Pahang,2019,1591.3,1550687,4,0,0.0,0
Macaca fascicularis,Pahang,2019,1591.3,1550687,4,3,0.111111,1
Malayopython reticulatus,Pahang,2019,1591.3,1550687,4,0,0.0,0
Naja sumatrana,Pahang,2019,1591.3,1550687,4,0,0.0,0
Sus scrofa,Pahang,2019,1591.3,1550687,4,3,0.111111,1
Varanus salvator,Pahang,2019,1591.3,1550687,4,0,0.0,0
Acridotheres tristis,Perak,2019,2496.0,988591,4,12,0.571429,1
Corvus splendens,Perak,2019,2496.0,988591,4,8,0.380952,1
Macaca fascicularis,Perak,2019,2496.0,988591,4,0,0.0,0
Malayopython reticulatus,Perak,2019,2496.0,988591,4,0,0.0,0
Naja sumatrana,Perak,2019,2496.0,988591,4,0,0.0,0
Sus scrofa,Perak,2019,2496.0,988591,4,0,0.0,0
Varanus salvator,Perak,2019,2496.0,988591,4,1,0.047619,1
Acridotheres tristis,Pulau Pinang,2019,1740.4,5101,4,82,0.376147,1
Corvus splendens,Pulau Pinang,2019,1740.4,5101,4,73,0.334862,1
Macaca fascicularis,Pulau Pinang,2019,1740.4,5101,4,36,0.165138,1
Malayopython reticulatus,Pulau Pinang,2019,1740.4,5101,4,0,0.0,0
Naja sumatrana,Pulau Pinang,2019,1740.4,5101,4,0,0.0,0
Sus scrofa,Pulau Pinang,2019,1740.4,5101,4,0,0.0,0
Varanus salvator,Pulau Pinang,2019,1740.4,5101,4,27,0.123853,1
Acridotheres tristis,Putrajaya,2019,109.2,0,4,0,0.0,0
Corvus splendens,Putrajaya,2019,109.2,0,4,3,1.0,1
Macaca fascicularis,Putrajaya,2019,109.2,0,4,0,0.0,0
Malayopython reticulatus,Putrajaya,2019,109.2,0,4,0,0.0,0
Naja sumatrana,Putrajaya,2019,109.2,0,4,0,0.0,0
Sus scrofa,Putrajaya,2019,109.2,0,4,0,0.0,0
Varanus salvator,Putrajaya,2019,109.2,0,4,0,0.0,0
Acridotheres tristis,Sabah,2019,3418.8,3541266,4,5,0.333333,1
Corvus splendens,Sabah,2019,3418.8,3541266,4,2,0.133333,1
Macaca fascicularis,Sabah,2019,3418.8,3541266,4,3,0.2,1
Malayopython reticulatus,Sabah,2019,3418.8,3541266,4,0,0.0,0
Naja sumatrana,Sabah,2019,3418.8,3541266,4,0,0.0,0
Sus scrofa,Sabah,2019,3418.8,3541266,4,0,0.0,0
Varanus salvator,Sabah,2019,3418.8,3541266,4,5,0.333333,1
Acridotheres tristis,Sarawak,2019,2453.7,3964880,4,12,0.8,1
Corvus splendens,Sarawak,2019,2453.7,3964880,4,1,0.066667,1
Macaca fascicularis,Sarawak,2019,2453.7,3964880,4,0,0.0,0
Malayopython reticulatus,Sarawak,2019,2453.7,3964880,4,0,0.0,0
Naja sumatrana,Sarawak,2019,2453.7,3964880,4,0,0.0,0
Sus scrofa,Sarawak,2019,2453.7,3964880,4,0,0.0,0
Varanus salvator,Sarawak,2019,2453.7,3964880,4,2,0.133333,1
Acridotheres tristis,Selangor,2019,6994.4,250208,4,23,0.319444,1
Corvus splendens,Selangor,2019,6994.4,250208,4,42,0.583333,1
Macaca fascicularis,Selangor,2019,6994.4,250208,4,6,0.083333,1
Malayopython reticulatus,Selangor,2019,6994.4,250208,4,0,0.0,0
Naja sumatrana,Selangor,2019,6994.4,250208,4,0,0.0,0
Sus scrofa,Selangor,2019,6994.4,250208,4,0,0.0,0
Varanus salvator,Selangor,2019,6994.4,250208,4,1,0.013889,1
Acridotheres tristis,Johor,2019,4009.7,334292,5,10,0.625,1
Corvus splendens,Johor,2019,4009.7,334292,5,6,0.375,1
Macaca fascicularis,Johor,2019,4009.7,334292,5,0,0.0,0
Malayopython reticulatus,Johor,2019,4009.7,334292,5,0,0.0,0
Naja sumatrana,Johor,2019,4009.7,334292,5,0,0.0,0
Sus scrofa,Johor,2019,4009.7,334292,5,0,0.0,0
Varanus salvator,Johor,2019,4009.7,334292,5,0,0.0,0
Acridotheres tristis,Kedah,2019,2131.4,341976,5,7,1.0,1
Corvus splendens,Kedah,2019,2131.4,341976,5,0,0.0,0
Macaca fascicularis,Kedah,2019,2131.4,341976,5,0,0.0,0
Malayopython reticulatus,Kedah,2019,2131.4,341976,5,0,0.0,0
Naja sumatrana,Kedah,2019,2131.4,341976,5,0,0.0,0
Sus scrofa,Kedah,2019,2131.4,341976,5,0,0.0,0
Varanus salvator,Kedah,2019,2131.4,341976,5,0,0.0,0
Acridotheres tristis,Kelantan,2019,1792.5,629775,5,3,1.0,1
Corvus splendens,Kelantan,2019,1792.5,629775,5,0,0.0,0
Macaca fascicularis,Kelantan,2019,1792.5,629775,5,0,0.0,0
Malayopython reticulatus,Kelantan,2019,1792.5,629775,5,0,0.0,0
Naja sumatrana,Kelantan,2019,1792.5,629775,5,0,0.0,0
Sus scrofa,Kelantan,2019,1792.5,629775,5,0,0.0,0
Varanus salvator,Kelantan,2019,1792.5,629775,5,0,0.0,0
Acridotheres tristis,Kuala Lumpur,2019,1982.1,68,5,5,0.384615,1
Corvus splendens,Kuala Lumpur,2019,1982.1,68,5,7,0.538462,1
Macaca fascicularis,Kuala Lumpur,2019,1982.1,68,5,0,0.0,0
Malayopython reticulatus,Kuala Lumpur,2019,1982.1,68,5,0,0.0,0
Naja sumatrana,Kuala Lumpur,2019,1982.1,68,5,0,0.0,0
Sus scrofa,Kuala Lumpur,2019,1982.1,68,5,0,0.0,0
Varanus salvator,Kuala Lumpur,2019,1982.1,68,5,1,0.076923,1
Acridotheres tristis,Melaka,2019,998.4,5199,5,2,1.0,1
Corvus splendens,Melaka,2019,998.4,5199,5,0,0.0,0
Macaca fascicularis,Melaka,2019,998.4,5199,5,0,0.0,0
Malayopython reticulatus,Melaka,2019,998.4,5199,5,0,0.0,0
Naja sumatrana,Melaka,2019,998.4,5199,5,0,0.0,0
Sus scrofa,Melaka,2019,998.4,5199,5,0,0.0,0
Varanus salvator,Melaka,2019,998.4,5199,5,0,0.0,0
Acridotheres tristis,Negeri Sembilan,2019,1200.0,155492,5,8,0.8,1
Corvus splendens,Negeri Sembilan,2019,1200.0,155492,5,2,0.2,1
Macaca fascicularis,Negeri Sembilan,2019,1200.0,155492,5,0,0.0,0
Malayopython reticulatus,Negeri Sembilan,2019,1200.0,155492,5,0,0.0,0
Naja sumatrana,Negeri Sembilan,2019,1200.0,155492,5,0,0.0,0
Sus scrofa,Negeri Sembilan,2019,1200.0,155492,5,0,0.0,0
Varanus salvator,Negeri Sembilan,2019,1200.0,155492,5,0,0.0,0
Acridotheres tristis,Pahang,2019,1591.3,1550687,5,10,0.714286,1
Corvus splendens,Pahang,2019,1591.3,1550687,5,4,0.285714,1
Macaca fascicularis,Pahang,2019,1591.3,1550687,5,0,0.0,0
Malayopython reticulatus,Pahang,2019,1591.3,1550687,5,0,0.0,0
Naja sumatrana,Pahang,2019,1591.3,1550687,5,0,0.0,0
Sus scrofa,Pahang,2019,1591.3,1550687,5,0,0.0,0
Varanus salvator,Pahang,2019,1591.3,1550687,5,0,0.0,0
Acridotheres tristis,Perak,2019,2496.0,988591,5,15,0.9375,1
Corvus splendens,Perak,2019,2496.0,988591,5,0,0.0,0
Macaca fascicularis,Perak,2019,2496.0,988591,5,0,0.0,0
Malayopython reticulatus,Perak,2019,2496.0,988591,5,0,0.0,0
Naja sumatrana,Perak,2019,2496.0,988591,5,0,0.0,0
Sus scrofa,Perak,2019,2496.0,988591,5,0,0.0,0
Varanus salvator,Perak,2019,2496.0,988591,5,1,0.0625,1
Acridotheres tristis,Pulau Pinang,2019,1740.4,5101,5,22,0.458333,1
Corvus splendens,Pulau Pinang,2019,1740.4,5101,5,17,0.354167,1
Macaca fascicularis,Pulau Pinang,2019,1740.4,5101,5,6,0.125,1
Malayopython reticulatus,Pulau Pinang,2019,1740.4,5101,5,0,0.0,0
Naja sumatrana,Pulau Pinang,2019,1740.4,5101,5,0,0.0,0
Sus scrofa,Pulau Pinang,2019,1740.4,5101,5,0,0.0,0
Varanus salvator,Pulau Pinang,2019,1740.4,5101,5,3,0.0625,1
Acridotheres tristis,Putrajaya,2019,109.2,0,5,0,0.0,0
Corvus splendens,Putrajaya,2019,109.2,0,5,1,1.0,1
Macaca fascicularis,Putrajaya,2019,109.2,0,5,0,0.0,0
Malayopython reticulatus,Putrajaya,2019,109.2,0,5,0,0.0,0
Naja sumatrana,Putrajaya,2019,109.2,0,5,0,0.0,0
Sus scrofa,Putrajaya,2019,109.2,0,5,0,0.0,0
Varanus salvator,Putrajaya,2019,109.2,0,5,0,0.0,0
Acridotheres tristis,Sabah,2019,3418.8,3541266,5,4,0.117647,1
Corvus splendens,Sabah,2019,3418.8,3541266,5,5,0.147059,1
Macaca fascicularis,Sabah,2019,3418.8,3541266,5,11,0.323529,1
Malayopython reticulatus,Sabah,2019,3418.8,3541266,5,1,0.029412,1
Naja sumatrana,Sabah,2019,3418.8,3541266,5,0,0.0,0
Sus scrofa,Sabah,2019,3418.8,3541266,5,0,0.0,0
Varanus salvator,Sabah,2019,3418.8,3541266,5,13,0.382353,1
Acridotheres tristis,Sarawak,2019,2453.7,3964880,5,12,1.0,1
Corvus splendens,Sarawak,2019,2453.7,3964880,5,0,0.0,0
Macaca fascicularis,Sarawak,2019,2453.7,3964880,5,0,0.0,0
Malayopython reticulatus,Sarawak,2019,2453.7,3964880,5,0,0.0,0
Naja sumatrana,Sarawak,2019,2453.7,3964880,5,0,0.0,0
Sus scrofa,Sarawak,2019,2453.7,3964880,5,0,0.0,0
Varanus salvator,Sarawak,2019,2453.7,3964880,5,0,0.0,0
Acridotheres tristis,Selangor,2019,6994.4,250208,5,22,0.37931,1
Corvus splendens,Selangor,2019,6994.4,250208,5,32,0.551724,1
Macaca fascicularis,Selangor,2019,6994.4,250208,5,2,0.034483,1
Malayopython reticulatus,Selangor,2019,6994.4,250208,5,0,0.0,0
Naja sumatrana,Selangor,2019,6994.4,250208,5,0,0.0,0
Sus scrofa,Selangor,2019,6994.4,250208,5,0,0.0,0
Varanus salvator,Selangor,2019,6994.4,250208,5,2,0.034483,1
Acridotheres tristis,Terengganu,2019,1149.4,540309,5,1,1.0,1
Corvus splendens,Terengganu,2019,1149.4,540309,5,0,0.0,0
Macaca fascicularis,Terengganu,2019,1149.4,540309,5,0,0.0,0
Malayopython reticulatus,Terengganu,2019,1149.4,540309,5,0,0.0,0
Naja sumatrana,Terengganu,2019,1149.4,540309,5,0,0.0,0
Sus scrofa,Terengganu,2019,1149.4,540309,5,0,0.0,0
Varanus salvator,Terengganu,2019,1149.4,540309,5,0,0.0,0
Acridotheres tristis,Johor,2019,4009.7,334292,6,2,0.181818,1
Corvus splendens,Johor,2019,4009.7,334292,6,7,0.636364,1
Macaca fascicularis,Johor,2019,4009.7,334292,6,0,0.0,0
Malayopython reticulatus,Johor,2019,4009.7,334292,6,1,0.090909,1
Naja sumatrana,Johor,2019,4009.7,334292,6,1,0.090909,1
Sus scrofa,Johor,2019,4009.7,334292,6,0,0.0,0
Varanus salvator,Johor,2019,4009.7,334292,6,0,0.0,0
Acridotheres tristis,Kedah,2019,2131.4,341976,6,8,0.615385,1
Corvus splendens,Kedah,2019,2131.4,341976,6,0,0.0,0
Macaca fascicularis,Kedah,2019,2131.4,341976,6,2,0.153846,1
Malayopython reticulatus,Kedah,2019,2131.4,341976,6,0,0.0,0
Naja sumatrana,Kedah,2019,2131.4,341976,6,0,0.0,0
Sus scrofa,Kedah,2019,2131.4,341976,6,0,0.0,0
Varanus salvator,Kedah,2019,2131.4,341976,6,3,0.230769,1
Acridotheres tristis,Kuala Lumpur,2019,1982.1,68,6,3,0.2,1
Corvus splendens,Kuala Lumpur,2019,1982.1,68,6,10,0.666667,1
Macaca fascicularis,Kuala Lumpur,2019,1982.1,68,6,0,0.0,0
Malayopython reticulatus,Kuala Lumpur,2019,1982.1,68,6,0,0.0,0
Naja sumatrana,Kuala Lumpur,2019,1982.1,68,6,0,0.0,0
Sus scrofa,Kuala Lumpur,2019,1982.1,68,6,0,0.0,0
Varanus salvator,Kuala Lumpur,2019,1982.1,68,6,2,0.133333,1
Acridotheres tristis,Melaka,2019,998.4,5199,6,3,0.6,1
Corvus splendens,Melaka,2019,998.4,5199,6,1,0.2,1
Macaca fascicularis,Melaka,2019,998.4,5199,6,0,0.0,0
Malayopython reticulatus,Melaka,2019,998.4,5199,6,0,0.0,0
Naja sumatrana,Melaka,2019,998.4,5199,6,0,0.0,0
Sus scrofa,Melaka,2019,998.4,5199,6,0,0.0,0
Varanus salvator,Melaka,2019,998.4,5199,6,1,0.2,1
Acridotheres tristis,Negeri Sembilan,2019,1200.0,155492,6,1,0.2,1
Corvus splendens,Negeri Sembilan,2019,1200.0,155492,6,2,0.4,1
Macaca fascicularis,Negeri Sembilan,2019,1200.0,155492,6,1,0.2,1
Malayopython reticulatus,Negeri Sembilan,2019,1200.0,155492,6,0,0.0,0
Naja sumatrana,Negeri Sembilan,2019,1200.0,155492,6,0,0.0,0
Sus scrofa,Negeri Sembilan,2019,1200.0,155492,6,0,0.0,0
Varanus salvator,Negeri Sembilan,2019,1200.0,155492,6,1,0.2,1
Acridotheres tristis,Pahang,2019,1591.3,1550687,6,15,0.46875,1
Corvus splendens,Pahang,2019,1591.3,1550687,6,8,0.25,1
Macaca fascicularis,Pahang,2019,1591.3,1550687,6,5,0.15625,1
Malayopython reticulatus,Pahang,2019,1591.3,1550687,6,0,0.0,0
Naja sumatrana,Pahang,2019,1591.3,1550687,6,0,0.0,0
Sus scrofa,Pahang,2019,1591.3,1550687,6,3,0.09375,1
Varanus salvator,Pahang,2019,1591.3,1550687,6,1,0.03125,1
Acridotheres tristis,Perak,2019,2496.0,988591,6,7,0.777778,1
Corvus splendens,Perak,2019,2496.0,988591,6,0,0.0,0
Macaca fascicularis,Perak,2019,2496.0,988591,6,1,0.111111,1
Malayopython reticulatus,Perak,2019,2496.0,988591,6,0,0.0,0
Naja sumatrana,Perak,2019,2496.0,988591,6,0,0.0,0
Sus scrofa,Perak,2019,2496.0,988591,6,0,0.0,0
Varanus salvator,Perak,2019,2496.0,988591,6,1,0.111111,1
Acridotheres tristis,Perlis,2019,284.9,10628,6,2,1.0,1
Corvus splendens,Perlis,2019,284.9,10628,6,0,0.0,0
Macaca fascicularis,Perlis,2019,284.9,10628,6,0,0.0,0
Malayopython reticulatus,Perlis,2019,284.9,10628,6,0,0.0,0
Naja sumatrana,Perlis,2019,284.9,10628,6,0,0.0,0
Sus scrofa,Perlis,2019,284.9,10628,6,0,0.0,0
Varanus salvator,Perlis,2019,284.9,10628,6,0,0.0,0
Acridotheres tristis,Pulau Pinang,2019,1740.4,5101,6,11,0.458333,1
Corvus splendens,Pulau Pinang,2019,1740.4,5101,6,8,0.333333,1
Macaca fascicularis,Pulau Pinang,2019,1740.4,5101,6,4,0.166667,1
Malayopython reticulatus,Pulau Pinang,2019,1740.4,5101,6,0,0.0,0
Naja sumatrana,Pulau Pinang,2019,1740.4,5101,6,0,0.0,0
Sus scrofa,Pulau Pinang,2019,1740.4,5101,6,0,0.0,0
Varanus salvator,Pulau Pinang,2019,1740.4,5101,6,1,0.041667,1
Acridotheres tristis,Putrajaya,2019,109.2,0,6,3,0.5,1
Corvus splendens,Putrajaya,2019,109.2,0,6,3,0.5,1
Macaca fascicularis,Putrajaya,2019,109.2,0,6,0,0.0,0
Malayopython reticulatus,Putrajaya,2019,109.2,0,6,0,0.0,0
Naja sumatrana,Putrajaya,2019,109.2,0,6,0,0.0,0
Sus scrofa,Putrajaya,2019,109.2,0,6,0,0.0,0
Varanus salvator,Putrajaya,2019,109.2,0,6,0,0.0,0
Acridotheres tristis,Sabah,2019,3418.8,3541266,6,6,0.5,1
Corvus splendens,Sabah,2019,3418.8,3541266,6,6,0.5,1
Macaca fascicularis,Sabah,2019,3418.8,3541266,6,0,0.0,0
Malayopython reticulatus,Sabah,2019,3418.8,3541266,6,0,0.0,0
Naja sumatrana,Sabah,2019,3418.8,3541266,6,0,0.0,0
Sus scrofa,Sabah,2019,3418.8,3541266,6,0,0.0,0
Varanus salvator,Sabah,2019,3418.8,3541266,6,0,0.0,0
Acridotheres tristis,Sarawak,2019,2453.7,3964880,6,5,1.0,1
Corvus splendens,Sarawak,2019,2453.7,3964880,6,0,0.0,0
Macaca fascicularis,Sarawak,2019,2453.7,3964880,6,0,0.0,0
Malayopython reticulatus,Sarawak,2019,2453.7,3964880,6,0,0.0,0
Naja sumatrana,Sarawak,2019,2453.7,3964880,6,0,0.0,0
Sus scrofa,Sarawak,2019,2453.7,3964880,6,0,0.0,0
Varanus salvator,Sarawak,2019,2453.7,3964880,6,0,0.0,0
Acridotheres tristis,Selangor,2019,6994.4,250208,6,17,0.303571,1
Corvus splendens,Selangor,2019,6994.4,250208,6,33,0.589286,1
Macaca fascicularis,Selangor,2019,6994.4,250208,6,4,0.071429,1
Malayopython reticulatus,Selangor,2019,6994.4,250208,6,0,0.0,0
Naja sumatrana,Selangor,2019,6994.4,250208,6,0,0.0,0
Sus scrofa,Selangor,2019,6994.4,250208,6,0,0.0,0
Varanus salvator,Selangor,2019,6994.4,250208,6,2,0.035714,1
Acridotheres tristis,Johor,2019,4009.7,334292,7,7,0.583333,1
Corvus splendens,Johor,2019,4009.7,334292,7,2,0.166667,1
Macaca fascicularis,Johor,2019,4009.7,334292,7,1,0.083333,1
Malayopython reticulatus,Johor,2019,4009.7,334292,7,0,0.0,0
Naja sumatrana,Johor,2019,4009.7,334292,7,1,0.083333,1
Sus scrofa,Johor,2019,4009.7,334292,7,0,0.0,0
Varanus salvator,Johor,2019,4009.7,334292,7,1,0.083333,1
Acridotheres tristis,Kedah,2019,2131.4,341976,7,9,0.642857,1
Corvus splendens,Kedah,2019,2131.4,341976,7,3,0.214286,1
Macaca fascicularis,Kedah,2019,2131.4,341976,7,1,0.071429,1
Malayopython reticulatus,Kedah,2019,2131.4,341976,7,1,0.071429,1
Naja sumatrana,Kedah,2019,2131.4,341976,7,0,0.0,0
Sus scrofa,Kedah,2019,2131.4,341976,7,0,0.0,0
Varanus salvator,Kedah,2019,2131.4,341976,7,0,0.0,0
Acridotheres tristis,Kuala Lumpur,2019,1982.1,68,7,29,0.315217,1
Corvus splendens,Kuala Lumpur,2019,1982.1,68,7,59,0.641304,1
Macaca fascicularis,Kuala Lumpur,2019,1982.1,68,7,4,0.043478,1
Malayopython reticulatus,Kuala Lumpur,2019,1982.1,68,7,0,0.0,0
Naja sumatrana,Kuala Lumpur,2019,1982.1,68,7,0,0.0,0
Sus scrofa,Kuala Lumpur,2019,1982.1,68,7,0,0.0,0
Varanus salvator,Kuala Lumpur,2019,1982.1,68,7,0,0.0,0
Acridotheres tristis,Melaka,2019,998.4,5199,7,2,0.285714,1
Corvus splendens,Melaka,2019,998.4,5199,7,3,0.428571,1
Macaca fascicularis,Melaka,2019,998.4,5199,7,1,0.142857,1
Malayopython reticulatus,Melaka,2019,998.4,5199,7,0,0.0,0
Naja sumatrana,Melaka,2019,998.4,5199,7,0,0.0,0
Sus scrofa,Melaka,2019,998.4,5199,7,0,0.0,0
Varanus salvator,Melaka,2019,998.4,5199,7,1,0.142857,1
Acridotheres tristis,Negeri Sembilan,2019,1200.0,155492,7,13,0.52,1
Corvus splendens,Negeri Sembilan,2019,1200.0,155492,7,10,0.4,1
Macaca fascicularis,Negeri Sembilan,2019,1200.0,155492,7,1,0.04,1
Malayopython reticulatus,Negeri Sembilan,2019,1200.0,155492,7,0,0.0,0
Naja sumatrana,Negeri Sembilan,2019,1200.0,155492,7,0,0.0,0
Sus scrofa,Negeri Sembilan,2019,1200.0,155492,7,0,0.0,0
Varanus salvator,Negeri Sembilan,2019,1200.0,155492,7,1,0.04,1
Acridotheres tristis,Pahang,2019,1591.3,1550687,7,24,0.521739,1
Corvus splendens,Pahang,2019,1591.3,1550687,7,4,0.086957,1
Macaca fascicularis,Pahang,2019,1591.3,1550687,7,8,0.173913,1
Malayopython reticulatus,Pahang,2019,1591.3,1550687,7,0,0.0,0
Naja sumatrana,Pahang,2019,1591.3,1550687,7,0,0.0,0
Sus scrofa,Pahang,2019,1591.3,1550687,7,3,0.065217,1
Varanus salvator,Pahang,2019,1591.3,1550687,7,7,0.152174,1
Acridotheres tristis,Perak,2019,2496.0,988591,7,3,0.75,1
Corvus splendens,Perak,2019,2496.0,988591,7,0,0.0,0
Macaca fascicularis,Perak,2019,2496.0,988591,7,0,0.0,0
Malayopython reticulatus,Perak,2019,2496.0,988591,7,0,0.0,0
Naja sumatrana,Perak,2019,2496.0,988591,7,0,0.0,0
Sus scrofa,Perak,2019,2496.0,988591,7,0,0.0,0
Varanus salvator,Perak,2019,2496.0,988591,7,1,0.25,1
Acridotheres tristis,Perlis,2019,284.9,10628,7,1,1.0,1
Corvus splendens,Perlis,2019,284.9,10628,7,0,0.0,0
Macaca fascicularis,Perlis,2019,284.9,10628,7,0,0.0,0
Malayopython reticulatus,Perlis,2019,284.9,10628,7,0,0.0,0
Naja sumatrana,Perlis,2019,284.9,10628,7,0,0.0,0
Sus scrofa,Perlis,2019,284.9,10628,7,0,0.0,0
Varanus salvator,Perlis,2019,284.9,10628,7,0,0.0,0
Acridotheres tristis,Pulau Pinang,2019,1740.4,5101,7,21,0.525,1
Corvus splendens,Pulau Pinang,2019,1740.4,5101,7,17,0.425,1
Macaca fascicularis,Pulau Pinang,2019,1740.4,5101,7,1,0.025,1
Malayopython reticulatus,Pulau Pinang,2019,1740.4,5101,7,0,0.0,0
Naja sumatrana,Pulau Pinang,2019,1740.4,5101,7,0,0.0,0
Sus scrofa,Pulau Pinang,2019,1740.4,5101,7,0,0.0,0
Varanus salvator,Pulau Pinang,2019,1740.4,5101,7,1,0.025,1
Acridotheres tristis,Putrajaya,2019,109.2,0,7,1,0.5,1
Corvus splendens,Putrajaya,2019,109.2,0,7,1,0.5,1
Macaca fascicularis,Putrajaya,2019,109.2,0,7,0,0.0,0
Malayopython reticulatus,Putrajaya,2019,109.2,0,7,0,0.0,0
Naja sumatrana,Putrajaya,2019,109.2,0,7,0,0.0,0
Sus scrofa,Putrajaya,2019,109.2,0,7,0,0.0,0
Varanus salvator,Putrajaya,2019,109.2,0,7,0,0.0,0
Acridotheres tristis,Sabah,2019,3418.8,3541266,7,3,0.09375,1
Corvus splendens,Sabah,2019,3418.8,3541266,7,8,0.25,1
Macaca fascicularis,Sabah,2019,3418.8,3541266,7,8,0.25,1
Malayopython reticulatus,Sabah,2019,3418.8,3541266,7,0,0.0,0
Naja sumatrana,Sabah,2019,3418.8,3541266,7,1,0.03125,1
Sus scrofa,Sabah,2019,3418.8,3541266,7,0,0.0,0
Varanus salvator,Sabah,2019,3418.8,3541266,7,12,0.375,1
Acridotheres tristis,Sarawak,2019,2453.7,3964880,7,14,0.875,1
Corvus splendens,Sarawak,2019,2453.7,3964880,7,1,0.0625,1
Macaca fascicularis,Sarawak,2019,2453.7,3964880,7,1,0.0625,1
Malayopython reticulatus,Sarawak,2019,2453.7,3964880,7,0,0.0,0
Naja sumatrana,Sarawak,2019,2453.7,3964880,7,0,0.0,0
Sus scrofa,Sarawak,2019,2453.7,3964880,7,0,0.0,0
Varanus salvator,Sarawak,2019,2453.7,3964880,7,0,0.0,0
Acridotheres tristis,Selangor,2019,6994.4,250208,7,34,0.346939,1
Corvus splendens,Selangor,2019,6994.4,250208,7,51,0.520408,1
Macaca fascicularis,Selangor,2019,6994.4,250208,7,11,0.112245,1
Malayopython reticulatus,Selangor,2019,6994.4,250208,7,0,0.0,0
Naja sumatrana,Selangor,2019,6994.4,250208,7,0,0.0,0
Sus scrofa,Selangor,2019,6994.4,250208,7,1,0.010204,1
Varanus salvator,Selangor,2019,6994.4,250208,7,1,0.010204,1
Acridotheres tristis,Terengganu,2019,1149.4,540309,7,6,0.6,1
Corvus splendens,Terengganu,2019,1149.4,540309,7,4,0.4,1
Macaca fascicularis,Terengganu,2019,1149.4,540309,7,0,0.0,0
Malayopython reticulatus,Terengganu,2019,1149.4,540309,7,0,0.0,0
Naja sumatrana,Terengganu,2019,1149.4,540309,7,0,0.0,0
Sus scrofa,Terengganu,2019,1149.4,540309,7,0,0.0,0
Varanus salvator,Terengganu,2019,1149.4,540309,7,0,0.0,0
Acridotheres tristis,Johor,2019,4009.7,334292,8,4,0.285714,1
Corvus splendens,Johor,2019,4009.7,334292,8,5,0.357143,1
Macaca fascicularis,Johor,2019,4009.7,334292,8,1,0.071429,1
Malayopython reticulatus,Johor,2019,4009.7,334292,8,0,0.0,0
Naja sumatrana,Johor,2019,4009.7,334292,8,1,0.071429,1
Sus scrofa,Johor,2019,4009.7,334292,8,0,0.0,0
Varanus salvator,Johor,2019,4009.7,334292,8,3,0.214286,1
Acridotheres tristis,Kedah,2019,2131.4,341976,8,10,0.833333,1
Corvus splendens,Kedah,2019,2131.4,341976,8,0,0.0,0
Macaca fascicularis,Kedah,2019,2131.4,341976,8,1,0.083333,1
Malayopython reticulatus,Kedah,2019,2131.4,341976,8,0,0.0,0
Naja sumatrana,Kedah,2019,2131.4,341976,8,0,0.0,0
Sus scrofa,Kedah,2019,2131.4,341976,8,0,0.0,0
Varanus salvator,Kedah,2019,2131.4,341976,8,1,0.083333,1
Acridotheres tristis,Kuala Lumpur,2019,1982.1,68,8,16,0.457143,1
Corvus splendens,Kuala Lumpur,2019,1982.1,68,8,16,0.457143,1
Macaca fascicularis,Kuala Lumpur,2019,1982.1,68,8,1,0.028571,1
Malayopython reticulatus,Kuala Lumpur,2019,1982.1,68,8,0,0.0,0
Naja sumatrana,Kuala Lumpur,2019,1982.1,68,8,0,0.0,0
Sus scrofa,Kuala Lumpur,2019,1982.1,68,8,0,0.0,0
Varanus salvator,Kuala Lumpur,2019,1982.1,68,8,2,0.057143,1
Acridotheres tristis,Melaka,2019,998.4,5199,8,1,0.111111,1
Corvus splendens,Melaka,2019,998.4,5199,8,6,0.666667,1
Macaca fascicularis,Melaka,2019,998.4,5199,8,0,0.0,0
Malayopython reticulatus,Melaka,2019,998.4,5199,8,0,0.0,0
Naja sumatrana,Melaka,2019,998.4,5199,8,0,0.0,0
Sus scrofa,Melaka,2019,998.4,5199,8,0,0.0,0
Varanus salvator,Melaka,2019,998.4,5199,8,2,0.222222,1
Acridotheres tristis,Negeri Sembilan,2019,1200.0,155492,8,9,0.642857,1
Corvus splendens,Negeri Sembilan,2019,1200.0,155492,8,2,0.142857,1
Macaca fascicularis,Negeri Sembilan,2019,1200.0,155492,8,2,0.142857,1
Malayopython reticulatus,Negeri Sembilan,2019,1200.0,155492,8,0,0.0,0
Naja sumatrana,Negeri Sembilan,2019,1200.0,155492,8,0,0.0,0
Sus scrofa,Negeri Sembilan,2019,1200.0,155492,8,0,0.0,0
Varanus salvator,Negeri Sembilan,2019,1200.0,155492,8,1,0.071429,1
Acridotheres tristis,Pahang,2019,1591.3,1550687,8,24,0.685714,1
Corvus splendens,Pahang,2019,1591.3,1550687,8,5,0.142857,1
Macaca fascicularis,Pahang,2019,1591.3,1550687,8,6,0.171429,1
Malayopython reticulatus,Pahang,2019,1591.3,1550687,8,0,0.0,0
Naja sumatrana,Pahang,2019,1591.3,1550687,8,0,0.0,0
Sus scrofa,Pahang,2019,1591.3,1550687,8,0,0.0,0
Varanus salvator,Pahang,2019,1591.3,1550687,8,0,0.0,0
Acridotheres tristis,Perak,2019,2496.0,988591,8,8,1.0,1
Corvus splendens,Perak,2019,2496.0,988591,8,0,0.0,0
Macaca fascicularis,Perak,2019,2496.0,988591,8,0,0.0,0
Malayopython reticulatus,Perak,2019,2496.0,988591,8,0,0.0,0
Naja sumatrana,Perak,2019,2496.0,988591,8,0,0.0,0
Sus scrofa,Perak,2019,2496.0,988591,8,0,0.0,0
Varanus salvator,Perak,2019,2496.0,988591,8,0,0.0,0
Acridotheres tristis,Perlis,2019,284.9,10628,8,1,1.0,1
Corvus splendens,Perlis,2019,284.9,10628,8,0,0.0,0
Macaca fascicularis,Perlis,2019,284.9,10628,8,0,0.0,0
Malayopython reticulatus,Perlis,2019,284.9,10628,8,0,0.0,0
Naja sumatrana,Perlis,2019,284.9,10628,8,0,0.0,0
Sus scrofa,Perlis,2019,284.9,10628,8,0,0.0,0
Varanus salvator,Perlis,2019,284.9,10628,8,0,0.0,0
Acridotheres tristis,Pulau Pinang,2019,1740.4,5101,8,28,0.424242,1
Corvus splendens,Pulau Pinang,2019,1740.4,5101,8,30,0.454545,1
Macaca fascicularis,Pulau Pinang,2019,1740.4,5101,8,4,0.060606,1
Malayopython reticulatus,Pulau Pinang,2019,1740.4,5101,8,0,0.0,0
Naja sumatrana,Pulau Pinang,2019,1740.4,5101,8,0,0.0,0
Sus scrofa,Pulau Pinang,2019,1740.4,5101,8,0,0.0,0
Varanus salvator,Pulau Pinang,2019,1740.4,5101,8,4,0.060606,1
Acridotheres tristis,Putrajaya,2019,109.2,0,8,2,0.4,1
Corvus splendens,Putrajaya,2019,109.2,0,8,3,0.6,1
Macaca fascicularis,Putrajaya,2019,109.2,0,8,0,0.0,0
Malayopython reticulatus,Putrajaya,2019,109.2,0,8,0,0.0,0
Naja sumatrana,Putrajaya,2019,109.2,0,8,0,0.0,0
Sus scrofa,Putrajaya,2019,109.2,0,8,0,0.0,0
Varanus salvator,Putrajaya,2019,109.2,0,8,0,0.0,0
Acridotheres tristis,Sabah,2019,3418.8,3541266,8,0,0.0,0
Corvus splendens,Sabah,2019,3418.8,3541266,8,1,0.058824,1
Macaca fascicularis,Sabah,2019,3418.8,3541266,8,8,0.470588,1
Malayopython reticulatus,Sabah,2019,3418.8,3541266,8,0,0.0,0
Naja sumatrana,Sabah,2019,3418.8,3541266,8,1,0.058824,1
Sus scrofa,Sabah,2019,3418.8,3541266,8,0,0.0,0
Varanus salvator,Sabah,2019,3418.8,3541266,8,7,0.411765,1
Acridotheres tristis,Sarawak,2019,2453.7,3964880,8,5,0.625,1
Corvus splendens,Sarawak,2019,2453.7,3964880,8,0,0.0,0
Macaca fascicularis,Sarawak,2019,2453.7,3964880,8,3,0.375,1
Malayopython reticulatus,Sarawak,2019,2453.7,3964880,8,0,0.0,0
Naja sumatrana,Sarawak,2019,2453.7,3964880,8,0,0.0,0
Sus scrofa,Sarawak,2019,2453.7,3964880,8,0,0.0,0
Varanus salvator,Sarawak,2019,2453.7,3964880,8,0,0.0,0
Acridotheres tristis,Selangor,2019,6994.4,250208,8,24,0.358209,1
Corvus splendens,Selangor,2019,6994.4,250208,8,36,0.537313,1
Macaca fascicularis,Selangor,2019,6994.4,250208,8,7,0.104478,1
Malayopython reticulatus,Selangor,2019,6994.4,250208,8,0,0.0,0
Naja sumatrana,Selangor,2019,6994.4,250208,8,0,0.0,0
Sus scrofa,Selangor,2019,6994.4,250208,8,0,0.0,0
Varanus salvator,Selangor,2019,6994.4,250208,8,0,0.0,0
Acridotheres tristis,Terengganu,2019,1149.4,540309,8,1,0.25,1
Corvus splendens,Terengganu,2019,1149.4,540309,8,0,0.0,0
Macaca fascicularis,Terengganu,2019,1149.4,540309,8,0,0.0,0
Malayopython reticulatus,Terengganu,2019,1149.4,540309,8,1,0.25,1
Naja sumatrana,Terengganu,2019,1149.4,540309,8,0,0.0,0
Sus scrofa,Terengganu,2019,1149.4,540309,8,0,0.0,0
Varanus salvator,Terengganu,2019,1149.4,540309,8,2,0.5,1
Acridotheres tristis,Johor,2019,4009.7,334292,9,4,0.5,1
Corvus splendens,Johor,2019,4009.7,334292,9,4,0.5,1
Macaca fascicularis,Johor,2019,4009.7,334292,9,0,0.0,0
Malayopython reticulatus,Johor,2019,4009.7,334292,9,0,0.0,0
Naja sumatrana,Johor,2019,4009.7,334292,9,0,0.0,0
Sus scrofa,Johor,2019,4009.7,334292,9,0,0.0,0
Varanus salvator,Johor,2019,4009.7,334292,9,0,0.0,0
Acridotheres tristis,Kedah,2019,2131.4,341976,9,4,0.5,1
Corvus splendens,Kedah,2019,2131.4,341976,9,1,0.125,1
Macaca fascicularis,Kedah,2019,2131.4,341976,9,0,0.0,0
Malayopython reticulatus,Kedah,2019,2131.4,341976,9,2,0.25,1
Naja sumatrana,Kedah,2019,2131.4,341976,9,0,0.0,0
Sus scrofa,Kedah,2019,2131.4,341976,9,0,0.0,0
Varanus salvator,Kedah,2019,2131.4,341976,9,1,0.125,1
Acridotheres tristis,Kuala Lumpur,2019,1982.1,68,9,18,0.461538,1
Corvus splendens,Kuala Lumpur,2019,1982.1,68,9,21,0.538462,1
Macaca fascicularis,Kuala Lumpur,2019,1982.1,68,9,0,0.0,0
Malayopython reticulatus,Kuala Lumpur,2019,1982.1,68,9,0,0.0,0
Naja sumatrana,Kuala Lumpur,2019,1982.1,68,9,0,0.0,0
Sus scrofa,Kuala Lumpur,2019,1982.1,68,9,0,0.0,0
Varanus salvator,Kuala Lumpur,2019,1982.1,68,9,0,0.0,0
Acridotheres tristis,Negeri Sembilan,2019,1200.0,155492,9,10,0.909091,1
Corvus splendens,Negeri Sembilan,2019,1200.0,155492,9,1,0.090909,1
Macaca fascicularis,Negeri Sembilan,2019,1200.0,155492,9,0,0.0,0
Malayopython reticulatus,Negeri Sembilan,2019,1200.0,155492,9,0,0.0,0
Naja sumatrana,Negeri Sembilan,2019,1200.0,155492,9,0,0.0,0
Sus scrofa,Negeri Sembilan,2019,1200.0,155492,9,0,0.0,0
Varanus salvator,Negeri Sembilan,2019,1200.0,155492,9,0,0.0,0
Acridotheres tristis,Pahang,2019,1591.3,1550687,9,6,0.75,1
Corvus splendens,Pahang,2019,1591.3,1550687,9,2,0.25,1
Macaca fascicularis,Pahang,2019,1591.3,1550687,9,0,0.0,0
Malayopython reticulatus,Pahang,2019,1591.3,1550687,9,0,0.0,0
Naja sumatrana,Pahang,2019,1591.3,1550687,9,0,0.0,0
Sus scrofa,Pahang,2019,1591.3,1550687,9,0,0.0,0
Varanus salvator,Pahang,2019,1591.3,1550687,9,0,0.0,0
Acridotheres tristis,Perak,2019,2496.0,988591,9,2,0.666667,1
Corvus splendens,Perak,2019,2496.0,988591,9,0,0.0,0
Macaca fascicularis,Perak,2019,2496.0,988591,9,0,0.0,0
Malayopython reticulatus,Perak,2019,2496.0,988591,9,0,0.0,0
Naja sumatrana,Perak,2019,2496.0,988591,9,0,0.0,0
Sus scrofa,Perak,2019,2496.0,988591,9,1,0.333333,1
Varanus salvator,Perak,2019,2496.0,988591,9,0,0.0,0
Acridotheres tristis,Perlis,2019,284.9,10628,9,4,1.0,1
Corvus splendens,Perlis,2019,284.9,10628,9,0,0.0,0
Macaca fascicularis,Perlis,2019,284.9,10628,9,0,0.0,0
Malayopython reticulatus,Perlis,2019,284.9,10628,9,0,0.0,0
Naja sumatrana,Perlis,2019,284.9,10628,9,0,0.0,0
Sus scrofa,Perlis,2019,284.9,10628,9,0,0.0,0
Varanus salvator,Perlis,2019,284.9,10628,9,0,0.0,0
Acridotheres tristis,Pulau Pinang,2019,1740.4,5101,9,45,0.441176,1
Corvus splendens,Pulau Pinang,2019,1740.4,5101,9,50,0.490196,1
Macaca fascicularis,Pulau Pinang,2019,1740.4,5101,9,5,0.04902,1
Malayopython reticulatus,Pulau Pinang,2019,1740.4,5101,9,0,0.0,0
Naja sumatrana,Pulau Pinang,2019,1740.4,5101,9,0,0.0,0
Sus scrofa,Pulau Pinang,2019,1740.4,5101,9,0,0.0,0
Varanus salvator,Pulau Pinang,2019,1740.4,5101,9,2,0.019608,1
Acridotheres tristis,Putrajaya,2019,109.2,0,9,3,0.75,1
Corvus splendens,Putrajaya,2019,109.2,0,9,1,0.25,1
Macaca fascicularis,Putrajaya,2019,109.2,0,9,0,0.0,0
Malayopython reticulatus,Putrajaya,2019,109.2,0,9,0,0.0,0
Naja sumatrana,Putrajaya,2019,109.2,0,9,0,0.0,0
Sus scrofa,Putrajaya,2019,109.2,0,9,0,0.0,0
Varanus salvator,Putrajaya,2019,109.2,0,9,0,0.0,0
Acridotheres tristis,Sabah,2019,3418.8,3541266,9,0,0.0,0
Corvus splendens,Sabah,2019,3418.8,3541266,9,3,0.088235,1
Macaca fascicularis,Sabah,2019,3418.8,3541266,9,17,0.5,1
Malayopython reticulatus,Sabah,2019,3418.8,3541266,9,4,0.117647,1
Naja sumatrana,Sabah,2019,3418.8,3541266,9,1,0.029412,1
Sus scrofa,Sabah,2019,3418.8,3541266,9,0,0.0,0
Varanus salvator,Sabah,2019,3418.8,3541266,9,9,0.264706,1
Acridotheres tristis,Sarawak,2019,2453.7,3964880,9,31,0.96875,1
Corvus splendens,Sarawak,2019,2453.7,3964880,9,1,0.03125,1
Macaca fascicularis,Sarawak,2019,2453.7,3964880,9,0,0.0,0
Malayopython reticulatus,Sarawak,2019,2453.7,3964880,9,0,0.0,0
Naja sumatrana,Sarawak,2019,2453.7,3964880,9,0,0.0,0
Sus scrofa,Sarawak,2019,2453.7,3964880,9,0,0.0,0
Varanus salvator,Sarawak,2019,2453.7,3964880,9,0,0.0,0
Acridotheres tristis,Selangor,2019,6994.4,250208,9,14,0.225806,1
Corvus splendens,Selangor,2019,6994.4,250208,9,47,0.758065,1
Macaca fascicularis,Selangor,2019,6994.4,250208,9,1,0.016129,1
Malayopython reticulatus,Selangor,2019,6994.4,250208,9,0,0.0,0
Naja sumatrana,Selangor,2019,6994.4,250208,9,0,0.0,0
Sus scrofa,Selangor,2019,6994.4,250208,9,0,0.0,0
Varanus salvator,Selangor,2019,6994.4,250208,9,0,0.0,0
Acridotheres tristis,Johor,2019,4009.7,334292,10,20,0.37037,1
Corvus splendens,Johor,2019,4009.7,334292,10,30,0.555556,1
Macaca fascicularis,Johor,2019,4009.7,334292,10,4,0.074074,1
Malayopython reticulatus,Johor,2019,4009.7,334292,10,0,0.0,0
Naja sumatrana,Johor,2019,4009.7,334292,10,0,0.0,0
Sus scrofa,Johor,2019,4009.7,334292,10,0,0.0,0
Varanus salvator,Johor,2019,4009.7,334292,10,0,0.0,0
Acridotheres tristis,Kedah,2019,2131.4,341976,10,4,0.666667,1
Corvus splendens,Kedah,2019,2131.4,341976,10,1,0.166667,1
Macaca fascicularis,Kedah,2019,2131.4,341976,10,0,0.0,0
Malayopython reticulatus,Kedah,2019,2131.4,341976,10,0,0.0,0
Naja sumatrana,Kedah,2019,2131.4,341976,10,0,0.0,0
Sus scrofa,Kedah,2019,2131.4,341976,10,0,0.0,0
Varanus salvator,Kedah,2019,2131.4,341976,10,1,0.166667,1
Acridotheres tristis,Kuala Lumpur,2019,1982.1,68,10,6,0.333333,1
Corvus splendens,Kuala Lumpur,2019,1982.1,68,10,9,0.5,1
Macaca fascicularis,Kuala Lumpur,2019,1982.1,68,10,3,0.166667,1
Malayopython reticulatus,Kuala Lumpur,2019,1982.1,68,10,0,0.0,0
Naja sumatrana,Kuala Lumpur,2019,1982.1,68,10,0,0.0,0
Sus scrofa,Kuala Lumpur,2019,1982.1,68,10,0,0.0,0
Varanus salvator,Kuala Lumpur,2019,1982.1,68,10,0,0.0,0
Acridotheres tristis,Melaka,2019,998.4,5199,10,0,0.0,0
Corvus splendens,Melaka,2019,998.4,5199,10,1,1.0,1
Macaca fascicularis,Melaka,2019,998.4,5199,10,0,0.0,0
Malayopython reticulatus,Melaka,2019,998.4,5199,10,0,0.0,0
Naja sumatrana,Melaka,2019,998.4,5199,10,0,0.0,0
Sus scrofa,Melaka,2019,998.4,5199,10,0,0.0,0
Varanus salvator,Melaka,2019,998.4,5199,10,0,0.0,0
Acridotheres tristis,Negeri Sembilan,2019,1200.0,155492,10,4,0.666667,1
Corvus splendens,Negeri Sembilan,2019,1200.0,155492,10,0,0.0,0
Macaca fascicularis,Negeri Sembilan,2019,1200.0,155492,10,1,0.166667,1
Malayopython reticulatus,Negeri Sembilan,2019,1200.0,155492,10,1,0.166667,1
Naja sumatrana,Negeri Sembilan,2019,1200.0,155492,10,0,0.0,0
Sus scrofa,Negeri Sembilan,2019,1200.0,155492,10,0,0.0,0
Varanus salvator,Negeri Sembilan,2019,1200.0,155492,10,0,0.0,0
Acridotheres tristis,Pahang,2019,1591.3,1550687,10,7,0.583333,1
Corvus splendens,Pahang,2019,1591.3,1550687,10,4,0.333333,1
Macaca fascicularis,Pahang,2019,1591.3,1550687,10,1,0.083333,1
Malayopython reticulatus,Pahang,2019,1591.3,1550687,10,0,0.0,0
Naja sumatrana,Pahang,2019,1591.3,1550687,10,0,0.0,0
Sus scrofa,Pahang,2019,1591.3,1550687,10,0,0.0,0
Varanus salvator,Pahang,2019,1591.3,1550687,10,0,0.0,0
Acridotheres tristis,Perak,2019,2496.0,988591,10,5,0.625,1
Corvus splendens,Perak,2019,2496.0,988591,10,1,0.125,1
Macaca fascicularis,Perak,2019,2496.0,988591,10,1,0.125,1
Malayopython reticulatus,Perak,2019,2496.0,988591,10,0,0.0,0
Naja sumatrana,Perak,2019,2496.0,988591,10,0,0.0,0
Sus scrofa,Perak,2019,2496.0,988591,10,0,0.0,0
Varanus salvator,Perak,2019,2496.0,988591,10,1,0.125,1
Acridotheres tristis,Perlis,2019,284.9,10628,10,3,1.0,1
Corvus splendens,Perlis,2019,284.9,10628,10,0,0.0,0
Macaca fascicularis,Perlis,2019,284.9,10628,10,0,0.0,0
Malayopython reticulatus,Perlis,2019,284.9,10628,10,0,0.0,0
Naja sumatrana,Perlis,2019,284.9,10628,10,0,0.0,0
Sus scrofa,Perlis,2019,284.9,10628,10,0,0.0,0
Varanus salvator,Perlis,2019,284.9,10628,10,0,0.0,0
Acridotheres tristis,Pulau Pinang,2019,1740.4,5101,10,48,0.45283,1
Corvus splendens,Pulau Pinang,2019,1740.4,5101,10,56,0.528302,1
Macaca fascicularis,Pulau Pinang,2019,1740.4,5101,10,0,0.0,0
Malayopython reticulatus,Pulau Pinang,2019,1740.4,5101,10,0,0.0,0
Naja sumatrana,Pulau Pinang,2019,1740.4,5101,10,0,0.0,0
Sus scrofa,Pulau Pinang,2019,1740.4,5101,10,0,0.0,0
Varanus salvator,Pulau Pinang,2019,1740.4,5101,10,2,0.018868,1
Acridotheres tristis,Putrajaya,2019,109.2,0,10,4,0.444444,1
Corvus splendens,Putrajaya,2019,109.2,0,10,5,0.555556,1
Macaca fascicularis,Putrajaya,2019,109.2,0,10,0,0.0,0
Malayopython reticulatus,Putrajaya,2019,109.2,0,10,0,0.0,0
Naja sumatrana,Putrajaya,2019,109.2,0,10,0,0.0,0
Sus scrofa,Putrajaya,2019,109.2,0,10,0,0.0,0
Varanus salvator,Putrajaya,2019,109.2,0,10,0,0.0,0
Acridotheres tristis,Sabah,2019,3418.8,3541266,10,0,0.0,0
Corvus splendens,Sabah,2019,3418.8,3541266,10,17,0.182796,1
Macaca fascicularis,Sabah,2019,3418.8,3541266,10,41,0.44086,1
Malayopython reticulatus,Sabah,2019,3418.8,3541266,10,4,0.043011,1
Naja sumatrana,Sabah,2019,3418.8,3541266,10,1,0.010753,1
Sus scrofa,Sabah,2019,3418.8,3541266,10,0,0.0,0
Varanus salvator,Sabah,2019,3418.8,3541266,10,30,0.322581,1
Acridotheres tristis,Sarawak,2019,2453.7,3964880,10,11,0.785714,1
Corvus splendens,Sarawak,2019,2453.7,3964880,10,0,0.0,0
Macaca fascicularis,Sarawak,2019,2453.7,3964880,10,3,0.214286,1
Malayopython reticulatus,Sarawak,2019,2453.7,3964880,10,0,0.0,0
Naja sumatrana,Sarawak,2019,2453.7,3964880,10,0,0.0,0
Sus scrofa,Sarawak,2019,2453.7,3964880,10,0,0.0,0
Varanus salvator,Sarawak,2019,2453.7,3964880,10,0,0.0,0
Acridotheres tristis,Selangor,2019,6994.4,250208,10,20,0.238095,1
Corvus splendens,Selangor,2019,6994.4,250208,10,44,0.52381,1
Macaca fascicularis,Selangor,2019,6994.4,250208,10,15,0.178571,1
Malayopython reticulatus,Selangor,2019,6994.4,250208,10,0,0.0,0
Naja sumatrana,Selangor,2019,6994.4,250208,10,0,0.0,0
Sus scrofa,Selangor,2019,6994.4,250208,10,0,0.0,0
Varanus salvator,Selangor,2019,6994.4,250208,10,5,0.059524,1
Acridotheres tristis,Johor,2019,4009.7,334292,11,3,0.3,1
Corvus splendens,Johor,2019,4009.7,334292,11,7,0.7,1
Macaca fascicularis,Johor,2019,4009.7,334292,11,0,0.0,0
Malayopython reticulatus,Johor,2019,4009.7,334292,11,0,0.0,0
Naja sumatrana,Johor,2019,4009.7,334292,11,0,0.0,0
Sus scrofa,Johor,2019,4009.7,334292,11,0,0.0,0
Varanus salvator,Johor,2019,4009.7,334292,11,0,0.0,0
Acridotheres tristis,Kedah,2019,2131.4,341976,11,9,0.6,1
Corvus splendens,Kedah,2019,2131.4,341976,11,5,0.333333,1
Macaca fascicularis,Kedah,2019,2131.4,341976,11,0,0.0,0
Malayopython reticulatus,Kedah,2019,2131.4,341976,11,0,0.0,0
Naja sumatrana,Kedah,2019,2131.4,341976,11,0,0.0,0
Sus scrofa,Kedah,2019,2131.4,341976,11,1,0.066667,1
Varanus salvator,Kedah,2019,2131.4,341976,11,0,0.0,0
Acridotheres tristis,Kuala Lumpur,2019,1982.1,68,11,6,0.352941,1
Corvus splendens,Kuala Lumpur,2019,1982.1,68,11,8,0.470588,1
Macaca fascicularis,Kuala Lumpur,2019,1982.1,68,11,2,0.117647,1
Malayopython reticulatus,Kuala Lumpur,2019,1982.1,68,11,0,0.0,0
Naja sumatrana,Kuala Lumpur,2019,1982.1,68,11,1,0.058824,1
Sus scrofa,Kuala Lumpur,2019,1982.1,68,11,0,0.0,0
Varanus salvator,Kuala Lumpur,2019,1982.1,68,11,0,0.0,0
Acridotheres tristis,Melaka,2019,998.4,5199,11,2,0.666667,1
Corvus splendens,Melaka,2019,998.4,5199,11,1,0.333333,1
Macaca fascicularis,Melaka,2019,998.4,5199,11,0,0.0,0
Malayopython reticulatus,Melaka,2019,998.4,5199,11,0,0.0,0
Naja sumatrana,Melaka,2019,998.4,5199,11,0,0.0,0
Sus scrofa,Melaka,2019,998.4,5199,11,0,0.0,0
Varanus salvator,Melaka,2019,998.4,5199,11,0,0.0,0
Acridotheres tristis,Negeri Sembilan,2019,1200.0,155492,11,4,0.5,1
Corvus splendens,Negeri Sembilan,2019,1200.0,155492,11,3,0.375,1
Macaca fascicularis,Negeri Sembilan,2019,1200.0,155492,11,1,0.125,1
Malayopython reticulatus,Negeri Sembilan,2019,1200.0,155492,11,0,0.0,0
Naja sumatrana,Negeri Sembilan,2019,1200.0,155492,11,0,0.0,0
Sus scrofa,Negeri Sembilan,2019,1200.0,155492,11,0,0.0,0
Varanus salvator,Negeri Sembilan,2019,1200.0,155492,11,0,0.0,0
Acridotheres tristis,Pahang,2019,1591.3,1550687,11,3,0.5,1
Corvus splendens,Pahang,2019,1591.3,1550687,11,3,0.5,1
Macaca fascicularis,Pahang,2019,1591.3,1550687,11,0,0.0,0
Malayopython reticulatus,Pahang,2019,1591.3,1550687,11,0,0.0,0
Naja sumatrana,Pahang,2019,1591.3,1550687,11,0,0.0,0
Sus scrofa,Pahang,2019,1591.3,1550687,11,0,0.0,0
Varanus salvator,Pahang,2019,1591.3,1550687,11,0,0.0,0
Acridotheres tristis,Perak,2019,2496.0,988591,11,3,1.0,1
Corvus splendens,Perak,2019,2496.0,988591,11,0,0.0,0
Macaca fascicularis,Perak,2019,2496.0,988591,11,0,0.0,0
Malayopython reticulatus,Perak,2019,2496.0,988591,11,0,0.0,0
Naja sumatrana,Perak,2019,2496.0,988591,11,0,0.0,0
Sus scrofa,Perak,2019,2496.0,988591,11,0,0.0,0
Varanus salvator,Perak,2019,2496.0,988591,11,0,0.0,0
Acridotheres tristis,Perlis,2019,284.9,10628,11,6,1.0,1
Corvus splendens,Perlis,2019,284.9,10628,11,0,0.0,0
Macaca fascicularis,Perlis,2019,284.9,10628,11,0,0.0,0
Malayopython reticulatus,Perlis,2019,284.9,10628,11,0,0.0,0
Naja sumatrana,Perlis,2019,284.9,10628,11,0,0.0,0
Sus scrofa,Perlis,2019,284.9,10628,11,0,0.0,0
Varanus salvator,Perlis,2019,284.9,10628,11,0,0.0,0
Acridotheres tristis,Pulau Pinang,2019,1740.4,5101,11,47,0.489583,1
Corvus splendens,Pulau Pinang,2019,1740.4,5101,11,43,0.447917,1
Macaca fascicularis,Pulau Pinang,2019,1740.4,5101,11,3,0.03125,1
Malayopython reticulatus,Pulau Pinang,2019,1740.4,5101,11,0,0.0,0
Naja sumatrana,Pulau Pinang,2019,1740.4,5101,11,0,0.0,0
Sus scrofa,Pulau Pinang,2019,1740.4,5101,11,0,0.0,0
Varanus salvator,Pulau Pinang,2019,1740.4,5101,11,3,0.03125,1
Acridotheres tristis,Putrajaya,2019,109.2,0,11,10,0.714286,1
Corvus splendens,Putrajaya,2019,109.2,0,11,4,0.285714,1
Macaca fascicularis,Putrajaya,2019,109.2,0,11,0,0.0,0
Malayopython reticulatus,Putrajaya,2019,109.2,0,11,0,0.0,0
Naja sumatrana,Putrajaya,2019,109.2,0,11,0,0.0,0
Sus scrofa,Putrajaya,2019,109.2,0,11,0,0.0,0
Varanus salvator,Putrajaya,2019,109.2,0,11,0,0.0,0
Acridotheres tristis,Sabah,2019,3418.8,3541266,11,1,0.090909,1
Corvus splendens,Sabah,2019,3418.8,3541266,11,1,0.090909,1
Macaca fascicularis,Sabah,2019,3418.8,3541266,11,4,0.363636,1
Malayopython reticulatus,Sabah,2019,3418.8,3541266,11,0,0.0,0
Naja sumatrana,Sabah,2019,3418.8,3541266,11,0,0.0,0
Sus scrofa,Sabah,2019,3418.8,3541266,11,0,0.0,0
Varanus salvator,Sabah,2019,3418.8,3541266,11,5,0.454545,1
Acridotheres tristis,Sarawak,2019,2453.7,3964880,11,0,0.0,0
Corvus splendens,Sarawak,2019,2453.7,3964880,11,0,0.0,0
Macaca fascicularis,Sarawak,2019,2453.7,3964880,11,3,0.6,1
Malayopython reticulatus,Sarawak,2019,2453.7,3964880,11,0,0.0,0
Naja sumatrana,Sarawak,2019,2453.7,3964880,11,0,0.0,0
Sus scrofa,Sarawak,2019,2453.7,3964880,11,0,0.0,0
Varanus salvator,Sarawak,2019,2453.7,3964880,11,2,0.4,1
Acridotheres tristis,Selangor,2019,6994.4,250208,11,12,0.48,1
Corvus splendens,Selangor,2019,6994.4,250208,11,8,0.32,1
Macaca fascicularis,Selangor,2019,6994.4,250208,11,3,0.12,1
Malayopython reticulatus,Selangor,2019,6994.4,250208,11,0,0.0,0
Naja sumatrana,Selangor,2019,6994.4,250208,11,0,0.0,0
Sus scrofa,Selangor,2019,6994.4,250208,11,0,0.0,0
Varanus salvator,Selangor,2019,6994.4,250208,11,2,0.08,1
Acridotheres tristis,Johor,2019,4009.7,334292,12,23,0.511111,1
Corvus splendens,Johor,2019,4009.7,334292,12,20,0.444444,1
Macaca fascicularis,Johor,2019,4009.7,334292,12,2,0.044444,1
Malayopython reticulatus,Johor,2019,4009.7,334292,12,0,0.0,0
Naja sumatrana,Johor,2019,4009.7,334292,12,0,0.0,0
Sus scrofa,Johor,2019,4009.7,334292,12,0,0.0,0
Varanus salvator,Johor,2019,4009.7,334292,12,0,0.0,0
Acridotheres tristis,Kedah,2019,2131.4,341976,12,10,0.714286,1
Corvus splendens,Kedah,2019,2131.4,341976,12,1,0.071429,1
Macaca fascicularis,Kedah,2019,2131.4,341976,12,1,0.071429,1
Malayopython reticulatus,Kedah,2019,2131.4,341976,12,0,0.0,0
Naja sumatrana,Kedah,2019,2131.4,341976,12,0,0.0,0
Sus scrofa,Kedah,2019,2131.4,341976,12,1,0.071429,1
Varanus salvator,Kedah,2019,2131.4,341976,12,1,0.071429,1
Acridotheres tristis,Kuala Lumpur,2019,1982.1,68,12,9,0.45,1
Corvus splendens,Kuala Lumpur,2019,1982.1,68,12,10,0.5,1
Macaca fascicularis,Kuala Lumpur,2019,1982.1,68,12,1,0.05,1
Malayopython reticulatus,Kuala Lumpur,2019,1982.1,68,12,0,0.0,0
Naja sumatrana,Kuala Lumpur,2019,1982.1,68,12,0,0.0,0
Sus scrofa,Kuala Lumpur,2019,1982.1,68,12,0,0.0,0
Varanus salvator,Kuala Lumpur,2019,1982.1,68,12,0,0.0,0
Acridotheres tristis,Melaka,2019,998.4,5199,12,1,0.25,1
Corvus splendens,Melaka,2019,998.4,5199,12,3,0.75,1
Macaca fascicularis,Melaka,2019,998.4,5199,12,0,0.0,0
Malayopython reticulatus,Melaka,2019,998.4,5199,12,0,0.0,0
Naja sumatrana,Melaka,2019,998.4,5199,12,0,0.0,0
Sus scrofa,Melaka,2019,998.4,5199,12,0,0.0,0
Varanus salvator,Melaka,2019,998.4,5199,12,0,0.0,0
Acridotheres tristis,Negeri Sembilan,2019,1200.0,155492,12,7,0.636364,1
Corvus splendens,Negeri Sembilan,2019,1200.0,155492,12,4,0.363636,1
Macaca fascicularis,Negeri Sembilan,2019,1200.0,155492,12,0,0.0,0
Malayopython reticulatus,Negeri Sembilan,2019,1200.0,155492,12,0,0.0,0
Naja sumatrana,Negeri Sembilan,2019,1200.0,155492,12,0,0.0,0
Sus scrofa,Negeri Sembilan,2019,1200.0,155492,12,0,0.0,0
Varanus salvator,Negeri Sembilan,2019,1200.0,155492,12,0,0.0,0
Acridotheres tristis,Pahang,2019,1591.3,1550687,12,6,0.666667,1
Corvus splendens,Pahang,2019,1591.3,1550687,12,1,0.111111,1
Macaca fascicularis,Pahang,2019,1591.3,1550687,12,1,0.111111,1
Malayopython reticulatus,Pahang,2019,1591.3,1550687,12,0,0.0,0
Naja sumatrana,Pahang,2019,1591.3,1550687,12,0,0.0,0
Sus scrofa,Pahang,2019,1591.3,1550687,12,0,0.0,0
Varanus salvator,Pahang,2019,1591.3,1550687,12,1,0.111111,1
Acridotheres tristis,Perak,2019,2496.0,988591,12,16,0.666667,1
Corvus splendens,Perak,2019,2496.0,988591,12,5,0.208333,1
Macaca fascicularis,Perak,2019,2496.0,988591,12,2,0.083333,1
Malayopython reticulatus,Perak,2019,2496.0,988591,12,0,0.0,0
Naja sumatrana,Perak,2019,2496.0,988591,12,0,0.0,0
Sus scrofa,Perak,2019,2496.0,988591,12,0,0.0,0
Varanus salvator,Perak,2019,2496.0,988591,12,1,0.041667,1
Acridotheres tristis,Perlis,2019,284.9,10628,12,3,1.0,1
Corvus splendens,Perlis,2019,284.9,10628,12,0,0.0,0
Macaca fascicularis,Perlis,2019,284.9,10628,12,0,0.0,0
Malayopython reticulatus,Perlis,2019,284.9,10628,12,0,0.0,0
Naja sumatrana,Perlis,2019,284.9,10628,12,0,0.0,0
Sus scrofa,Perlis,2019,284.9,10628,12,0,0.0,0
Varanus salvator,Perlis,2019,284.9,10628,12,0,0.0,0
Acridotheres tristis,Pulau Pinang,2019,1740.4,5101,12,27,0.369863,1
Corvus splendens,Pulau Pinang,2019,1740.4,5101,12,40,0.547945,1
Macaca fascicularis,Pulau Pinang,2019,1740.4,5101,12,4,0.054795,1
Malayopython reticulatus,Pulau Pinang,2019,1740.4,5101,12,0,0.0,0
Naja sumatrana,Pulau Pinang,2019,1740.4,5101,12,0,0.0,0
Sus scrofa,Pulau Pinang,2019,1740.4,5101,12,0,0.0,0
Varanus salvator,Pulau Pinang,2019,1740.4,5101,12,2,0.027397,1
Acridotheres tristis,Putrajaya,2019,109.2,0,12,3,0.75,1
Corvus splendens,Putrajaya,2019,109.2,0,12,1,0.25,1
Macaca fascicularis,Putrajaya,2019,109.2,0,12,0,0.0,0
Malayopython reticulatus,Putrajaya,2019,109.2,0,12,0,0.0,0
Naja sumatrana,Putrajaya,2019,109.2,0,12,0,0.0,0
Sus scrofa,Putrajaya,2019,109.2,0,12,0,0.0,0
Varanus salvator,Putrajaya,2019,109.2,0,12,0,0.0,0
Acridotheres tristis,Sabah,2019,3418.8,3541266,12,1,0.071429,1
Corvus splendens,Sabah,2019,3418.8,3541266,12,1,0.071429,1
Macaca fascicularis,Sabah,2019,3418.8,3541266,12,7,0.5,1
Malayopython reticulatus,Sabah,2019,3418.8,3541266,12,0,0.0,0
Naja sumatrana,Sabah,2019,3418.8,3541266,12,0,0.0,0
Sus scrofa,Sabah,2019,3418.8,3541266,12,0,0.0,0
Varanus salvator,Sabah,2019,3418.8,3541266,12,5,0.357143,1
Acridotheres tristis,Sarawak,2019,2453.7,3964880,12,3,0.75,1
Corvus splendens,Sarawak,2019,2453.7,3964880,12,0,0.0,0
Macaca fascicularis,Sarawak,2019,2453.7,3964880,12,1,0.25,1
Malayopython reticulatus,Sarawak,2019,2453.7,3964880,12,0,0.0,0
Naja sumatrana,Sarawak,2019,2453.7,3964880,12,0,0.0,0
Sus scrofa,Sarawak,2019,2453.7,3964880,12,0,0.0,0
Varanus salvator,Sarawak,2019,2453.7,3964880,12,0,0.0,0
Acridotheres tristis,Selangor,2019,6994.4,250208,12,18,0.382979,1
Corvus splendens,Selangor,2019,6994.4,250208,12,27,0.574468,1
Macaca fascicularis,Selangor,2019,6994.4,250208,12,2,0.042553,1
Malayopython reticulatus,Selangor,2019,6994.4,250208,12,0,0.0,0
Naja sumatrana,Selangor,2019,6994.4,250208,12,0,0.0,0
Sus scrofa,Selangor,2019,6994.4,250208,12,0,0.0,0
Varanus salvator,Selangor,2019,6994.4,250208,12,0,0.0,0
Acridotheres tristis,Johor,2020,4009.7,334292,1,15,0.384615,1
Corvus splendens,Johor,2020,4009.7,334292,1,21,0.538462,1
Macaca fascicularis,Johor,2020,4009.7,334292,1,2,0.051282,1
Malayopython reticulatus,Johor,2020,4009.7,334292,1,0,0.0,0
Naja sumatrana,Johor,2020,4009.7,334292,1,0,0.0,0
Sus scrofa,Johor,2020,4009.7,334292,1,0,0.0,0
Varanus salvator,Johor,2020,4009.7,334292,1,1,0.025641,1
Acridotheres tristis,Kedah,2020,2131.4,341976,1,14,0.777778,1
Corvus splendens,Kedah,2020,2131.4,341976,1,4,0.222222,1
Macaca fascicularis,Kedah,2020,2131.4,341976,1,0,0.0,0
Malayopython reticulatus,Kedah,2020,2131.4,341976,1,0,0.0,0
Naja sumatrana,Kedah,2020,2131.4,341976,1,0,0.0,0
Sus scrofa,Kedah,2020,2131.4,341976,1,0,0.0,0
Varanus salvator,Kedah,2020,2131.4,341976,1,0,0.0,0
Acridotheres tristis,Kuala Lumpur,2020,1982.1,68,1,17,0.459459,1
Corvus splendens,Kuala Lumpur,2020,1982.1,68,1,18,0.486486,1
Macaca fascicularis,Kuala Lumpur,2020,1982.1,68,1,1,0.027027,1
Malayopython reticulatus,Kuala Lumpur,2020,1982.1,68,1,0,0.0,0
Naja sumatrana,Kuala Lumpur,2020,1982.1,68,1,0,0.0,0
Sus scrofa,Kuala Lumpur,2020,1982.1,68,1,0,0.0,0
Varanus salvator,Kuala Lumpur,2020,1982.1,68,1,1,0.027027,1
Acridotheres tristis,Melaka,2020,998.4,5199,1,1,0.333333,1
Corvus splendens,Melaka,2020,998.4,5199,1,2,0.666667,1
Macaca fascicularis,Melaka,2020,998.4,5199,1,0,0.0,0
Malayopython reticulatus,Melaka,2020,998.4,5199,1,0,0.0,0
Naja sumatrana,Melaka,2020,998.4,5199,1,0,0.0,0
Sus scrofa,Melaka,2020,998.4,5199,1,0,0.0,0
Varanus salvator,Melaka,2020,998.4,5199,1,0,0.0,0
Acridotheres tristis,Negeri Sembilan,2020,1200.0,155143,1,0,0.0,0
Corvus splendens,Negeri Sembilan,2020,1200.0,155143,1,2,0.333333,1
Macaca fascicularis,Negeri Sembilan,2020,1200.0,155143,1,2,0.333333,1
Malayopython reticulatus,Negeri Sembilan,2020,1200.0,155143,1,0,0.0,0
Naja sumatrana,Negeri Sembilan,2020,1200.0,155143,1,2,0.333333,1
Sus scrofa,Negeri Sembilan,2020,1200.0,155143,1,0,0.0,0
Varanus salvator,Negeri Sembilan,2020,1200.0,155143,1,0,0.0,0
Acridotheres tristis,Pahang,2020,1591.3,1545610,1,3,0.6,1
Corvus splendens,Pahang,2020,1591.3,1545610,1,0,0.0,0
Macaca fascicularis,Pahang,2020,1591.3,1545610,1,0,0.0,0
Malayopython reticulatus,Pahang,2020,1591.3,1545610,1,0,0.0,0
Naja sumatrana,Pahang,2020,1591.3,1545610,1,0,0.0,0
Sus scrofa,Pahang,2020,1591.3,1545610,1,1,0.2,1
Varanus salvator,Pahang,2020,1591.3,1545610,1,1,0.2,1
Acridotheres tristis,Perak,2020,2496.0,987632,1,9,0.9,1
Corvus splendens,Perak,2020,2496.0,987632,1,1,0.1,1
Macaca fascicularis,Perak,2020,2496.0,987632,1,0,0.0,0
Malayopython reticulatus,Perak,2020,2496.0,987632,1,0,0.0,0
Naja sumatrana,Perak,2020,2496.0,987632,1,0,0.0,0
Sus scrofa,Perak,2020,2496.0,987632,1,0,0.0,0
Varanus salvator,Perak,2020,2496.0,987632,1,0,0.0,0
Acridotheres tristis,Perlis,2020,284.9,10629,1,1,1.0,1
Corvus splendens,Perlis,2020,284.9,10629,1,0,0.0,0
Macaca fascicularis,Perlis,2020,284.9,10629,1,0,0.0,0
Malayopython reticulatus,Perlis,2020,284.9,10629,1,0,0.0,0
Naja sumatrana,Perlis,2020,284.9,10629,1,0,0.0,0
Sus scrofa,Perlis,2020,284.9,10629,1,0,0.0,0
Varanus salvator,Perlis,2020,284.9,10629,1,0,0.0,0
Acridotheres tristis,Pulau Pinang,2020,1740.4,5387,1,33,0.402439,1
Corvus splendens,Pulau Pinang,2020,1740.4,5387,1,39,0.47561,1
Macaca fascicularis,Pulau Pinang,2020,1740.4,5387,1,8,0.097561,1
Malayopython reticulatus,Pulau Pinang,2020,1740.4,5387,1,0,0.0,0
Naja sumatrana,Pulau Pinang,2020,1740.4,5387,1,0,0.0,0
Sus scrofa,Pulau Pinang,2020,1740.4,5387,1,1,0.012195,1
Varanus salvator,Pulau Pinang,2020,1740.4,5387,1,1,0.012195,1
Acridotheres tristis,Sabah,2020,3418.8,3574468,1,3,0.214286,1
Corvus splendens,Sabah,2020,3418.8,3574468,1,0,0.0,0
Macaca fascicularis,Sabah,2020,3418.8,3574468,1,8,0.571429,1
Malayopython reticulatus,Sabah,2020,3418.8,3574468,1,0,0.0,0
Naja sumatrana,Sabah,2020,3418.8,3574468,1,0,0.0,0
Sus scrofa,Sabah,2020,3418.8,3574468,1,0,0.0,0
Varanus salvator,Sabah,2020,3418.8,3574468,1,3,0.214286,1
Acridotheres tristis,Sarawak,2020,2453.7,3964880,1,0,0.0,0
Corvus splendens,Sarawak,2020,2453.7,3964880,1,0,0.0,0
Macaca fascicularis,Sarawak,2020,2453.7,3964880,1,0,0.0,0
Malayopython reticulatus,Sarawak,2020,2453.7,3964880,1,0,0.0,0
Naja sumatrana,Sarawak,2020,2453.7,3964880,1,0,0.0,0
Sus scrofa,Sarawak,2020,2453.7,3964880,1,0,0.0,0
Varanus salvator,Sarawak,2020,2453.7,3964880,1,1,1.0,1
Acridotheres tristis,Selangor,2020,6994.4,250208,1,15,0.3125,1
Corvus splendens,Selangor,2020,6994.4,250208,1,27,0.5625,1
Macaca fascicularis,Selangor,2020,6994.4,250208,1,5,0.104167,1
Malayopython reticulatus,Selangor,2020,6994.4,250208,1,0,0.0,0
Naja sumatrana,Selangor,2020,6994.4,250208,1,0,0.0,0
Sus scrofa,Selangor,2020,6994.4,250208,1,0,0.0,0
Varanus salvator,Selangor,2020,6994.4,250208,1,1,0.020833,1
Acridotheres tristis,Johor,2020,4009.7,334292,2,12,0.4,1
Corvus splendens,Johor,2020,4009.7,334292,2,13,0.433333,1
Macaca fascicularis,Johor,2020,4009.7,334292,2,3,0.1,1
Malayopython reticulatus,Johor,2020,4009.7,334292,2,0,0.0,0
Naja sumatrana,Johor,2020,4009.7,334292,2,0,0.0,0
Sus scrofa,Johor,2020,4009.7,334292,2,1,0.033333,1
Varanus salvator,Johor,2020,4009.7,334292,2,1,0.033333,1
Acridotheres tristis,Kedah,2020,2131.4,341976,2,19,0.678571,1
Corvus splendens,Kedah,2020,2131.4,341976,2,5,0.178571,1
Macaca fascicularis,Kedah,2020,2131.4,341976,2,2,0.071429,1
Malayopython reticulatus,Kedah,2020,2131.4,341976,2,0,0.0,0
Naja sumatrana,Kedah,2020,2131.4,341976,2,0,0.0,0
Sus scrofa,Kedah,2020,2131.4,341976,2,0,0.0,0
Varanus salvator,Kedah,2020,2131.4,341976,2,2,0.071429,1
Acridotheres tristis,Kelantan,2020,1792.5,629881,2,1,0.5,1
Corvus splendens,Kelantan,2020,1792.5,629881,2,0,0.0,0
Macaca fascicularis,Kelantan,2020,1792.5,629881,2,0,0.0,0
Malayopython reticulatus,Kelantan,2020,1792.5,629881,2,0,0.0,0
Naja sumatrana,Kelantan,2020,1792.5,629881,2,0,0.0,0
Sus scrofa,Kelantan,2020,1792.5,629881,2,0,0.0,0
Varanus salvator,Kelantan,2020,1792.5,629881,2,1,0.5,1
Acridotheres tristis,Kuala Lumpur,2020,1982.1,68,2,18,0.514286,1
Corvus splendens,Kuala Lumpur,2020,1982.1,68,2,16,0.457143,1
Macaca fascicularis,Kuala Lumpur,2020,1982.1,68,2,0,0.0,0
Malayopython reticulatus,Kuala Lumpur,2020,1982.1,68,2,0,0.0,0
Naja sumatrana,Kuala Lumpur,2020,1982.1,68,2,0,0.0,0
Sus scrofa,Kuala Lumpur,2020,1982.1,68,2,0,0.0,0
Varanus salvator,Kuala Lumpur,2020,1982.1,68,2,1,0.028571,1
Acridotheres tristis,Melaka,2020,998.4,5199,2,0,0.0,0
Corvus splendens,Melaka,2020,998.4,5199,2,1,1.0,1
Macaca fascicularis,Melaka,2020,998.4,5199,2,0,0.0,0
Malayopython reticulatus,Melaka,2020,998.4,5199,2,0,0.0,0
Naja sumatrana,Melaka,2020,998.4,5199,2,0,0.0,0
Sus scrofa,Melaka,2020,998.4,5199,2,0,0.0,0
Varanus salvator,Melaka,2020,998.4,5199,2,0,0.0,0
Acridotheres tristis,Negeri Sembilan,2020,1200.0,155143,2,5,0.625,1
Corvus splendens,Negeri Sembilan,2020,1200.0,155143,2,2,0.25,1
Macaca fascicularis,Negeri Sembilan,2020,1200.0,155143,2,1,0.125,1
Malayopython reticulatus,Negeri Sembilan,2020,1200.0,155143,2,0,0.0,0
Naja sumatrana,Negeri Sembilan,2020,1200.0,155143,2,0,0.0,0
Sus scrofa,Negeri Sembilan,2020,1200.0,155143,2,0,0.0,0
Varanus salvator,Negeri Sembilan,2020,1200.0,155143,2,0,0.0,0
Acridotheres tristis,Pahang,2020,1591.3,1545610,2,13,0.722222,1
Corvus splendens,Pahang,2020,1591.3,1545610,2,3,0.166667,1
Macaca fascicularis,Pahang,2020,1591.3,1545610,2,1,0.055556,1
Malayopython reticulatus,Pahang,2020,1591.3,1545610,2,0,0.0,0
Naja sumatrana,Pahang,2020,1591.3,1545610,2,0,0.0,0
Sus scrofa,Pahang,2020,1591.3,1545610,2,1,0.055556,1
Varanus salvator,Pahang,2020,1591.3,1545610,2,0,0.0,0
Acridotheres tristis,Perak,2020,2496.0,987632,2,17,0.944444,1
Corvus splendens,Perak,2020,2496.0,987632,2,1,0.055556,1
Macaca fascicularis,Perak,2020,2496.0,987632,2,0,0.0,0
Malayopython reticulatus,Perak,2020,2496.0,987632,2,0,0.0,0
Naja sumatrana,Perak,2020,2496.0,987632,2,0,0.0,0
Sus scrofa,Perak,2020,2496.0,987632,2,0,0.0,0
Varanus salvator,Perak,2020,2496.0,987632,2,0,0.0,0
Acridotheres tristis,Perlis,2020,284.9,10629,2,2,1.0,1
Corvus splendens,Perlis,2020,284.9,10629,2,0,0.0,0
Macaca fascicularis,Perlis,2020,284.9,10629,2,0,0.0,0
Malayopython reticulatus,Perlis,2020,284.9,10629,2,0,0.0,0
Naja sumatrana,Perlis,2020,284.9,10629,2,0,0.0,0
Sus scrofa,Perlis,2020,284.9,10629,2,0,0.0,0
Varanus salvator,Perlis,2020,284.9,10629,2,0,0.0,0
Acridotheres tristis,Pulau Pinang,2020,1740.4,5387,2,39,0.40625,1
Corvus splendens,Pulau Pinang,2020,1740.4,5387,2,54,0.5625,1
Macaca fascicularis,Pulau Pinang,2020,1740.4,5387,2,1,0.010417,1
Malayopython reticulatus,Pulau Pinang,2020,1740.4,5387,2,0,0.0,0
Naja sumatrana,Pulau Pinang,2020,1740.4,5387,2,0,0.0,0
Sus scrofa,Pulau Pinang,2020,1740.4,5387,2,0,0.0,0
Varanus salvator,Pulau Pinang,2020,1740.4,5387,2,2,0.020833,1
Acridotheres tristis,Putrajaya,2020,109.2,0,2,4,0.5,1
Corvus splendens,Putrajaya,2020,109.2,0,2,4,0.5,1
Macaca fascicularis,Putrajaya,2020,109.2,0,2,0,0.0,0
Malayopython reticulatus,Putrajaya,2020,109.2,0,2,0,0.0,0
Naja sumatrana,Putrajaya,2020,109.2,0,2,0,0.0,0
Sus scrofa,Putrajaya,2020,109.2,0,2,0,0.0,0
Varanus salvator,Putrajaya,2020,109.2,0,2,0,0.0,0
Acridotheres tristis,Sabah,2020,3418.8,3574468,2,4,0.222222,1
Corvus splendens,Sabah,2020,3418.8,3574468,2,6,0.333333,1
Macaca fascicularis,Sabah,2020,3418.8,3574468,2,4,0.222222,1
Malayopython reticulatus,Sabah,2020,3418.8,3574468,2,0,0.0,0
Naja sumatrana,Sabah,2020,3418.8,3574468,2,0,0.0,0
Sus scrofa,Sabah,2020,3418.8,3574468,2,0,0.0,0
Varanus salvator,Sabah,2020,3418.8,3574468,2,4,0.222222,1
Acridotheres tristis,Sarawak,2020,2453.7,3964880,2,0,0.0,0
Corvus splendens,Sarawak,2020,2453.7,3964880,2,0,0.0,0
Macaca fascicularis,Sarawak,2020,2453.7,3964880,2,2,0.666667,1
Malayopython reticulatus,Sarawak,2020,2453.7,3964880,2,0,0.0,0
Naja sumatrana,Sarawak,2020,2453.7,3964880,2,0,0.0,0
Sus scrofa,Sarawak,2020,2453.7,3964880,2,0,0.0,0
Varanus salvator,Sarawak,2020,2453.7,3964880,2,1,0.333333,1
Acridotheres tristis,Selangor,2020,6994.4,250208,2,45,0.436893,1
Corvus splendens,Selangor,2020,6994.4,250208,2,57,0.553398,1
Macaca fascicularis,Selangor,2020,6994.4,250208,2,1,0.009709,1
Malayopython reticulatus,Selangor,2020,6994.4,250208,2,0,0.0,0
Naja sumatrana,Selangor,2020,6994.4,250208,2,0,0.0,0
Sus scrofa,Selangor,2020,6994.4,250208,2,0,0.0,0
Varanus salvator,Selangor,2020,6994.4,250208,2,0,0.0,0
Acridotheres tristis,Terengganu,2020,1149.4,540309,2,0,0.0,0
Corvus splendens,Terengganu,2020,1149.4,540309,2,0,0.0,0
Macaca fascicularis,Terengganu,2020,1149.4,540309,2,1,0.5,1
Malayopython reticulatus,Terengganu,2020,1149.4,540309,2,0,0.0,0
Naja sumatrana,Terengganu,2020,1149.4,540309,2,0,0.0,0
Sus scrofa,Terengganu,2020,1149.4,540309,2,1,0.5,1
Varanus salvator,Terengganu,2020,1149.4,540309,2,0,0.0,0
Acridotheres tristis,Johor,2020,4009.7,334292,3,44,0.721311,1
Corvus splendens,Johor,2020,4009.7,334292,3,17,0.278689,1
Macaca fascicularis,Johor,2020,4009.7,334292,3,0,0.0,0
Malayopython reticulatus,Johor,2020,4009.7,334292,3,0,0.0,0
Naja sumatrana,Johor,2020,4009.7,334292,3,0,0.0,0
Sus scrofa,Johor,2020,4009.7,334292,3,0,0.0,0
Varanus salvator,Johor,2020,4009.7,334292,3,0,0.0,0
Acridotheres tristis,Kedah,2020,2131.4,341976,3,19,0.863636,1
Corvus splendens,Kedah,2020,2131.4,341976,3,1,0.045455,1
Macaca fascicularis,Kedah,2020,2131.4,341976,3,0,0.0,0
Malayopython reticulatus,Kedah,2020,2131.4,341976,3,0,0.0,0
Naja sumatrana,Kedah,2020,2131.4,341976,3,0,0.0,0
Sus scrofa,Kedah,2020,2131.4,341976,3,0,0.0,0
Varanus salvator,Kedah,2020,2131.4,341976,3,2,0.090909,1
Acridotheres tristis,Kuala Lumpur,2020,1982.1,68,3,11,0.478261,1
Corvus splendens,Kuala Lumpur,2020,1982.1,68,3,9,0.391304,1
Macaca fascicularis,Kuala Lumpur,2020,1982.1,68,3,2,0.086957,1
Malayopython reticulatus,Kuala Lumpur,2020,1982.1,68,3,0,0.0,0
Naja sumatrana,Kuala Lumpur,2020,1982.1,68,3,0,0.0,0
Sus scrofa,Kuala Lumpur,2020,1982.1,68,3,0,0.0,0
Varanus salvator,Kuala Lumpur,2020,1982.1,68,3,1,0.043478,1
Acridotheres tristis,Melaka,2020,998.4,5199,3,2,0.5,1
Corvus splendens,Melaka,2020,998.4,5199,3,2,0.5,1
Macaca fascicularis,Melaka,2020,998.4,5199,3,0,0.0,0
Malayopython reticulatus,Melaka,2020,998.4,5199,3,0,0.0,0
Naja sumatrana,Melaka,2020,998.4,5199,3,0,0.0,0
Sus scrofa,Melaka,2020,998.4,5199,3,0,0.0,0
Varanus salvator,Melaka,2020,998.4,5199,3,0,0.0,0
Acridotheres tristis,Negeri Sembilan,2020,1200.0,155143,3,12,0.857143,1
Corvus splendens,Negeri Sembilan,2020,1200.0,155143,3,0,0.0,0
Macaca fascicularis,Negeri Sembilan,2020,1200.0,155143,3,2,0.142857,1
Malayopython reticulatus,Negeri Sembilan,2020,1200.0,155143,3,0,0.0,0
Naja sumatrana,Negeri Sembilan,2020,1200.0,155143,3,0,0.0,0
Sus scrofa,Negeri Sembilan,2020,1200.0,155143,3,0,0.0,0
Varanus salvator,Negeri Sembilan,2020,1200.0,155143,3,0,0.0,0
Acridotheres tristis,Pahang,2020,1591.3,1545610,3,23,0.958333,1
Corvus splendens,Pahang,2020,1591.3,1545610,3,0,0.0,0
Macaca fascicularis,Pahang,2020,1591.3,1545610,3,1,0.041667,1
Malayopython reticulatus,Pahang,2020,1591.3,1545610,3,0,0.0,0
Naja sumatrana,Pahang,2020,1591.3,1545610,3,0,0.0,0
Sus scrofa,Pahang,2020,1591.3,1545610,3,0,0.0,0
Varanus salvator,Pahang,2020,1591.3,1545610,3,0,0.0,0
Acridotheres tristis,Perak,2020,2496.0,987632,3,29,1.0,1
Corvus splendens,Perak,2020,2496.0,987632,3,0,0.0,0
Macaca fascicularis,Perak,2020,2496.0,987632,3,0,0.0,0
Malayopython reticulatus,Perak,2020,2496.0,987632,3,0,0.0,0
Naja sumatrana,Perak,2020,2496.0,987632,3,0,0.0,0
Sus scrofa,Perak,2020,2496.0,987632,3,0,0.0,0
Varanus salvator,Perak,2020,2496.0,987632,3,0,0.0,0
Acridotheres tristis,Pulau Pinang,2020,1740.4,5387,3,59,0.433824,1
Corvus splendens,Pulau Pinang,2020,1740.4,5387,3,76,0.558824,1
Macaca fascicularis,Pulau Pinang,2020,1740.4,5387,3,1,0.007353,1
Malayopython reticulatus,Pulau Pinang,2020,1740.4,5387,3,0,0.0,0
Naja sumatrana,Pulau Pinang,2020,1740.4,5387,3,0,0.0,0
Sus scrofa,Pulau Pinang,2020,1740.4,5387,3,0,0.0,0
Varanus salvator,Pulau Pinang,2020,1740.4,5387,3,0,0.0,0
Acridotheres tristis,Putrajaya,2020,109.2,0,3,2,0.4,1
Corvus splendens,Putrajaya,2020,109.2,0,3,3,0.6,1
Macaca fascicularis,Putrajaya,2020,109.2,0,3,0,0.0,0
Malayopython reticulatus,Putrajaya,2020,109.2,0,3,0,0.0,0
Naja sumatrana,Putrajaya,2020,109.2,0,3,0,0.0,0
Sus scrofa,Putrajaya,2020,109.2,0,3,0,0.0,0
Varanus salvator,Putrajaya,2020,109.2,0,3,0,0.0,0
Acridotheres tristis,Sabah,2020,3418.8,3574468,3,0,0.0,0
Corvus splendens,Sabah,2020,3418.8,3574468,3,0,0.0,0
Macaca fascicularis,Sabah,2020,3418.8,3574468,3,5,0.454545,1
Malayopython reticulatus,Sabah,2020,3418.8,3574468,3,0,0.0,0
Naja sumatrana,Sabah,2020,3418.8,3574468,3,0,0.0,0
Sus scrofa,Sabah,2020,3418.8,3574468,3,0,0.0,0
Varanus salvator,Sabah,2020,3418.8,3574468,3,6,0.545455,1
Acridotheres tristis,Sarawak,2020,2453.7,3964880,3,1,0.5,1
Corvus splendens,Sarawak,2020,2453.7,3964880,3,0,0.0,0
Macaca fascicularis,Sarawak,2020,2453.7,3964880,3,1,0.5,1
Malayopython reticulatus,Sarawak,2020,2453.7,3964880,3,0,0.0,0
Naja sumatrana,Sarawak,2020,2453.7,3964880,3,0,0.0,0
Sus scrofa,Sarawak,2020,2453.7,3964880,3,0,0.0,0
Varanus salvator,Sarawak,2020,2453.7,3964880,3,0,0.0,0
Acridotheres tristis,Selangor,2020,6994.4,250208,3,36,0.493151,1
Corvus splendens,Selangor,2020,6994.4,250208,3,36,0.493151,1
Macaca fascicularis,Selangor,2020,6994.4,250208,3,1,0.013699,1
Malayopython reticulatus,Selangor,2020,6994.4,250208,3,0,0.0,0
Naja sumatrana,Selangor,2020,6994.4,250208,3,0,0.0,0
Sus scrofa,Selangor,2020,6994.4,250208,3,0,0.0,0
Varanus salvator,Selangor,2020,6994.4,250208,3,0,0.0,0
Acridotheres tristis,Terengganu,2020,1149.4,540309,3,0,0.0,0
Corvus splendens,Terengganu,2020,1149.4,540309,3,0,0.0,0
Macaca fascicularis,Terengganu,2020,1149.4,540309,3,0,0.0,0
Malayopython reticulatus,Terengganu,2020,1149.4,540309,3,0,0.0,0
Naja sumatrana,Terengganu,2020,1149.4,540309,3,0,0.0,0
Sus scrofa,Terengganu,2020,1149.4,540309,3,0,0.0,0
Varanus salvator,Terengganu,2020,1149.4,540309,3,1,1.0,1
Acridotheres tristis,Johor,2020,4009.7,334292,4,2,0.285714,1
Corvus splendens,Johor,2020,4009.7,334292,4,5,0.714286,1
Macaca fascicularis,Johor,2020,4009.7,334292,4,0,0.0,0
Malayopython reticulatus,Johor,2020,4009.7,334292,4,0,0.0,0
Naja sumatrana,Johor,2020,4009.7,334292,4,0,0.0,0
Sus scrofa,Johor,2020,4009.7,334292,4,0,0.0,0
Varanus salvator,Johor,2020,4009.7,334292,4,0,0.0,0
Acridotheres tristis,Kuala Lumpur,2020,1982.1,68,4,1,0.25,1
Corvus splendens,Kuala Lumpur,2020,1982.1,68,4,3,0.75,1
Macaca fascicularis,Kuala Lumpur,2020,1982.1,68,4,0,0.0,0
Malayopython reticulatus,Kuala Lumpur,2020,1982.1,68,4,0,0.0,0
Naja sumatrana,Kuala Lumpur,2020,1982.1,68,4,0,0.0,0
Sus scrofa,Kuala Lumpur,2020,1982.1,68,4,0,0.0,0
Varanus salvator,Kuala Lumpur,2020,1982.1,68,4,0,0.0,0
Acridotheres tristis,Negeri Sembilan,2020,1200.0,155143,4,4,0.8,1
Corvus splendens,Negeri Sembilan,2020,1200.0,155143,4,0,0.0,0
Macaca fascicularis,Negeri Sembilan,2020,1200.0,155143,4,0,0.0,0
Malayopython reticulatus,Negeri Sembilan,2020,1200.0,155143,4,0,0.0,0
Naja sumatrana,Negeri Sembilan,2020,1200.0,155143,4,0,0.0,0
Sus scrofa,Negeri Sembilan,2020,1200.0,155143,4,0,0.0,0
Varanus salvator,Negeri Sembilan,2020,1200.0,155143,4,1,0.2,1
Acridotheres tristis,Perak,2020,2496.0,987632,4,13,1.0,1
Corvus splendens,Perak,2020,2496.0,987632,4,0,0.0,0
Macaca fascicularis,Perak,2020,2496.0,987632,4,0,0.0,0
Malayopython reticulatus,Perak,2020,2496.0,987632,4,0,0.0,0
Naja sumatrana,Perak,2020,2496.0,987632,4,0,0.0,0
Sus scrofa,Perak,2020,2496.0,987632,4,0,0.0,0
Varanus salvator,Perak,2020,2496.0,987632,4,0,0.0,0
Acridotheres tristis,Pulau Pinang,2020,1740.4,5387,4,70,0.555556,1
Corvus splendens,Pulau Pinang,2020,1740.4,5387,4,56,0.444444,1
Macaca fascicularis,Pulau Pinang,2020,1740.4,5387,4,0,0.0,0
Malayopython reticulatus,Pulau Pinang,2020,1740.4,5387,4,0,0.0,0
Naja sumatrana,Pulau Pinang,2020,1740.4,5387,4,0,0.0,0
Sus scrofa,Pulau Pinang,2020,1740.4,5387,4,0,0.0,0
Varanus salvator,Pulau Pinang,2020,1740.4,5387,4,0,0.0,0
Acridotheres tristis,Sabah,2020,3418.8,3574468,4,0,0.0,0
Corvus splendens,Sabah,2020,3418.8,3574468,4,0,0.0,0
Macaca fascicularis,Sabah,2020,3418.8,3574468,4,1,0.333333,1
Malayopython reticulatus,Sabah,2020,3418.8,3574468,4,0,0.0,0
Naja sumatrana,Sabah,2020,3418.8,3574468,4,1,0.333333,1
Sus scrofa,Sabah,2020,3418.8,3574468,4,0,0.0,0
Varanus salvator,Sabah,2020,3418.8,3574468,4,1,0.333333,1
Acridotheres tristis,Sarawak,2020,2453.7,3964880,4,2,0.666667,1
Corvus splendens,Sarawak,2020,2453.7,3964880,4,0,0.0,0
Macaca fascicularis,Sarawak,2020,2453.7,3964880,4,0,0.0,0
Malayopython reticulatus,Sarawak,2020,2453.7,3964880,4,0,0.0,0
Naja sumatrana,Sarawak,2020,2453.7,3964880,4,0,0.0,0
Sus scrofa,Sarawak,2020,2453.7,3964880,4,0,0.0,0
Varanus salvator,Sarawak,2020,2453.7,3964880,4,1,0.333333,1
Acridotheres tristis,Selangor,2020,6994.4,250208,4,7,0.466667,1
Corvus splendens,Selangor,2020,6994.4,250208,4,7,0.466667,1
Macaca fascicularis,Selangor,2020,6994.4,250208,4,1,0.066667,1
Malayopython reticulatus,Selangor,2020,6994.4,250208,4,0,0.0,0
Naja sumatrana,Selangor,2020,6994.4,250208,4,0,0.0,0
Sus scrofa,Selangor,2020,6994.4,250208,4,0,0.0,0
Varanus salvator,Selangor,2020,6994.4,250208,4,0,0.0,0
Acridotheres tristis,Johor,2020,4009.7,334292,5,3,0.375,1
Corvus splendens,Johor,2020,4009.7,334292,5,5,0.625,1
Macaca fascicularis,Johor,2020,4009.7,334292,5,0,0.0,0
Malayopython reticulatus,Johor,2020,4009.7,334292,5,0,0.0,0
Naja sumatrana,Johor,2020,4009.7,334292,5,0,0.0,0
Sus scrofa,Johor,2020,4009.7,334292,5,0,0.0,0
Varanus salvator,Johor,2020,4009.7,334292,5,0,0.0,0
Acridotheres tristis,Kedah,2020,2131.4,341976,5,4,0.571429,1
Corvus splendens,Kedah,2020,2131.4,341976,5,3,0.428571,1
Macaca fascicularis,Kedah,2020,2131.4,341976,5,0,0.0,0
Malayopython reticulatus,Kedah,2020,2131.4,341976,5,0,0.0,0
Naja sumatrana,Kedah,2020,2131.4,341976,5,0,0.0,0
Sus scrofa,Kedah,2020,2131.4,341976,5,0,0.0,0
Varanus salvator,Kedah,2020,2131.4,341976,5,0,0.0,0
Acridotheres tristis,Kuala Lumpur,2020,1982.1,68,5,5,0.357143,1
Corvus splendens,Kuala Lumpur,2020,1982.1,68,5,9,0.642857,1
Macaca fascicularis,Kuala Lumpur,2020,1982.1,68,5,0,0.0,0
Malayopython reticulatus,Kuala Lumpur,2020,1982.1,68,5,0,0.0,0
Naja sumatrana,Kuala Lumpur,2020,1982.1,68,5,0,0.0,0
Sus scrofa,Kuala Lumpur,2020,1982.1,68,5,0,0.0,0
Varanus salvator,Kuala Lumpur,2020,1982.1,68,5,0,0.0,0
Acridotheres tristis,Negeri Sembilan,2020,1200.0,155143,5,9,0.75,1
Corvus splendens,Negeri Sembilan,2020,1200.0,155143,5,3,0.25,1
Macaca fascicularis,Negeri Sembilan,2020,1200.0,155143,5,0,0.0,0
Malayopython reticulatus,Negeri Sembilan,2020,1200.0,155143,5,0,0.0,0
Naja sumatrana,Negeri Sembilan,2020,1200.0,155143,5,0,0.0,0
Sus scrofa,Negeri Sembilan,2020,1200.0,155143,5,0,0.0,0
Varanus salvator,Negeri Sembilan,2020,1200.0,155143,5,0,0.0,0
Acridotheres tristis,Perak,2020,2496.0,987632,5,3,0.75,1
Corvus splendens,Perak,2020,2496.0,987632,5,0,0.0,0
Macaca fascicularis,Perak,2020,2496.0,987632,5,0,0.0,0
Malayopython reticulatus,Perak,2020,2496.0,987632,5,0,0.0,0
Naja sumatrana,Perak,2020,2496.0,987632,5,0,0.0,0
Sus scrofa,Perak,2020,2496.0,987632,5,0,0.0,0
Varanus salvator,Perak,2020,2496.0,987632,5,1,0.25,1
Acridotheres tristis,Pulau Pinang,2020,1740.4,5387,5,54,0.519231,1
Corvus splendens,Pulau Pinang,2020,1740.4,5387,5,50,0.480769,1
Macaca fascicularis,Pulau Pinang,2020,1740.4,5387,5,0,0.0,0
Malayopython reticulatus,Pulau Pinang,2020,1740.4,5387,5,0,0.0,0
Naja sumatrana,Pulau Pinang,2020,1740.4,5387,5,0,0.0,0
Sus scrofa,Pulau Pinang,2020,1740.4,5387,5,0,0.0,0
Varanus salvator,Pulau Pinang,2020,1740.4,5387,5,0,0.0,0
Acridotheres tristis,Sabah,2020,3418.8,3574468,5,0,0.0,0
Corvus splendens,Sabah,2020,3418.8,3574468,5,0,0.0,0
Macaca fascicularis,Sabah,2020,3418.8,3574468,5,0,0.0,0
Malayopython reticulatus,Sabah,2020,3418.8,3574468,5,0,0.0,0
Naja sumatrana,Sabah,2020,3418.8,3574468,5,1,0.5,1
Sus scrofa,Sabah,2020,3418.8,3574468,5,0,0.0,0
Varanus salvator,Sabah,2020,3418.8,3574468,5,1,0.5,1
Acridotheres tristis,Sarawak,2020,2453.7,3964880,5,3,0.75,1
Corvus splendens,Sarawak,2020,2453.7,3964880,5,0,0.0,0
Macaca fascicularis,Sarawak,2020,2453.7,3964880,5,0,0.0,0
Malayopython reticulatus,Sarawak,2020,2453.7,3964880,5,0,0.0,0
Naja sumatrana,Sarawak,2020,2453.7,3964880,5,1,0.25,1
Sus scrofa,Sarawak,2020,2453.7,3964880,5,0,0.0,0
Varanus salvator,Sarawak,2020,2453.7,3964880,5,0,0.0,0
Acridotheres tristis,Selangor,2020,6994.4,250208,5,10,0.3125,1
Corvus splendens,Selangor,2020,6994.4,250208,5,22,0.6875,1
Macaca fascicularis,Selangor,2020,6994.4,250208,5,0,0.0,0
Malayopython reticulatus,Selangor,2020,6994.4,250208,5,0,0.0,0
Naja sumatrana,Selangor,2020,6994.4,250208,5,0,0.0,0
Sus scrofa,Selangor,2020,6994.4,250208,5,0,0.0,0
Varanus salvator,Selangor,2020,6994.4,250208,5,0,0.0,0
Acridotheres tristis,Johor,2020,4009.7,334292,6,2,0.5,1
Corvus splendens,Johor,2020,4009.7,334292,6,2,0.5,1
Macaca fascicularis,Johor,2020,4009.7,334292,6,0,0.0,0
Malayopython reticulatus,Johor,2020,4009.7,334292,6,0,0.0,0
Naja sumatrana,Johor,2020,4009.7,334292,6,0,0.0,0
Sus scrofa,Johor,2020,4009.7,334292,6,0,0.0,0
Varanus salvator,Johor,2020,4009.7,334292,6,0,0.0,0
Acridotheres tristis,Kedah,2020,2131.4,341976,6,7,0.875,1
Corvus splendens,Kedah,2020,2131.4,341976,6,1,0.125,1
Macaca fascicularis,Kedah,2020,2131.4,341976,6,0,0.0,0
Malayopython reticulatus,Kedah,2020,2131.4,341976,6,0,0.0,0
Naja sumatrana,Kedah,2020,2131.4,341976,6,0,0.0,0
Sus scrofa,Kedah,2020,2131.4,341976,6,0,0.0,0
Varanus salvator,Kedah,2020,2131.4,341976,6,0,0.0,0
Acridotheres tristis,Kelantan,2020,1792.5,629881,6,1,1.0,1
Corvus splendens,Kelantan,2020,1792.5,629881,6,0,0.0,0
Macaca fascicularis,Kelantan,2020,1792.5,629881,6,0,0.0,0
Malayopython reticulatus,Kelantan,2020,1792.5,629881,6,0,0.0,0
Naja sumatrana,Kelantan,2020,1792.5,629881,6,0,0.0,0
Sus scrofa,Kelantan,2020,1792.5,629881,6,0,0.0,0
Varanus salvator,Kelantan,2020,1792.5,629881,6,0,0.0,0
Acridotheres tristis,Kuala Lumpur,2020,1982.1,68,6,7,0.233333,1
Corvus splendens,Kuala Lumpur,2020,1982.1,68,6,23,0.766667,1
Macaca fascicularis,Kuala Lumpur,2020,1982.1,68,6,0,0.0,0
Malayopython reticulatus,Kuala Lumpur,2020,1982.1,68,6,0,0.0,0
Naja sumatrana,Kuala Lumpur,2020,1982.1,68,6,0,0.0,0
Sus scrofa,Kuala Lumpur,2020,1982.1,68,6,0,0.0,0
Varanus salvator,Kuala Lumpur,2020,1982.1,68,6,0,0.0,0
Acridotheres tristis,Melaka,2020,998.4,5199,6,2,0.5,1
Corvus splendens,Melaka,2020,998.4,5199,6,2,0.5,1
Macaca fascicularis,Melaka,2020,998.4,5199,6,0,0.0,0
Malayopython reticulatus,Melaka,2020,998.4,5199,6,0,0.0,0
Naja sumatrana,Melaka,2020,998.4,5199,6,0,0.0,0
Sus scrofa,Melaka,2020,998.4,5199,6,0,0.0,0
Varanus salvator,Melaka,2020,998.4,5199,6,0,0.0,0
Acridotheres tristis,Negeri Sembilan,2020,1200.0,155143,6,5,0.714286,1
Corvus splendens,Negeri Sembilan,2020,1200.0,155143,6,1,0.142857,1
Macaca fascicularis,Negeri Sembilan,2020,1200.0,155143,6,0,0.0,0
Malayopython reticulatus,Negeri Sembilan,2020,1200.0,155143,6,0,0.0,0
Naja sumatrana,Negeri Sembilan,2020,1200.0,155143,6,0,0.0,0
Sus scrofa,Negeri Sembilan,2020,1200.0,155143,6,1,0.142857,1
Varanus salvator,Negeri Sembilan,2020,1200.0,155143,6,0,0.0,0
Acridotheres tristis,Pahang,2020,1591.3,1545610,6,0,0.0,0
Corvus splendens,Pahang,2020,1591.3,1545610,6,5,1.0,1
Macaca fascicularis,Pahang,2020,1591.3,1545610,6,0,0.0,0
Malayopython reticulatus,Pahang,2020,1591.3,1545610,6,0,0.0,0
Naja sumatrana,Pahang,2020,1591.3,1545610,6,0,0.0,0
Sus scrofa,Pahang,2020,1591.3,1545610,6,0,0.0,0
Varanus salvator,Pahang,2020,1591.3,1545610,6,0,0.0,0
Acridotheres tristis,Perak,2020,2496.0,987632,6,4,1.0,1
Corvus splendens,Perak,2020,2496.0,987632,6,0,0.0,0
Macaca fascicularis,Perak,2020,2496.0,987632,6,0,0.0,0
Malayopython reticulatus,Perak,2020,2496.0,987632,6,0,0.0,0
Naja sumatrana,Perak,2020,2496.0,987632,6,0,0.0,0
Sus scrofa,Perak,2020,2496.0,987632,6,0,0.0,0
Varanus salvator,Perak,2020,2496.0,987632,6,0,0.0,0
Acridotheres tristis,Perlis,2020,284.9,10629,6,3,1.0,1
Corvus splendens,Perlis,2020,284.9,10629,6,0,0.0,0
Macaca fascicularis,Perlis,2020,284.9,10629,6,0,0.0,0
Malayopython reticulatus,Perlis,2020,284.9,10629,6,0,0.0,0
Naja sumatrana,Perlis,2020,284.9,10629,6,0,0.0,0
Sus scrofa,Perlis,2020,284.9,10629,6,0,0.0,0
Varanus salvator,Perlis,2020,284.9,10629,6,0,0.0,0
Acridotheres tristis,Pulau Pinang,2020,1740.4,5387,6,16,0.551724,1
Corvus splendens,Pulau Pinang,2020,1740.4,5387,6,12,0.413793,1
Macaca fascicularis,Pulau Pinang,2020,1740.4,5387,6,0,0.0,0
Malayopython reticulatus,Pulau Pinang,2020,1740.4,5387,6,0,0.0,0
Naja sumatrana,Pulau Pinang,2020,1740.4,5387,6,0,0.0,0
Sus scrofa,Pulau Pinang,2020,1740.4,5387,6,0,0.0,0
Varanus salvator,Pulau Pinang,2020,1740.4,5387,6,1,0.034483,1
Acridotheres tristis,Putrajaya,2020,109.2,0,6,1,0.5,1
Corvus splendens,Putrajaya,2020,109.2,0,6,1,0.5,1
Macaca fascicularis,Putrajaya,2020,109.2,0,6,0,0.0,0
Malayopython reticulatus,Putrajaya,2020,109.2,0,6,0,0.0,0
Naja sumatrana,Putrajaya,2020,109.2,0,6,0,0.0,0
Sus scrofa,Putrajaya,2020,109.2,0,6,0,0.0,0
Varanus salvator,Putrajaya,2020,109.2,0,6,0,0.0,0
Acridotheres tristis,Sabah,2020,3418.8,3574468,6,0,0.0,0
Corvus splendens,Sabah,2020,3418.8,3574468,6,0,0.0,0
Macaca fascicularis,Sabah,2020,3418.8,3574468,6,3,0.75,1
Malayopython reticulatus,Sabah,2020,3418.8,3574468,6,0,0.0,0
Naja sumatrana,Sabah,2020,3418.8,3574468,6,0,0.0,0
Sus scrofa,Sabah,2020,3418.8,3574468,6,0,0.0,0
Varanus salvator,Sabah,2020,3418.8,3574468,6,1,0.25,1
Acridotheres tristis,Sarawak,2020,2453.7,3964880,6,1,1.0,1
Corvus splendens,Sarawak,2020,2453.7,3964880,6,0,0.0,0
Macaca fascicularis,Sarawak,2020,2453.7,3964880,6,0,0.0,0
Malayopython reticulatus,Sarawak,2020,2453.7,3964880,6,0,0.0,0
Naja sumatrana,Sarawak,2020,2453.7,3964880,6,0,0.0,0
Sus scrofa,Sarawak,2020,2453.7,3964880,6,0,0.0,0
Varanus salvator,Sarawak,2020,2453.7,3964880,6,0,0.0,0
Acridotheres tristis,Selangor,2020,6994.4,250208,6,19,0.260274,1
Corvus splendens,Selangor,2020,6994.4,250208,6,51,0.69863,1
Macaca fascicularis,Selangor,2020,6994.4,250208,6,0,0.0,0
Malayopython reticulatus,Selangor,2020,6994.4,250208,6,0,0.0,0
Naja sumatrana,Selangor,2020,6994.4,250208,6,0,0.0,0
Sus scrofa,Selangor,2020,6994.4,250208,6,0,0.0,0
Varanus salvator,Selangor,2020,6994.4,250208,6,3,0.041096,1
Acridotheres tristis,Terengganu,2020,1149.4,540309,6,0,0.0,0
Corvus splendens,Terengganu,2020,1149.4,540309,6,0,0.0,0
Macaca fascicularis,Terengganu,2020,1149.4,540309,6,0,0.0,0
Malayopython reticulatus,Terengganu,2020,1149.4,540309,6,1,1.0,1
Naja sumatrana,Terengganu,2020,1149.4,540309,6,0,0.0,0
Sus scrofa,Terengganu,2020,1149.4,540309,6,0,0.0,0
Varanus salvator,Terengganu,2020,1149.4,540309,6,0,0.0,0
Acridotheres tristis,Johor,2020,4009.7,334292,7,9,0.473684,1
Corvus splendens,Johor,2020,4009.7,334292,7,7,0.368421,1
Macaca fascicularis,Johor,2020,4009.7,334292,7,1,0.052632,1
Malayopython reticulatus,Johor,2020,4009.7,334292,7,0,0.0,0
Naja sumatrana,Johor,2020,4009.7,334292,7,0,0.0,0
Sus scrofa,Johor,2020,4009.7,334292,7,0,0.0,0
Varanus salvator,Johor,2020,4009.7,334292,7,2,0.105263,1
Acridotheres tristis,Kedah,2020,2131.4,341976,7,11,0.647059,1
Corvus splendens,Kedah,2020,2131.4,341976,7,3,0.176471,1
Macaca fascicularis,Kedah,2020,2131.4,341976,7,1,0.058824,1
Malayopython reticulatus,Kedah,2020,2131.4,341976,7,0,0.0,0
Naja sumatrana,Kedah,2020,2131.4,341976,7,0,0.0,0
Sus scrofa,Kedah,2020,2131.4,341976,7,0,0.0,0
Varanus salvator,Kedah,2020,2131.4,341976,7,2,0.117647,1
Acridotheres tristis,Kelantan,2020,1792.5,629881,7,1,1.0,1
Corvus splendens,Kelantan,2020,1792.5,629881,7,0,0.0,0
Macaca fascicularis,Kelantan,2020,1792.5,629881,7,0,0.0,0
Malayopython reticulatus,Kelantan,2020,1792.5,629881,7,0,0.0,0
Naja sumatrana,Kelantan,2020,1792.5,629881,7,0,0.0,0
Sus scrofa,Kelantan,2020,1792.5,629881,7,0,0.0,0
Varanus salvator,Kelantan,2020,1792.5,629881,7,0,0.0,0
Acridotheres tristis,Kuala Lumpur,2020,1982.1,68,7,11,0.305556,1
Corvus splendens,Kuala Lumpur,2020,1982.1,68,7,24,0.666667,1
Macaca fascicularis,Kuala Lumpur,2020,1982.1,68,7,0,0.0,0
Malayopython reticulatus,Kuala Lumpur,2020,1982.1,68,7,0,0.0,0
Naja sumatrana,Kuala Lumpur,2020,1982.1,68,7,0,0.0,0
Sus scrofa,Kuala Lumpur,2020,1982.1,68,7,0,0.0,0
Varanus salvator,Kuala Lumpur,2020,1982.1,68,7,1,0.027778,1
Acridotheres tristis,Melaka,2020,998.4,5199,7,2,0.666667,1
Corvus splendens,Melaka,2020,998.4,5199,7,1,0.333333,1
Macaca fascicularis,Melaka,2020,998.4,5199,7,0,0.0,0
Malayopython reticulatus,Melaka,2020,998.4,5199,7,0,0.0,0
Naja sumatrana,Melaka,2020,998.4,5199,7,0,0.0,0
Sus scrofa,Melaka,2020,998.4,5199,7,0,0.0,0
Varanus salvator,Melaka,2020,998.4,5199,7,0,0.0,0
Acridotheres tristis,Negeri Sembilan,2020,1200.0,155143,7,11,0.785714,1
Corvus splendens,Negeri Sembilan,2020,1200.0,155143,7,3,0.214286,1
Macaca fascicularis,Negeri Sembilan,2020,1200.0,155143,7,0,0.0,0
Malayopython reticulatus,Negeri Sembilan,2020,1200.0,155143,7,0,0.0,0
Naja sumatrana,Negeri Sembilan,2020,1200.0,155143,7,0,0.0,0
Sus scrofa,Negeri Sembilan,2020,1200.0,155143,7,0,0.0,0
Varanus salvator,Negeri Sembilan,2020,1200.0,155143,7,0,0.0,0
Acridotheres tristis,Pahang,2020,1591.3,1545610,7,5,1.0,1
Corvus splendens,Pahang,2020,1591.3,1545610,7,0,0.0,0
Macaca fascicularis,Pahang,2020,1591.3,1545610,7,0,0.0,0
Malayopython reticulatus,Pahang,2020,1591.3,1545610,7,0,0.0,0
Naja sumatrana,Pahang,2020,1591.3,1545610,7,0,0.0,0
Sus scrofa,Pahang,2020,1591.3,1545610,7,0,0.0,0
Varanus salvator,Pahang,2020,1591.3,1545610,7,0,0.0,0
Acridotheres tristis,Perak,2020,2496.0,987632,7,7,0.777778,1
Corvus splendens,Perak,2020,2496.0,987632,7,1,0.111111,1
Macaca fascicularis,Perak,2020,2496.0,987632,7,0,0.0,0
Malayopython reticulatus,Perak,2020,2496.0,987632,7,0,0.0,0
Naja sumatrana,Perak,2020,2496.0,987632,7,0,0.0,0
Sus scrofa,Perak,2020,2496.0,987632,7,0,0.0,0
Varanus salvator,Perak,2020,2496.0,987632,7,1,0.111111,1
Acridotheres tristis,Perlis,2020,284.9,10629,7,1,1.0,1
Corvus splendens,Perlis,2020,284.9,10629,7,0,0.0,0
Macaca fascicularis,Perlis,2020,284.9,10629,7,0,0.0,0
Malayopython reticulatus,Perlis,2020,284.9,10629,7,0,0.0,0
Naja sumatrana,Perlis,2020,284.9,10629,7,0,0.0,0
Sus scrofa,Perlis,2020,284.9,10629,7,0,0.0,0
Varanus salvator,Perlis,2020,284.9,10629,7,0,0.0,0
Acridotheres tristis,Pulau Pinang,2020,1740.4,5387,7,27,0.482143,1
Corvus splendens,Pulau Pinang,2020,1740.4,5387,7,28,0.5,1
Macaca fascicularis,Pulau Pinang,2020,1740.4,5387,7,1,0.017857,1
Malayopython reticulatus,Pulau Pinang,2020,1740.4,5387,7,0,0.0,0
Naja sumatrana,Pulau Pinang,2020,1740.4,5387,7,0,0.0,0
Sus scrofa,Pulau Pinang,2020,1740.4,5387,7,0,0.0,0
Varanus salvator,Pulau Pinang,2020,1740.4,5387,7,0,0.0,0
Acridotheres tristis,Putrajaya,2020,109.2,0,7,1,0.5,1
Corvus splendens,Putrajaya,2020,109.2,0,7,1,0.5,1
Macaca fascicularis,Putrajaya,2020,109.2,0,7,0,0.0,0
Malayopython reticulatus,Putrajaya,2020,109.2,0,7,0,0.0,0
Naja sumatrana,Putrajaya,2020,109.2,0,7,0,0.0,0
Sus scrofa,Putrajaya,2020,109.2,0,7,0,0.0,0
Varanus salvator,Putrajaya,2020,109.2,0,7,0,0.0,0
Acridotheres tristis,Sabah,2020,3418.8,3574468,7,0,0.0,0
Corvus splendens,Sabah,2020,3418.8,3574468,7,0,0.0,0
Macaca fascicularis,Sabah,2020,3418.8,3574468,7,0,0.0,0
Malayopython reticulatus,Sabah,2020,3418.8,3574468,7,2,1.0,1
Naja sumatrana,Sabah,2020,3418.8,3574468,7,0,0.0,0
Sus scrofa,Sabah,2020,3418.8,3574468,7,0,0.0,0
Varanus salvator,Sabah,2020,3418.8,3574468,7,0,0.0,0
Acridotheres tristis,Selangor,2020,6994.4,250208,7,9,0.272727,1
Corvus splendens,Selangor,2020,6994.4,250208,7,20,0.606061,1
Macaca fascicularis,Selangor,2020,6994.4,250208,7,2,0.060606,1
Malayopython reticulatus,Selangor,2020,6994.4,250208,7,2,0.060606,1
Naja sumatrana,Selangor,2020,6994.4,250208,7,0,0.0,0
Sus scrofa,Selangor,2020,6994.4,250208,7,0,0.0,0
Varanus salvator,Selangor,2020,6994.4,250208,7,0,0.0,0
Acridotheres tristis,Terengganu,2020,1149.4,540309,7,1,1.0,1
Corvus splendens,Terengganu,2020,1149.4,540309,7,0,0.0,0
Macaca fascicularis,Terengganu,2020,1149.4,540309,7,0,0.0,0
Malayopython reticulatus,Terengganu,2020,1149.4,540309,7,0,0.0,0
Naja sumatrana,Terengganu,2020,1149.4,540309,7,0,0.0,0
Sus scrofa,Terengganu,2020,1149.4,540309,7,0,0.0,0
Varanus salvator,Terengganu,2020,1149.4,540309,7,0,0.0,0
Acridotheres tristis,Johor,2020,4009.7,334292,8,12,0.413793,1
Corvus splendens,Johor,2020,4009.7,334292,8,10,0.344828,1
Macaca fascicularis,Johor,2020,4009.7,334292,8,1,0.034483,1
Malayopython reticulatus,Johor,2020,4009.7,334292,8,0,0.0,0
Naja sumatrana,Johor,2020,4009.7,334292,8,0,0.0,0
Sus scrofa,Johor,2020,4009.7,334292,8,0,0.0,0
Varanus salvator,Johor,2020,4009.7,334292,8,6,0.206897,1
Acridotheres tristis,Kedah,2020,2131.4,341976,8,10,0.625,1
Corvus splendens,Kedah,2020,2131.4,341976,8,5,0.3125,1
Macaca fascicularis,Kedah,2020,2131.4,341976,8,0,0.0,0
Malayopython reticulatus,Kedah,2020,2131.4,341976,8,1,0.0625,1
Naja sumatrana,Kedah,2020,2131.4,341976,8,0,0.0,0
Sus scrofa,Kedah,2020,2131.4,341976,8,0,0.0,0
Varanus salvator,Kedah,2020,2131.4,341976,8,0,0.0,0
Acridotheres tristis,Kuala Lumpur,2020,1982.1,68,8,5,0.166667,1
Corvus splendens,Kuala Lumpur,2020,1982.1,68,8,24,0.8,1
Macaca fascicularis,Kuala Lumpur,2020,1982.1,68,8,1,0.033333,1
Malayopython reticulatus,Kuala Lumpur,2020,1982.1,68,8,0,0.0,0
Naja sumatrana,Kuala Lumpur,2020,1982.1,68,8,0,0.0,0
Sus scrofa,Kuala Lumpur,2020,1982.1,68,8,0,0.0,0
Varanus salvator,Kuala Lumpur,2020,1982.1,68,8,0,0.0,0
Acridotheres tristis,Melaka,2020,998.4,5199,8,1,0.5,1
Corvus splendens,Melaka,2020,998.4,5199,8,1,0.5,1
Macaca fascicularis,Melaka,2020,998.4,5199,8,0,0.0,0
Malayopython reticulatus,Melaka,2020,998.4,5199,8,0,0.0,0
Naja sumatrana,Melaka,2020,998.4,5199,8,0,0.0,0
Sus scrofa,Melaka,2020,998.4,5199,8,0,0.0,0
Varanus salvator,Melaka,2020,998.4,5199,8,0,0.0,0
Acridotheres tristis,Negeri Sembilan,2020,1200.0,155143,8,13,0.8125,1
Corvus splendens,Negeri Sembilan,2020,1200.0,155143,8,3,0.1875,1
Macaca fascicularis,Negeri Sembilan,2020,1200.0,155143,8,0,0.0,0
Malayopython reticulatus,Negeri Sembilan,2020,1200.0,155143,8,0,0.0,0
Naja sumatrana,Negeri Sembilan,2020,1200.0,155143,8,0,0.0,0
Sus scrofa,Negeri Sembilan,2020,1200.0,155143,8,0,0.0,0
Varanus salvator,Negeri Sembilan,2020,1200.0,155143,8,0,0.0,0
Acridotheres tristis,Pahang,2020,1591.3,1545610,8,5,0.833333,1
Corvus splendens,Pahang,2020,1591.3,1545610,8,0,0.0,0
Macaca fascicularis,Pahang,2020,1591.3,1545610,8,1,0.166667,1
Malayopython reticulatus,Pahang,2020,1591.3,1545610,8,0,0.0,0
Naja sumatrana,Pahang,2020,1591.3,1545610,8,0,0.0,0
Sus scrofa,Pahang,2020,1591.3,1545610,8,0,0.0,0
Varanus salvator,Pahang,2020,1591.3,1545610,8,0,0.0,0
Acridotheres tristis,Perak,2020,2496.0,987632,8,9,0.692308,1
Corvus splendens,Perak,2020,2496.0,987632,8,2,0.153846,1
Macaca fascicularis,Perak,2020,2496.0,987632,8,2,0.153846,1
Malayopython reticulatus,Perak,2020,2496.0,987632,8,0,0.0,0
Naja sumatrana,Perak,2020,2496.0,987632,8,0,0.0,0
Sus scrofa,Perak,2020,2496.0,987632,8,0,0.0,0
Varanus salvator,Perak,2020,2496.0,987632,8,0,0.0,0
Acridotheres tristis,Pulau Pinang,2020,1740.4,5387,8,9,0.428571,1
Corvus splendens,Pulau Pinang,2020,1740.4,5387,8,11,0.52381,1
Macaca fascicularis,Pulau Pinang,2020,1740.4,5387,8,0,0.0,0
Malayopython reticulatus,Pulau Pinang,2020,1740.4,5387,8,1,0.047619,1
Naja sumatrana,Pulau Pinang,2020,1740.4,5387,8,0,0.0,0
Sus scrofa,Pulau Pinang,2020,1740.4,5387,8,0,0.0,0
Varanus salvator,Pulau Pinang,2020,1740.4,5387,8,0,0.0,0
Acridotheres tristis,Sabah,2020,3418.8,3574468,8,1,0.5,1
Corvus splendens,Sabah,2020,3418.8,3574468,8,0,0.0,0
Macaca fascicularis,Sabah,2020,3418.8,3574468,8,1,0.5,1
Malayopython reticulatus,Sabah,2020,3418.8,3574468,8,0,0.0,0
Naja sumatrana,Sabah,2020,3418.8,3574468,8,0,0.0,0
Sus scrofa,Sabah,2020,3418.8,3574468,8,0,0.0,0
Varanus salvator,Sabah,2020,3418.8,3574468,8,0,0.0,0
Acridotheres tristis,Selangor,2020,6994.4,250208,8,7,0.318182,1
Corvus splendens,Selangor,2020,6994.4,250208,8,14,0.636364,1
Macaca fascicularis,Selangor,2020,6994.4,250208,8,0,0.0,0
Malayopython reticulatus,Selangor,2020,6994.4,250208,8,0,0.0,0
Naja sumatrana,Selangor,2020,6994.4,250208,8,0,0.0,0
Sus scrofa,Selangor,2020,6994.4,250208,8,0,0.0,0
Varanus salvator,Selangor,2020,6994.4,250208,8,1,0.045455,1
Acridotheres tristis,Terengganu,2020,1149.4,540309,8,1,1.0,1
Corvus splendens,Terengganu,2020,1149.4,540309,8,0,0.0,0
Macaca fascicularis,Terengganu,2020,1149.4,540309,8,0,0.0,0
Malayopython reticulatus,Terengganu,2020,1149.4,540309,8,0,0.0,0
Naja sumatrana,Terengganu,2020,1149.4,540309,8,0,0.0,0
Sus scrofa,Terengganu,2020,1149.4,540309,8,0,0.0,0
Varanus salvator,Terengganu,2020,1149.4,540309,8,0,0.0,0
Acridotheres tristis,Johor,2020,4009.7,334292,9,5,0.454545,1
Corvus splendens,Johor,2020,4009.7,334292,9,0,0.0,0
Macaca fascicularis,Johor,2020,4009.7,334292,9,5,0.454545,1
Malayopython reticulatus,Johor,2020,4009.7,334292,9,0,0.0,0
Naja sumatrana,Johor,2020,4009.7,334292,9,0,0.0,0
Sus scrofa,Johor,2020,4009.7,334292,9,1,0.090909,1
Varanus salvator,Johor,2020,4009.7,334292,9,0,0.0,0
Acridotheres tristis,Kedah,2020,2131.4,341976,9,3,1.0,1
Corvus splendens,Kedah,2020,2131.4,341976,9,0,0.0,0
Macaca fascicularis,Kedah,2020,2131.4,341976,9,0,0.0,0
Malayopython reticulatus,Kedah,2020,2131.4,341976,9,0,0.0,0
Naja sumatrana,Kedah,2020,2131.4,341976,9,0,0.0,0
Sus scrofa,Kedah,2020,2131.4,341976,9,0,0.0,0
Varanus salvator,Kedah,2020,2131.4,341976,9,0,0.0,0
Acridotheres tristis,Kuala Lumpur,2020,1982.1,68,9,6,0.5,1
Corvus splendens,Kuala Lumpur,2020,1982.1,68,9,6,0.5,1
Macaca fascicularis,Kuala Lumpur,2020,1982.1,68,9,0,0.0,0
Malayopython reticulatus,Kuala Lumpur,2020,1982.1,68,9,0,0.0,0
Naja sumatrana,Kuala Lumpur,2020,1982.1,68,9,0,0.0,0
Sus scrofa,Kuala Lumpur,2020,1982.1,68,9,0,0.0,0
Varanus salvator,Kuala Lumpur,2020,1982.1,68,9,0,0.0,0
Acridotheres tristis,Melaka,2020,998.4,5199,9,2,0.5,1
Corvus splendens,Melaka,2020,998.4,5199,9,2,0.5,1
Macaca fascicularis,Melaka,2020,998.4,5199,9,0,0.0,0
Malayopython reticulatus,Melaka,2020,998.4,5199,9,0,0.0,0
Naja sumatrana,Melaka,2020,998.4,5199,9,0,0.0,0
Sus scrofa,Melaka,2020,998.4,5199,9,0,0.0,0
Varanus salvator,Melaka,2020,998.4,5199,9,0,0.0,0
Acridotheres tristis,Negeri Sembilan,2020,1200.0,155143,9,15,0.882353,1
Corvus splendens,Negeri Sembilan,2020,1200.0,155143,9,2,0.117647,1
Macaca fascicularis,Negeri Sembilan,2020,1200.0,155143,9,0,0.0,0
Malayopython reticulatus,Negeri Sembilan,2020,1200.0,155143,9,0,0.0,0
Naja sumatrana,Negeri Sembilan,2020,1200.0,155143,9,0,0.0,0
Sus scrofa,Negeri Sembilan,2020,1200.0,155143,9,0,0.0,0
Varanus salvator,Negeri Sembilan,2020,1200.0,155143,9,0,0.0,0
Acridotheres tristis,Pahang,2020,1591.3,1545610,9,7,1.0,1
Corvus splendens,Pahang,2020,1591.3,1545610,9,0,0.0,0
Macaca fascicularis,Pahang,2020,1591.3,1545610,9,0,0.0,0
Malayopython reticulatus,Pahang,2020,1591.3,1545610,9,0,0.0,0
Naja sumatrana,Pahang,2020,1591.3,1545610,9,0,0.0,0
Sus scrofa,Pahang,2020,1591.3,1545610,9,0,0.0,0
Varanus salvator,Pahang,2020,1591.3,1545610,9,0,0.0,0
Acridotheres tristis,Perak,2020,2496.0,987632,9,4,0.666667,1
Corvus splendens,Perak,2020,2496.0,987632,9,1,0.166667,1
Macaca fascicularis,Perak,2020,2496.0,987632,9,0,0.0,0
Malayopython reticulatus,Perak,2020,2496.0,987632,9,0,0.0,0
Naja sumatrana,Perak,2020,2496.0,987632,9,0,0.0,0
Sus scrofa,Perak,2020,2496.0,987632,9,1,0.166667,1
Varanus salvator,Perak,2020,2496.0,987632,9,0,0.0,0
Acridotheres tristis,Perlis,2020,284.9,10629,9,7,1.0,1
Corvus splendens,Perlis,2020,284.9,10629,9,0,0.0,0
Macaca fascicularis,Perlis,2020,284.9,10629,9,0,0.0,0
Malayopython reticulatus,Perlis,2020,284.9,10629,9,0,0.0,0
Naja sumatrana,Perlis,2020,284.9,10629,9,0,0.0,0
Sus scrofa,Perlis,2020,284.9,10629,9,0,0.0,0
Varanus salvator,Perlis,2020,284.9,10629,9,0,0.0,0
Acridotheres tristis,Pulau Pinang,2020,1740.4,5387,9,36,0.571429,1
Corvus splendens,Pulau Pinang,2020,1740.4,5387,9,27,0.428571,1
Macaca fascicularis,Pulau Pinang,2020,1740.4,5387,9,0,0.0,0
Malayopython reticulatus,Pulau Pinang,2020,1740.4,5387,9,0,0.0,0
Naja sumatrana,Pulau Pinang,2020,1740.4,5387,9,0,0.0,0
Sus scrofa,Pulau Pinang,2020,1740.4,5387,9,0,0.0,0
Varanus salvator,Pulau Pinang,2020,1740.4,5387,9,0,0.0,0
Acridotheres tristis,Putrajaya,2020,109.2,0,9,1,1.0,1
Corvus splendens,Putrajaya,2020,109.2,0,9,0,0.0,0
Macaca fascicularis,Putrajaya,2020,109.2,0,9,0,0.0,0
Malayopython reticulatus,Putrajaya,2020,109.2,0,9,0,0.0,0
Naja sumatrana,Putrajaya,2020,109.2,0,9,0,0.0,0
Sus scrofa,Putrajaya,2020,109.2,0,9,0,0.0,0
Varanus salvator,Putrajaya,2020,109.2,0,9,0,0.0,0
Acridotheres tristis,Sabah,2020,3418.8,3574468,9,0,0.0,0
Corvus splendens,Sabah,2020,3418.8,3574468,9,0,0.0,0
Macaca fascicularis,Sabah,2020,3418.8,3574468,9,1,0.25,1
Malayopython reticulatus,Sabah,2020,3418.8,3574468,9,0,0.0,0
Naja sumatrana,Sabah,2020,3418.8,3574468,9,0,0.0,0
Sus scrofa,Sabah,2020,3418.8,3574468,9,0,0.0,0
Varanus salvator,Sabah,2020,3418.8,3574468,9,3,0.75,1
Acridotheres tristis,Sarawak,2020,2453.7,3964880,9,2,1.0,1
Corvus splendens,Sarawak,2020,2453.7,3964880,9,0,0.0,0
Macaca fascicularis,Sarawak,2020,2453.7,3964880,9,0,0.0,0
Malayopython reticulatus,Sarawak,2020,2453.7,3964880,9,0,0.0,0
Naja sumatrana,Sarawak,2020,2453.7,3964880,9,0,0.0,0
Sus scrofa,Sarawak,2020,2453.7,3964880,9,0,0.0,0
Varanus salvator,Sarawak,2020,2453.7,3964880,9,0,0.0,0
Acridotheres tristis,Selangor,2020,6994.4,250208,9,19,0.413043,1
Corvus splendens,Selangor,2020,6994.4,250208,9,27,0.586957,1
Macaca fascicularis,Selangor,2020,6994.4,250208,9,0,0.0,0
Malayopython reticulatus,Selangor,2020,6994.4,250208,9,0,0.0,0
Naja sumatrana,Selangor,2020,6994.4,250208,9,0,0.0,0
Sus scrofa,Selangor,2020,6994.4,250208,9,0,0.0,0
Varanus salvator,Selangor,2020,6994.4,250208,9,0,0.0,0
Acridotheres tristis,Johor,2020,4009.7,334292,10,13,0.382353,1
Corvus splendens,Johor,2020,4009.7,334292,10,18,0.529412,1
Macaca fascicularis,Johor,2020,4009.7,334292,10,2,0.058824,1
Malayopython reticulatus,Johor,2020,4009.7,334292,10,0,0.0,0
Naja sumatrana,Johor,2020,4009.7,334292,10,0,0.0,0
Sus scrofa,Johor,2020,4009.7,334292,10,1,0.029412,1
Varanus salvator,Johor,2020,4009.7,334292,10,0,0.0,0
Acridotheres tristis,Kedah,2020,2131.4,341976,10,6,0.666667,1
Corvus splendens,Kedah,2020,2131.4,341976,10,3,0.333333,1
Macaca fascicularis,Kedah,2020,2131.4,341976,10,0,0.0,0
Malayopython reticulatus,Kedah,2020,2131.4,341976,10,0,0.0,0
Naja sumatrana,Kedah,2020,2131.4,341976,10,0,0.0,0
Sus scrofa,Kedah,2020,2131.4,341976,10,0,0.0,0
Varanus salvator,Kedah,2020,2131.4,341976,10,0,0.0,0
Acridotheres tristis,Kuala Lumpur,2020,1982.1,68,10,5,0.555556,1
Corvus splendens,Kuala Lumpur,2020,1982.1,68,10,4,0.444444,1
Macaca fascicularis,Kuala Lumpur,2020,1982.1,68,10,0,0.0,0
Malayopython reticulatus,Kuala Lumpur,2020,1982.1,68,10,0,0.0,0
Naja sumatrana,Kuala Lumpur,2020,1982.1,68,10,0,0.0,0
Sus scrofa,Kuala Lumpur,2020,1982.1,68,10,0,0.0,0
Varanus salvator,Kuala Lumpur,2020,1982.1,68,10,0,0.0,0
Acridotheres tristis,Melaka,2020,998.4,5199,10,2,1.0,1
Corvus splendens,Melaka,2020,998.4,5199,10,0,0.0,0
Macaca fascicularis,Melaka,2020,998.4,5199,10,0,0.0,0
Malayopython reticulatus,Melaka,2020,998.4,5199,10,0,0.0,0
Naja sumatrana,Melaka,2020,998.4,5199,10,0,0.0,0
Sus scrofa,Melaka,2020,998.4,5199,10,0,0.0,0
Varanus salvator,Melaka,2020,998.4,5199,10,0,0.0,0
Acridotheres tristis,Negeri Sembilan,2020,1200.0,155143,10,20,0.8,1
Corvus splendens,Negeri Sembilan,2020,1200.0,155143,10,2,0.08,1
Macaca fascicularis,Negeri Sembilan,2020,1200.0,155143,10,1,0.04,1
Malayopython reticulatus,Negeri Sembilan,2020,1200.0,155143,10,0,0.0,0
Naja sumatrana,Negeri Sembilan,2020,1200.0,155143,10,1,0.04,1
Sus scrofa,Negeri Sembilan,2020,1200.0,155143,10,1,0.04,1
Varanus salvator,Negeri Sembilan,2020,1200.0,155143,10,0,0.0,0
Acridotheres tristis,Pahang,2020,1591.3,1545610,10,7,0.777778,1
Corvus splendens,Pahang,2020,1591.3,1545610,10,1,0.111111,1
Macaca fascicularis,Pahang,2020,1591.3,1545610,10,0,0.0,0
Malayopython reticulatus,Pahang,2020,1591.3,1545610,10,0,0.0,0
Naja sumatrana,Pahang,2020,1591.3,1545610,10,0,0.0,0
Sus scrofa,Pahang,2020,1591.3,1545610,10,1,0.111111,1
Varanus salvator,Pahang,2020,1591.3,1545610,10,0,0.0,0
Acridotheres tristis,Perak,2020,2496.0,987632,10,15,0.789474,1
Corvus splendens,Perak,2020,2496.0,987632,10,4,0.210526,1
Macaca fascicularis,Perak,2020,2496.0,987632,10,0,0.0,0
Malayopython reticulatus,Perak,2020,2496.0,987632,10,0,0.0,0
Naja sumatrana,Perak,2020,2496.0,987632,10,0,0.0,0
Sus scrofa,Perak,2020,2496.0,987632,10,0,0.0,0
Varanus salvator,Perak,2020,2496.0,987632,10,0,0.0,0
Acridotheres tristis,Perlis,2020,284.9,10629,10,1,1.0,1
Corvus splendens,Perlis,2020,284.9,10629,10,0,0.0,0
Macaca fascicularis,Perlis,2020,284.9,10629,10,0,0.0,0
Malayopython reticulatus,Perlis,2020,284.9,10629,10,0,0.0,0
Naja sumatrana,Perlis,2020,284.9,10629,10,0,0.0,0
Sus scrofa,Perlis,2020,284.9,10629,10,0,0.0,0
Varanus salvator,Perlis,2020,284.9,10629,10,0,0.0,0
Acridotheres tristis,Pulau Pinang,2020,1740.4,5387,10,52,0.429752,1
Corvus splendens,Pulau Pinang,2020,1740.4,5387,10,69,0.570248,1
Macaca fascicularis,Pulau Pinang,2020,1740.4,5387,10,0,0.0,0
Malayopython reticulatus,Pulau Pinang,2020,1740.4,5387,10,0,0.0,0
Naja sumatrana,Pulau Pinang,2020,1740.4,5387,10,0,0.0,0
Sus scrofa,Pulau Pinang,2020,1740.4,5387,10,0,0.0,0
Varanus salvator,Pulau Pinang,2020,1740.4,5387,10,0,0.0,0
Acridotheres tristis,Sabah,2020,3418.8,3574468,10,0,0.0,0
Corvus splendens,Sabah,2020,3418.8,3574468,10,1,0.333333,1
Macaca fascicularis,Sabah,2020,3418.8,3574468,10,0,0.0,0
Malayopython reticulatus,Sabah,2020,3418.8,3574468,10,0,0.0,0
Naja sumatrana,Sabah,2020,3418.8,3574468,10,1,0.333333,1
Sus scrofa,Sabah,2020,3418.8,3574468,10,0,0.0,0
Varanus salvator,Sabah,2020,3418.8,3574468,10,1,0.333333,1
Acridotheres tristis,Sarawak,2020,2453.7,3964880,10,3,0.75,1
Corvus splendens,Sarawak,2020,2453.7,3964880,10,1,0.25,1
Macaca fascicularis,Sarawak,2020,2453.7,3964880,10,0,0.0,0
Malayopython reticulatus,Sarawak,2020,2453.7,3964880,10,0,0.0,0
Naja sumatrana,Sarawak,2020,2453.7,3964880,10,0,0.0,0
Sus scrofa,Sarawak,2020,2453.7,3964880,10,0,0.0,0
Varanus salvator,Sarawak,2020,2453.7,3964880,10,0,0.0,0
Acridotheres tristis,Selangor,2020,6994.4,250208,10,14,0.202899,1
Corvus splendens,Selangor,2020,6994.4,250208,10,53,0.768116,1
Macaca fascicularis,Selangor,2020,6994.4,250208,10,2,0.028986,1
Malayopython reticulatus,Selangor,2020,6994.4,250208,10,0,0.0,0
Naja sumatrana,Selangor,2020,6994.4,250208,10,0,0.0,0
Sus scrofa,Selangor,2020,6994.4,250208,10,0,0.0,0
Varanus salvator,Selangor,2020,6994.4,250208,10,0,0.0,0
Acridotheres tristis,Johor,2020,4009.7,334292,11,3,0.6,1
Corvus splendens,Johor,2020,4009.7,334292,11,2,0.4,1
Macaca fascicularis,Johor,2020,4009.7,334292,11,0,0.0,0
Malayopython reticulatus,Johor,2020,4009.7,334292,11,0,0.0,0
Naja sumatrana,Johor,2020,4009.7,334292,11,0,0.0,0
Sus scrofa,Johor,2020,4009.7,334292,11,0,0.0,0
Varanus salvator,Johor,2020,4009.7,334292,11,0,0.0,0
Acridotheres tristis,Kedah,2020,2131.4,341976,11,3,0.6,1
Corvus splendens,Kedah,2020,2131.4,341976,11,2,0.4,1
Macaca fascicularis,Kedah,2020,2131.4,341976,11,0,0.0,0
Malayopython reticulatus,Kedah,2020,2131.4,341976,11,0,0.0,0
Naja sumatrana,Kedah,2020,2131.4,341976,11,0,0.0,0
Sus scrofa,Kedah,2020,2131.4,341976,11,0,0.0,0
Varanus salvator,Kedah,2020,2131.4,341976,11,0,0.0,0
Acridotheres tristis,Kelantan,2020,1792.5,629881,11,1,1.0,1
Corvus splendens,Kelantan,2020,1792.5,629881,11,0,0.0,0
Macaca fascicularis,Kelantan,2020,1792.5,629881,11,0,0.0,0
Malayopython reticulatus,Kelantan,2020,1792.5,629881,11,0,0.0,0
Naja sumatrana,Kelantan,2020,1792.5,629881,11,0,0.0,0
Sus scrofa,Kelantan,2020,1792.5,629881,11,0,0.0,0
Varanus salvator,Kelantan,2020,1792.5,629881,11,0,0.0,0
Acridotheres tristis,Kuala Lumpur,2020,1982.1,68,11,7,0.583333,1
Corvus splendens,Kuala Lumpur,2020,1982.1,68,11,5,0.416667,1
Macaca fascicularis,Kuala Lumpur,2020,1982.1,68,11,0,0.0,0
Malayopython reticulatus,Kuala Lumpur,2020,1982.1,68,11,0,0.0,0
Naja sumatrana,Kuala Lumpur,2020,1982.1,68,11,0,0.0,0
Sus scrofa,Kuala Lumpur,2020,1982.1,68,11,0,0.0,0
Varanus salvator,Kuala Lumpur,2020,1982.1,68,11,0,0.0,0
Acridotheres tristis,Melaka,2020,998.4,5199,11,0,0.0,0
Corvus splendens,Melaka,2020,998.4,5199,11,0,0.0,0
Macaca fascicularis,Melaka,2020,998.4,5199,11,0,0.0,0
Malayopython reticulatus,Melaka,2020,998.4,5199,11,1,1.0,1
Naja sumatrana,Melaka,2020,998.4,5199,11,0,0.0,0
Sus scrofa,Melaka,2020,998.4,5199,11,0,0.0,0
Varanus salvator,Melaka,2020,998.4,5199,11,0,0.0,0
Acridotheres tristis,Negeri Sembilan,2020,1200.0,155143,11,19,0.863636,1
Corvus splendens,Negeri Sembilan,2020,1200.0,155143,11,3,0.136364,1
Macaca fascicularis,Negeri Sembilan,2020,1200.0,155143,11,0,0.0,0
Malayopython reticulatus,Negeri Sembilan,2020,1200.0,155143,11,0,0.0,0
Naja sumatrana,Negeri Sembilan,2020,1200.0,155143,11,0,0.0,0
Sus scrofa,Negeri Sembilan,2020,1200.0,155143,11,0,0.0,0
Varanus salvator,Negeri Sembilan,2020,1200.0,155143,11,0,0.0,0
Acridotheres tristis,Pahang,2020,1591.3,1545610,11,6,1.0,1
Corvus splendens,Pahang,2020,1591.3,1545610,11,0,0.0,0
Macaca fascicularis,Pahang,2020,1591.3,1545610,11,0,0.0,0
Malayopython reticulatus,Pahang,2020,1591.3,1545610,11,0,0.0,0
Naja sumatrana,Pahang,2020,1591.3,1545610,11,0,0.0,0
Sus scrofa,Pahang,2020,1591.3,1545610,11,0,0.0,0
Varanus salvator,Pahang,2020,1591.3,1545610,11,0,0.0,0
Acridotheres tristis,Perak,2020,2496.0,987632,11,11,0.916667,1
Corvus splendens,Perak,2020,2496.0,987632,11,1,0.083333,1
Macaca fascicularis,Perak,2020,2496.0,987632,11,0,0.0,0
Malayopython reticulatus,Perak,2020,2496.0,987632,11,0,0.0,0
Naja sumatrana,Perak,2020,2496.0,987632,11,0,0.0,0
Sus scrofa,Perak,2020,2496.0,987632,11,0,0.0,0
Varanus salvator,Perak,2020,2496.0,987632,11,0,0.0,0
Acridotheres tristis,Perlis,2020,284.9,10629,11,2,1.0,1
Corvus splendens,Perlis,2020,284.9,10629,11,0,0.0,0
Macaca fascicularis,Perlis,2020,284.9,10629,11,0,0.0,0
Malayopython reticulatus,Perlis,2020,284.9,10629,11,0,0.0,0
Naja sumatrana,Perlis,2020,284.9,10629,11,0,0.0,0
Sus scrofa,Perlis,2020,284.9,10629,11,0,0.0,0
Varanus salvator,Perlis,2020,284.9,10629,11,0,0.0,0
Acridotheres tristis,Pulau Pinang,2020,1740.4,5387,11,37,0.486842,1
Corvus splendens,Pulau Pinang,2020,1740.4,5387,11,38,0.5,1
Macaca fascicularis,Pulau Pinang,2020,1740.4,5387,11,0,0.0,0
Malayopython reticulatus,Pulau Pinang,2020,1740.4,5387,11,0,0.0,0
Naja sumatrana,Pulau Pinang,2020,1740.4,5387,11,0,0.0,0
Sus scrofa,Pulau Pinang,2020,1740.4,5387,11,0,0.0,0
Varanus salvator,Pulau Pinang,2020,1740.4,5387,11,1,0.013158,1
Acridotheres tristis,Sabah,2020,3418.8,3574468,11,0,0.0,0
Corvus splendens,Sabah,2020,3418.8,3574468,11,0,0.0,0
Macaca fascicularis,Sabah,2020,3418.8,3574468,11,1,0.25,1
Malayopython reticulatus,Sabah,2020,3418.8,3574468,11,1,0.25,1
Naja sumatrana,Sabah,2020,3418.8,3574468,11,0,0.0,0
Sus scrofa,Sabah,2020,3418.8,3574468,11,0,0.0,0
Varanus salvator,Sabah,2020,3418.8,3574468,11,2,0.5,1
Acridotheres tristis,Sarawak,2020,2453.7,3964880,11,5,1.0,1
Corvus splendens,Sarawak,2020,2453.7,3964880,11,0,0.0,0
Macaca fascicularis,Sarawak,2020,2453.7,3964880,11,0,0.0,0
Malayopython reticulatus,Sarawak,2020,2453.7,3964880,11,0,0.0,0
Naja sumatrana,Sarawak,2020,2453.7,3964880,11,0,0.0,0
Sus scrofa,Sarawak,2020,2453.7,3964880,11,0,0.0,0
Varanus salvator,Sarawak,2020,2453.7,3964880,11,0,0.0,0
Acridotheres tristis,Selangor,2020,6994.4,250208,11,17,0.404762,1
Corvus splendens,Selangor,2020,6994.4,250208,11,23,0.547619,1
Macaca fascicularis,Selangor,2020,6994.4,250208,11,2,0.047619,1
Malayopython reticulatus,Selangor,2020,6994.4,250208,11,0,0.0,0
Naja sumatrana,Selangor,2020,6994.4,250208,11,0,0.0,0
Sus scrofa,Selangor,2020,6994.4,250208,11,0,0.0,0
Varanus salvator,Selangor,2020,6994.4,250208,11,0,0.0,0
Acridotheres tristis,Johor,2020,4009.7,334292,12,11,0.6875,1
Corvus splendens,Johor,2020,4009.7,334292,12,3,0.1875,1
Macaca fascicularis,Johor,2020,4009.7,334292,12,1,0.0625,1
Malayopython reticulatus,Johor,2020,4009.7,334292,12,0,0.0,0
Naja sumatrana,Johor,2020,4009.7,334292,12,0,0.0,0
Sus scrofa,Johor,2020,4009.7,334292,12,0,0.0,0
Varanus salvator,Johor,2020,4009.7,334292,12,1,0.0625,1
Acridotheres tristis,Kedah,2020,2131.4,341976,12,2,0.666667,1
Corvus splendens,Kedah,2020,2131.4,341976,12,0,0.0,0
Macaca fascicularis,Kedah,2020,2131.4,341976,12,1,0.333333,1
Malayopython reticulatus,Kedah,2020,2131.4,341976,12,0,0.0,0
Naja sumatrana,Kedah,2020,2131.4,341976,12,0,0.0,0
Sus scrofa,Kedah,2020,2131.4,341976,12,0,0.0,0
Varanus salvator,Kedah,2020,2131.4,341976,12,0,0.0,0
Acridotheres tristis,Kuala Lumpur,2020,1982.1,68,12,7,0.538462,1
Corvus splendens,Kuala Lumpur,2020,1982.1,68,12,4,0.307692,1
Macaca fascicularis,Kuala Lumpur,2020,1982.1,68,12,2,0.153846,1
Malayopython reticulatus,Kuala Lumpur,2020,1982.1,68,12,0,0.0,0
Naja sumatrana,Kuala Lumpur,2020,1982.1,68,12,0,0.0,0
Sus scrofa,Kuala Lumpur,2020,1982.1,68,12,0,0.0,0
Varanus salvator,Kuala Lumpur,2020,1982.1,68,12,0,0.0,0
Acridotheres tristis,Melaka,2020,998.4,5199,12,3,0.333333,1
Corvus splendens,Melaka,2020,998.4,5199,12,6,0.666667,1
Macaca fascicularis,Melaka,2020,998.4,5199,12,0,0.0,0
Malayopython reticulatus,Melaka,2020,998.4,5199,12,0,0.0,0
Naja sumatrana,Melaka,2020,998.4,5199,12,0,0.0,0
Sus scrofa,Melaka,2020,998.4,5199,12,0,0.0,0
Varanus salvator,Melaka,2020,998.4,5199,12,0,0.0,0
Acridotheres tristis,Negeri Sembilan,2020,1200.0,155143,12,10,0.769231,1
Corvus splendens,Negeri Sembilan,2020,1200.0,155143,12,3,0.230769,1
Macaca fascicularis,Negeri Sembilan,2020,1200.0,155143,12,0,0.0,0
Malayopython reticulatus,Negeri Sembilan,2020,1200.0,155143,12,0,0.0,0
Naja sumatrana,Negeri Sembilan,2020,1200.0,155143,12,0,0.0,0
Sus scrofa,Negeri Sembilan,2020,1200.0,155143,12,0,0.0,0
Varanus salvator,Negeri Sembilan,2020,1200.0,155143,12,0,0.0,0
Acridotheres tristis,Pahang,2020,1591.3,1545610,12,2,0.666667,1
Corvus splendens,Pahang,2020,1591.3,1545610,12,0,0.0,0
Macaca fascicularis,Pahang,2020,1591.3,1545610,12,1,0.333333,1
Malayopython reticulatus,Pahang,2020,1591.3,1545610,12,0,0.0,0
Naja sumatrana,Pahang,2020,1591.3,1545610,12,0,0.0,0
Sus scrofa,Pahang,2020,1591.3,1545610,12,0,0.0,0
Varanus salvator,Pahang,2020,1591.3,1545610,12,0,0.0,0
Acridotheres tristis,Perak,2020,2496.0,987632,12,15,0.789474,1
Corvus splendens,Perak,2020,2496.0,987632,12,4,0.210526,1
Macaca fascicularis,Perak,2020,2496.0,987632,12,0,0.0,0
Malayopython reticulatus,Perak,2020,2496.0,987632,12,0,0.0,0
Naja sumatrana,Perak,2020,2496.0,987632,12,0,0.0,0
Sus scrofa,Perak,2020,2496.0,987632,12,0,0.0,0
Varanus salvator,Perak,2020,2496.0,987632,12,0,0.0,0
Acridotheres tristis,Perlis,2020,284.9,10629,12,3,1.0,1
Corvus splendens,Perlis,2020,284.9,10629,12,0,0.0,0
Macaca fascicularis,Perlis,2020,284.9,10629,12,0,0.0,0
Malayopython reticulatus,Perlis,2020,284.9,10629,12,0,0.0,0
Naja sumatrana,Perlis,2020,284.9,10629,12,0,0.0,0
Sus scrofa,Perlis,2020,284.9,10629,12,0,0.0,0
Varanus salvator,Perlis,2020,284.9,10629,12,0,0.0,0
Acridotheres tristis,Pulau Pinang,2020,1740.4,5387,12,17,0.369565,1
Corvus splendens,Pulau Pinang,2020,1740.4,5387,12,29,0.630435,1
Macaca fascicularis,Pulau Pinang,2020,1740.4,5387,12,0,0.0,0
Malayopython reticulatus,Pulau Pinang,2020,1740.4,5387,12,0,0.0,0
Naja sumatrana,Pulau Pinang,2020,1740.4,5387,12,0,0.0,0
Sus scrofa,Pulau Pinang,2020,1740.4,5387,12,0,0.0,0
Varanus salvator,Pulau Pinang,2020,1740.4,5387,12,0,0.0,0
Acridotheres tristis,Putrajaya,2020,109.2,0,12,1,1.0,1
Corvus splendens,Putrajaya,2020,109.2,0,12,0,0.0,0
Macaca fascicularis,Putrajaya,2020,109.2,0,12,0,0.0,0
Malayopython reticulatus,Putrajaya,2020,109.2,0,12,0,0.0,0
Naja sumatrana,Putrajaya,2020,109.2,0,12,0,0.0,0
Sus scrofa,Putrajaya,2020,109.2,0,12,0,0.0,0
Varanus salvator,Putrajaya,2020,109.2,0,12,0,0.0,0
Acridotheres tristis,Sarawak,2020,2453.7,3964880,12,1,1.0,1
Corvus splendens,Sarawak,2020,2453.7,3964880,12,0,0.0,0
Macaca fascicularis,Sarawak,2020,2453.7,3964880,12,0,0.0,0
Malayopython reticulatus,Sarawak,2020,2453.7,3964880,12,0,0.0,0
Naja sumatrana,Sarawak,2020,2453.7,3964880,12,0,0.0,0
Sus scrofa,Sarawak,2020,2453.7,3964880,12,0,0.0,0
Varanus salvator,Sarawak,2020,2453.7,3964880,12,0,0.0,0
Acridotheres tristis,Selangor,2020,6994.4,250208,12,18,0.305085,1
Corvus splendens,Selangor,2020,6994.4,250208,12,41,0.694915,1
Macaca fascicularis,Selangor,2020,6994.4,250208,12,0,0.0,0
Malayopython reticulatus,Selangor,2020,6994.4,250208,12,0,0.0,0
Naja sumatrana,Selangor,2020,6994.4,250208,12,0,0.0,0
Sus scrofa,Selangor,2020,6994.4,250208,12,0,0.0,0
Varanus salvator,Selangor,2020,6994.4,250208,12,0,0.0,0
Acridotheres tristis,Terengganu,2020,1149.4,540309,12,0,0.0,0
Corvus splendens,Terengganu,2020,1149.4,540309,12,0,0.0,0
Macaca fascicularis,Terengganu,2020,1149.4,540309,12,0,0.0,0
Malayopython reticulatus,Terengganu,2020,1149.4,540309,12,0,0.0,0
Naja sumatrana,Terengganu,2020,1149.4,540309,12,0,0.0,0
Sus scrofa,Terengganu,2020,1149.4,540309,12,1,1.0,1
Varanus salvator,Terengganu,2020,1149.4,540309,12,0,0.0,0
Acridotheres tristis,Johor,2021,4009.7,334502,1,4,0.285714,1
Corvus splendens,Johor,2021,4009.7,334502,1,1,0.071429,1
Macaca fascicularis,Johor,2021,4009.7,334502,1,4,0.285714,1
Malayopython reticulatus,Johor,2021,4009.7,334502,1,0,0.0,0
Naja sumatrana,Johor,2021,4009.7,334502,1,0,0.0,0
Sus scrofa,Johor,2021,4009.7,334502,1,1,0.071429,1
Varanus salvator,Johor,2021,4009.7,334502,1,4,0.285714,1
Acridotheres tristis,Kedah,2021,2131.4,341976,1,2,0.666667,1
Corvus splendens,Kedah,2021,2131.4,341976,1,0,0.0,0
Macaca fascicularis,Kedah,2021,2131.4,341976,1,1,0.333333,1
Malayopython reticulatus,Kedah,2021,2131.4,341976,1,0,0.0,0
Naja sumatrana,Kedah,2021,2131.4,341976,1,0,0.0,0
Sus scrofa,Kedah,2021,2131.4,341976,1,0,0.0,0
Varanus salvator,Kedah,2021,2131.4,341976,1,0,0.0,0
Acridotheres tristis,Kuala Lumpur,2021,1982.1,85,1,7,0.411765,1
Corvus splendens,Kuala Lumpur,2021,1982.1,85,1,9,0.529412,1
Macaca fascicularis,Kuala Lumpur,2021,1982.1,85,1,1,0.058824,1
Malayopython reticulatus,Kuala Lumpur,2021,1982.1,85,1,0,0.0,0
Naja sumatrana,Kuala Lumpur,2021,1982.1,85,1,0,0.0,0
Sus scrofa,Kuala Lumpur,2021,1982.1,85,1,0,0.0,0
Varanus salvator,Kuala Lumpur,2021,1982.1,85,1,0,0.0,0
Acridotheres tristis,Melaka,2021,998.4,5199,1,0,0.0,0
Corvus splendens,Melaka,2021,998.4,5199,1,2,1.0,1
Macaca fascicularis,Melaka,2021,998.4,5199,1,0,0.0,0
Malayopython reticulatus,Melaka,2021,998.4,5199,1,0,0.0,0
Naja sumatrana,Melaka,2021,998.4,5199,1,0,0.0,0
Sus scrofa,Melaka,2021,998.4,5199,1,0,0.0,0
Varanus salvator,Melaka,2021,998.4,5199,1,0,0.0,0
Acridotheres tristis,Negeri Sembilan,2021,1200.0,155143,1,10,0.625,1
Corvus splendens,Negeri Sembilan,2021,1200.0,155143,1,0,0.0,0
Macaca fascicularis,Negeri Sembilan,2021,1200.0,155143,1,4,0.25,1
Malayopython reticulatus,Negeri Sembilan,2021,1200.0,155143,1,0,0.0,0
Naja sumatrana,Negeri Sembilan,2021,1200.0,155143,1,0,0.0,0
Sus scrofa,Negeri Sembilan,2021,1200.0,155143,1,0,0.0,0
Varanus salvator,Negeri Sembilan,2021,1200.0,155143,1,2,0.125,1
Acridotheres tristis,Pahang,2021,1591.3,1588298,1,5,0.714286,1
Corvus splendens,Pahang,2021,1591.3,1588298,1,0,0.0,0
Macaca fascicularis,Pahang,2021,1591.3,1588298,1,0,0.0,0
Malayopython reticulatus,Pahang,2021,1591.3,1588298,1,0,0.0,0
Naja sumatrana,Pahang,2021,1591.3,1588298,1,0,0.0,0
Sus scrofa,Pahang,2021,1591.3,1588298,1,0,0.0,0
Varanus salvator,Pahang,2021,1591.3,1588298,1,2,0.285714,1
Acridotheres tristis,Perak,2021,2496.0,986848,1,23,0.676471,1
Corvus splendens,Perak,2021,2496.0,986848,1,9,0.264706,1
Macaca fascicularis,Perak,2021,2496.0,986848,1,1,0.029412,1
Malayopython reticulatus,Perak,2021,2496.0,986848,1,1,0.029412,1
Naja sumatrana,Perak,2021,2496.0,986848,1,0,0.0,0
Sus scrofa,Perak,2021,2496.0,986848,1,0,0.0,0
Varanus salvator,Perak,2021,2496.0,986848,1,0,0.0,0
Acridotheres tristis,Perlis,2021,284.9,10629,1,6,1.0,1
Corvus splendens,Perlis,2021,284.9,10629,1,0,0.0,0
Macaca fascicularis,Perlis,2021,284.9,10629,1,0,0.0,0
Malayopython reticulatus,Perlis,2021,284.9,10629,1,0,0.0,0
Naja sumatrana,Perlis,2021,284.9,10629,1,0,0.0,0
Sus scrofa,Perlis,2021,284.9,10629,1,0,0.0,0
Varanus salvator,Perlis,2021,284.9,10629,1,0,0.0,0
Acridotheres tristis,Pulau Pinang,2021,1740.4,5387,1,10,0.344828,1
Corvus splendens,Pulau Pinang,2021,1740.4,5387,1,19,0.655172,1
Macaca fascicularis,Pulau Pinang,2021,1740.4,5387,1,0,0.0,0
Malayopython reticulatus,Pulau Pinang,2021,1740.4,5387,1,0,0.0,0
Naja sumatrana,Pulau Pinang,2021,1740.4,5387,1,0,0.0,0
Sus scrofa,Pulau Pinang,2021,1740.4,5387,1,0,0.0,0
Varanus salvator,Pulau Pinang,2021,1740.4,5387,1,0,0.0,0
Acridotheres tristis,Putrajaya,2021,109.2,0,1,1,0.5,1
Corvus splendens,Putrajaya,2021,109.2,0,1,1,0.5,1
Macaca fascicularis,Putrajaya,2021,109.2,0,1,0,0.0,0
Malayopython reticulatus,Putrajaya,2021,109.2,0,1,0,0.0,0
Naja sumatrana,Putrajaya,2021,109.2,0,1,0,0.0,0
Sus scrofa,Putrajaya,2021,109.2,0,1,0,0.0,0
Varanus salvator,Putrajaya,2021,109.2,0,1,0,0.0,0
Acridotheres tristis,Sarawak,2021,2453.7,3964880,1,0,0.0,0
Corvus splendens,Sarawak,2021,2453.7,3964880,1,3,1.0,1
Macaca fascicularis,Sarawak,2021,2453.7,3964880,1,0,0.0,0
Malayopython reticulatus,Sarawak,2021,2453.7,3964880,1,0,0.0,0
Naja sumatrana,Sarawak,2021,2453.7,3964880,1,0,0.0,0
Sus scrofa,Sarawak,2021,2453.7,3964880,1,0,0.0,0
Varanus salvator,Sarawak,2021,2453.7,3964880,1,0,0.0,0
Acridotheres tristis,Selangor,2021,6994.4,250208,1,14,0.233333,1
Corvus splendens,Selangor,2021,6994.4,250208,1,41,0.683333,1
Macaca fascicularis,Selangor,2021,6994.4,250208,1,2,0.033333,1
Malayopython reticulatus,Selangor,2021,6994.4,250208,1,0,0.0,0
Naja sumatrana,Selangor,2021,6994.4,250208,1,0,0.0,0
Sus scrofa,Selangor,2021,6994.4,250208,1,0,0.0,0
Varanus salvator,Selangor,2021,6994.4,250208,1,3,0.05,1
Acridotheres tristis,Terengganu,2021,1149.4,540309,1,0,0.0,0
Corvus splendens,Terengganu,2021,1149.4,540309,1,0,0.0,0
Macaca fascicularis,Terengganu,2021,1149.4,540309,1,2,0.666667,1
Malayopython reticulatus,Terengganu,2021,1149.4,540309,1,0,0.0,0
Naja sumatrana,Terengganu,2021,1149.4,540309,1,0,0.0,0
Sus scrofa,Terengganu,2021,1149.4,540309,1,0,0.0,0
Varanus salvator,Terengganu,2021,1149.4,540309,1,1,0.333333,1
Acridotheres tristis,Johor,2021,4009.7,334502,2,3,0.375,1
Corvus splendens,Johor,2021,4009.7,334502,2,4,0.5,1
Macaca fascicularis,Johor,2021,4009.7,334502,2,0,0.0,0
Malayopython reticulatus,Johor,2021,4009.7,334502,2,0,0.0,0
Naja sumatrana,Johor,2021,4009.7,334502,2,0,0.0,0
Sus scrofa,Johor,2021,4009.7,334502,2,0,0.0,0
Varanus salvator,Johor,2021,4009.7,334502,2,1,0.125,1
Acridotheres tristis,Kedah,2021,2131.4,341976,2,7,0.7,1
Corvus splendens,Kedah,2021,2131.4,341976,2,3,0.3,1
Macaca fascicularis,Kedah,2021,2131.4,341976,2,0,0.0,0
Malayopython reticulatus,Kedah,2021,2131.4,341976,2,0,0.0,0
Naja sumatrana,Kedah,2021,2131.4,341976,2,0,0.0,0
Sus scrofa,Kedah,2021,2131.4,341976,2,0,0.0,0
Varanus salvator,Kedah,2021,2131.4,341976,2,0,0.0,0
Acridotheres tristis,Kuala Lumpur,2021,1982.1,85,2,5,0.625,1
Corvus splendens,Kuala Lumpur,2021,1982.1,85,2,3,0.375,1
Macaca fascicularis,Kuala Lumpur,2021,1982.1,85,2,0,0.0,0
Malayopython reticulatus,Kuala Lumpur,2021,1982.1,85,2,0,0.0,0
Naja sumatrana,Kuala Lumpur,2021,1982.1,85,2,0,0.0,0
Sus scrofa,Kuala Lumpur,2021,1982.1,85,2,0,0.0,0
Varanus salvator,Kuala Lumpur,2021,1982.1,85,2,0,0.0,0
Acridotheres tristis,Negeri Sembilan,2021,1200.0,155143,2,2,1.0,1
Corvus splendens,Negeri Sembilan,2021,1200.0,155143,2,0,0.0,0
Macaca fascicularis,Negeri Sembilan,2021,1200.0,155143,2,0,0.0,0
Malayopython reticulatus,Negeri Sembilan,2021,1200.0,155143,2,0,0.0,0
Naja sumatrana,Negeri Sembilan,2021,1200.0,155143,2,0,0.0,0
Sus scrofa,Negeri Sembilan,2021,1200.0,155143,2,0,0.0,0
Varanus salvator,Negeri Sembilan,2021,1200.0,155143,2,0,0.0,0
Acridotheres tristis,Pahang,2021,1591.3,1588298,2,10,1.0,1
Corvus splendens,Pahang,2021,1591.3,1588298,2,0,0.0,0
Macaca fascicularis,Pahang,2021,1591.3,1588298,2,0,0.0,0
Malayopython reticulatus,Pahang,2021,1591.3,1588298,2,0,0.0,0
Naja sumatrana,Pahang,2021,1591.3,1588298,2,0,0.0,0
Sus scrofa,Pahang,2021,1591.3,1588298,2,0,0.0,0
Varanus salvator,Pahang,2021,1591.3,1588298,2,0,0.0,0
Acridotheres tristis,Perak,2021,2496.0,986848,2,3,1.0,1
Corvus splendens,Perak,2021,2496.0,986848,2,0,0.0,0
Macaca fascicularis,Perak,2021,2496.0,986848,2,0,0.0,0
Malayopython reticulatus,Perak,2021,2496.0,986848,2,0,0.0,0
Naja sumatrana,Perak,2021,2496.0,986848,2,0,0.0,0
Sus scrofa,Perak,2021,2496.0,986848,2,0,0.0,0
Varanus salvator,Perak,2021,2496.0,986848,2,0,0.0,0
Acridotheres tristis,Pulau Pinang,2021,1740.4,5387,2,33,0.492537,1
Corvus splendens,Pulau Pinang,2021,1740.4,5387,2,32,0.477612,1
Macaca fascicularis,Pulau Pinang,2021,1740.4,5387,2,0,0.0,0
Malayopython reticulatus,Pulau Pinang,2021,1740.4,5387,2,1,0.014925,1
Naja sumatrana,Pulau Pinang,2021,1740.4,5387,2,0,0.0,0
Sus scrofa,Pulau Pinang,2021,1740.4,5387,2,1,0.014925,1
Varanus salvator,Pulau Pinang,2021,1740.4,5387,2,0,0.0,0
Acridotheres tristis,Sarawak,2021,2453.7,3964880,2,2,0.4,1
Corvus splendens,Sarawak,2021,2453.7,3964880,2,3,0.6,1
Macaca fascicularis,Sarawak,2021,2453.7,3964880,2,0,0.0,0
Malayopython reticulatus,Sarawak,2021,2453.7,3964880,2,0,0.0,0
Naja sumatrana,Sarawak,2021,2453.7,3964880,2,0,0.0,0
Sus scrofa,Sarawak,2021,2453.7,3964880,2,0,0.0,0
Varanus salvator,Sarawak,2021,2453.7,3964880,2,0,0.0,0
Acridotheres tristis,Selangor,2021,6994.4,250208,2,8,0.228571,1
Corvus splendens,Selangor,2021,6994.4,250208,2,26,0.742857,1
Macaca fascicularis,Selangor,2021,6994.4,250208,2,0,0.0,0
Malayopython reticulatus,Selangor,2021,6994.4,250208,2,0,0.0,0
Naja sumatrana,Selangor,2021,6994.4,250208,2,0,0.0,0
Sus scrofa,Selangor,2021,6994.4,250208,2,0,0.0,0
Varanus salvator,Selangor,2021,6994.4,250208,2,1,0.028571,1
Acridotheres tristis,Johor,2021,4009.7,334502,3,7,0.583333,1
Corvus splendens,Johor,2021,4009.7,334502,3,4,0.333333,1
Macaca fascicularis,Johor,2021,4009.7,334502,3,0,0.0,0
Malayopython reticulatus,Johor,2021,4009.7,334502,3,0,0.0,0
Naja sumatrana,Johor,2021,4009.7,334502,3,0,0.0,0
Sus scrofa,Johor,2021,4009.7,334502,3,0,0.0,0
Varanus salvator,Johor,2021,4009.7,334502,3,1,0.083333,1
Acridotheres tristis,Kedah,2021,2131.4,341976,3,1,0.5,1
Corvus splendens,Kedah,2021,2131.4,341976,3,1,0.5,1
Macaca fascicularis,Kedah,2021,2131.4,341976,3,0,0.0,0
Malayopython reticulatus,Kedah,2021,2131.4,341976,3,0,0.0,0
Naja sumatrana,Kedah,2021,2131.4,341976,3,0,0.0,0
Sus scrofa,Kedah,2021,2131.4,341976,3,0,0.0,0
Varanus salvator,Kedah,2021,2131.4,341976,3,0,0.0,0
Acridotheres tristis,Kuala Lumpur,2021,1982.1,85,3,4,0.181818,1
Corvus splendens,Kuala Lumpur,2021,1982.1,85,3,16,0.727273,1
Macaca fascicularis,Kuala Lumpur,2021,1982.1,85,3,2,0.090909,1
Malayopython reticulatus,Kuala Lumpur,2021,1982.1,85,3,0,0.0,0
Naja sumatrana,Kuala Lumpur,2021,1982.1,85,3,0,0.0,0
Sus scrofa,Kuala Lumpur,2021,1982.1,85,3,0,0.0,0
Varanus salvator,Kuala Lumpur,2021,1982.1,85,3,0,0.0,0
Acridotheres tristis,Melaka,2021,998.4,5199,3,2,1.0,1
Corvus splendens,Melaka,2021,998.4,5199,3,0,0.0,0
Macaca fascicularis,Melaka,2021,998.4,5199,3,0,0.0,0
Malayopython reticulatus,Melaka,2021,998.4,5199,3,0,0.0,0
Naja sumatrana,Melaka,2021,998.4,5199,3,0,0.0,0
Sus scrofa,Melaka,2021,998.4,5199,3,0,0.0,0
Varanus salvator,Melaka,2021,998.4,5199,3,0,0.0,0
Acridotheres tristis,Negeri Sembilan,2021,1200.0,155143,3,9,0.428571,1
Corvus splendens,Negeri Sembilan,2021,1200.0,155143,3,7,0.333333,1
Macaca fascicularis,Negeri Sembilan,2021,1200.0,155143,3,4,0.190476,1
Malayopython reticulatus,Negeri Sembilan,2021,1200.0,155143,3,0,0.0,0
Naja sumatrana,Negeri Sembilan,2021,1200.0,155143,3,0,0.0,0
Sus scrofa,Negeri Sembilan,2021,1200.0,155143,3,0,0.0,0
Varanus salvator,Negeri Sembilan,2021,1200.0,155143,3,1,0.047619,1
Acridotheres tristis,Pahang,2021,1591.3,1588298,3,14,0.823529,1
Corvus splendens,Pahang,2021,1591.3,1588298,3,3,0.176471,1
Macaca fascicularis,Pahang,2021,1591.3,1588298,3,0,0.0,0
Malayopython reticulatus,Pahang,2021,1591.3,1588298,3,0,0.0,0
Naja sumatrana,Pahang,2021,1591.3,1588298,3,0,0.0,0
Sus scrofa,Pahang,2021,1591.3,1588298,3,0,0.0,0
Varanus salvator,Pahang,2021,1591.3,1588298,3,0,0.0,0
Acridotheres tristis,Perak,2021,2496.0,986848,3,12,0.923077,1
Corvus splendens,Perak,2021,2496.0,986848,3,0,0.0,0
Macaca fascicularis,Perak,2021,2496.0,986848,3,1,0.076923,1
Malayopython reticulatus,Perak,2021,2496.0,986848,3,0,0.0,0
Naja sumatrana,Perak,2021,2496.0,986848,3,0,0.0,0
Sus scrofa,Perak,2021,2496.0,986848,3,0,0.0,0
Varanus salvator,Perak,2021,2496.0,986848,3,0,0.0,0
Acridotheres tristis,Pulau Pinang,2021,1740.4,5387,3,69,0.482517,1
Corvus splendens,Pulau Pinang,2021,1740.4,5387,3,71,0.496503,1
Macaca fascicularis,Pulau Pinang,2021,1740.4,5387,3,2,0.013986,1
Malayopython reticulatus,Pulau Pinang,2021,1740.4,5387,3,0,0.0,0
Naja sumatrana,Pulau Pinang,2021,1740.4,5387,3,0,0.0,0
Sus scrofa,Pulau Pinang,2021,1740.4,5387,3,0,0.0,0
Varanus salvator,Pulau Pinang,2021,1740.4,5387,3,1,0.006993,1
Acridotheres tristis,Sabah,2021,3418.8,3574468,3,0,0.0,0
Corvus splendens,Sabah,2021,3418.8,3574468,3,0,0.0,0
Macaca fascicularis,Sabah,2021,3418.8,3574468,3,0,0.0,0
Malayopython reticulatus,Sabah,2021,3418.8,3574468,3,0,0.0,0
Naja sumatrana,Sabah,2021,3418.8,3574468,3,0,0.0,0
Sus scrofa,Sabah,2021,3418.8,3574468,3,0,0.0,0
Varanus salvator,Sabah,2021,3418.8,3574468,3,1,1.0,1
Acridotheres tristis,Sarawak,2021,2453.7,3964880,3,1,0.5,1
Corvus splendens,Sarawak,2021,2453.7,3964880,3,1,0.5,1
Macaca fascicularis,Sarawak,2021,2453.7,3964880,3,0,0.0,0
Malayopython reticulatus,Sarawak,2021,2453.7,3964880,3,0,0.0,0
Naja sumatrana,Sarawak,2021,2453.7,3964880,3,0,0.0,0
Sus scrofa,Sarawak,2021,2453.7,3964880,3,0,0.0,0
Varanus salvator,Sarawak,2021,2453.7,3964880,3,0,0.0,0
Acridotheres tristis,Selangor,2021,6994.4,250208,3,17,0.220779,1
Corvus splendens,Selangor,2021,6994.4,250208,3,58,0.753247,1
Macaca fascicularis,Selangor,2021,6994.4,250208,3,2,0.025974,1
Malayopython reticulatus,Selangor,2021,6994.4,250208,3,0,0.0,0
Naja sumatrana,Selangor,2021,6994.4,250208,3,0,0.0,0
Sus scrofa,Selangor,2021,6994.4,250208,3,0,0.0,0
Varanus salvator,Selangor,2021,6994.4,250208,3,0,0.0,0
Acridotheres tristis,Johor,2021,4009.7,334502,4,0,0.0,0
Corvus splendens,Johor,2021,4009.7,334502,4,4,0.307692,1
Macaca fascicularis,Johor,2021,4009.7,334502,4,3,0.230769,1
Malayopython reticulatus,Johor,2021,4009.7,334502,4,0,0.0,0
Naja sumatrana,Johor,2021,4009.7,334502,4,0,0.0,0
Sus scrofa,Johor,2021,4009.7,334502,4,0,0.0,0
Varanus salvator,Johor,2021,4009.7,334502,4,6,0.461538,1
Acridotheres tristis,Kedah,2021,2131.4,341976,4,2,1.0,1
Corvus splendens,Kedah,2021,2131.4,341976,4,0,0.0,0
Macaca fascicularis,Kedah,2021,2131.4,341976,4,0,0.0,0
Malayopython reticulatus,Kedah,2021,2131.4,341976,4,0,0.0,0
Naja sumatrana,Kedah,2021,2131.4,341976,4,0,0.0,0
Sus scrofa,Kedah,2021,2131.4,341976,4,0,0.0,0
Varanus salvator,Kedah,2021,2131.4,341976,4,0,0.0,0
Acridotheres tristis,Kuala Lumpur,2021,1982.1,85,4,8,0.421053,1
Corvus splendens,Kuala Lumpur,2021,1982.1,85,4,9,0.473684,1
Macaca fascicularis,Kuala Lumpur,2021,1982.1,85,4,1,0.052632,1
Malayopython reticulatus,Kuala Lumpur,2021,1982.1,85,4,0,0.0,0
Naja sumatrana,Kuala Lumpur,2021,1982.1,85,4,0,0.0,0
Sus scrofa,Kuala Lumpur,2021,1982.1,85,4,0,0.0,0
Varanus salvator,Kuala Lumpur,2021,1982.1,85,4,1,0.052632,1
Acridotheres tristis,Melaka,2021,998.4,5199,4,2,1.0,1
Corvus splendens,Melaka,2021,998.4,5199,4,0,0.0,0
Macaca fascicularis,Melaka,2021,998.4,5199,4,0,0.0,0
Malayopython reticulatus,Melaka,2021,998.4,5199,4,0,0.0,0
Naja sumatrana,Melaka,2021,998.4,5199,4,0,0.0,0
Sus scrofa,Melaka,2021,998.4,5199,4,0,0.0,0
Varanus salvator,Melaka,2021,998.4,5199,4,0,0.0,0
Acridotheres tristis,Negeri Sembilan,2021,1200.0,155143,4,45,0.703125,1
Corvus splendens,Negeri Sembilan,2021,1200.0,155143,4,17,0.265625,1
Macaca fascicularis,Negeri Sembilan,2021,1200.0,155143,4,0,0.0,0
Malayopython reticulatus,Negeri Sembilan,2021,1200.0,155143,4,0,0.0,0
Naja sumatrana,Negeri Sembilan,2021,1200.0,155143,4,1,0.015625,1
Sus scrofa,Negeri Sembilan,2021,1200.0,155143,4,0,0.0,0
Varanus salvator,Negeri Sembilan,2021,1200.0,155143,4,1,0.015625,1
Acridotheres tristis,Pahang,2021,1591.3,1588298,4,5,0.833333,1
Corvus splendens,Pahang,2021,1591.3,1588298,4,1,0.166667,1
Macaca fascicularis,Pahang,2021,1591.3,1588298,4,0,0.0,0
Malayopython reticulatus,Pahang,2021,1591.3,1588298,4,0,0.0,0
Naja sumatrana,Pahang,2021,1591.3,1588298,4,0,0.0,0
Sus scrofa,Pahang,2021,1591.3,1588298,4,0,0.0,0
Varanus salvator,Pahang,2021,1591.3,1588298,4,0,0.0,0
Acridotheres tristis,Perak,2021,2496.0,986848,4,19,0.904762,1
Corvus splendens,Perak,2021,2496.0,986848,4,2,0.095238,1
Macaca fascicularis,Perak,2021,2496.0,986848,4,0,0.0,0
Malayopython reticulatus,Perak,2021,2496.0,986848,4,0,0.0,0
Naja sumatrana,Perak,2021,2496.0,986848,4,0,0.0,0
Sus scrofa,Perak,2021,2496.0,986848,4,0,0.0,0
Varanus salvator,Perak,2021,2496.0,986848,4,0,0.0,0
Acridotheres tristis,Pulau Pinang,2021,1740.4,5387,4,34,0.4,1
Corvus splendens,Pulau Pinang,2021,1740.4,5387,4,48,0.564706,1
Macaca fascicularis,Pulau Pinang,2021,1740.4,5387,4,3,0.035294,1
Malayopython reticulatus,Pulau Pinang,2021,1740.4,5387,4,0,0.0,0
Naja sumatrana,Pulau Pinang,2021,1740.4,5387,4,0,0.0,0
Sus scrofa,Pulau Pinang,2021,1740.4,5387,4,0,0.0,0
Varanus salvator,Pulau Pinang,2021,1740.4,5387,4,0,0.0,0
Acridotheres tristis,Sabah,2021,3418.8,3574468,4,0,0.0,0
Corvus splendens,Sabah,2021,3418.8,3574468,4,0,0.0,0
Macaca fascicularis,Sabah,2021,3418.8,3574468,4,0,0.0,0
Malayopython reticulatus,Sabah,2021,3418.8,3574468,4,1,0.5,1
Naja sumatrana,Sabah,2021,3418.8,3574468,4,0,0.0,0
Sus scrofa,Sabah,2021,3418.8,3574468,4,0,0.0,0
Varanus salvator,Sabah,2021,3418.8,3574468,4,1,0.5,1
Acridotheres tristis,Sarawak,2021,2453.7,3964880,4,3,0.75,1
Corvus splendens,Sarawak,2021,2453.7,3964880,4,1,0.25,1
Macaca fascicularis,Sarawak,2021,2453.7,3964880,4,0,0.0,0
Malayopython reticulatus,Sarawak,2021,2453.7,3964880,4,0,0.0,0
Naja sumatrana,Sarawak,2021,2453.7,3964880,4,0,0.0,0
Sus scrofa,Sarawak,2021,2453.7,3964880,4,0,0.0,0
Varanus salvator,Sarawak,2021,2453.7,3964880,4,0,0.0,0
Acridotheres tristis,Selangor,2021,6994.4,250208,4,20,0.277778,1
Corvus splendens,Selangor,2021,6994.4,250208,4,48,0.666667,1
Macaca fascicularis,Selangor,2021,6994.4,250208,4,1,0.013889,1
Malayopython reticulatus,Selangor,2021,6994.4,250208,4,0,0.0,0
Naja sumatrana,Selangor,2021,6994.4,250208,4,0,0.0,0
Sus scrofa,Selangor,2021,6994.4,250208,4,0,0.0,0
Varanus salvator,Selangor,2021,6994.4,250208,4,3,0.041667,1
Acridotheres tristis,Johor,2021,4009.7,334502,5,3,0.136364,1
Corvus splendens,Johor,2021,4009.7,334502,5,9,0.409091,1
Macaca fascicularis,Johor,2021,4009.7,334502,5,5,0.227273,1
Malayopython reticulatus,Johor,2021,4009.7,334502,5,0,0.0,0
Naja sumatrana,Johor,2021,4009.7,334502,5,0,0.0,0
Sus scrofa,Johor,2021,4009.7,334502,5,0,0.0,0
Varanus salvator,Johor,2021,4009.7,334502,5,5,0.227273,1
Acridotheres tristis,Kelantan,2021,1792.5,629881,5,2,1.0,1
Corvus splendens,Kelantan,2021,1792.5,629881,5,0,0.0,0
Macaca fascicularis,Kelantan,2021,1792.5,629881,5,0,0.0,0
Malayopython reticulatus,Kelantan,2021,1792.5,629881,5,0,0.0,0
Naja sumatrana,Kelantan,2021,1792.5,629881,5,0,0.0,0
Sus scrofa,Kelantan,2021,1792.5,629881,5,0,0.0,0
Varanus salvator,Kelantan,2021,1792.5,629881,5,0,0.0,0
Acridotheres tristis,Kuala Lumpur,2021,1982.1,85,5,8,0.242424,1
Corvus splendens,Kuala Lumpur,2021,1982.1,85,5,12,0.363636,1
Macaca fascicularis,Kuala Lumpur,2021,1982.1,85,5,9,0.272727,1
Malayopython reticulatus,Kuala Lumpur,2021,1982.1,85,5,0,0.0,0
Naja sumatrana,Kuala Lumpur,2021,1982.1,85,5,0,0.0,0
Sus scrofa,Kuala Lumpur,2021,1982.1,85,5,0,0.0,0
Varanus salvator,Kuala Lumpur,2021,1982.1,85,5,4,0.121212,1
Acridotheres tristis,Melaka,2021,998.4,5199,5,2,0.666667,1
Corvus splendens,Melaka,2021,998.4,5199,5,1,0.333333,1
Macaca fascicularis,Melaka,2021,998.4,5199,5,0,0.0,0
Malayopython reticulatus,Melaka,2021,998.4,5199,5,0,0.0,0
Naja sumatrana,Melaka,2021,998.4,5199,5,0,0.0,0
Sus scrofa,Melaka,2021,998.4,5199,5,0,0.0,0
Varanus salvator,Melaka,2021,998.4,5199,5,0,0.0,0
Acridotheres tristis,Negeri Sembilan,2021,1200.0,155143,5,66,0.666667,1
Corvus splendens,Negeri Sembilan,2021,1200.0,155143,5,32,0.323232,1
Macaca fascicularis,Negeri Sembilan,2021,1200.0,155143,5,0,0.0,0
Malayopython reticulatus,Negeri Sembilan,2021,1200.0,155143,5,0,0.0,0
Naja sumatrana,Negeri Sembilan,2021,1200.0,155143,5,0,0.0,0
Sus scrofa,Negeri Sembilan,2021,1200.0,155143,5,1,0.010101,1
Varanus salvator,Negeri Sembilan,2021,1200.0,155143,5,0,0.0,0
Acridotheres tristis,Pahang,2021,1591.3,1588298,5,19,1.0,1
Corvus splendens,Pahang,2021,1591.3,1588298,5,0,0.0,0
Macaca fascicularis,Pahang,2021,1591.3,1588298,5,0,0.0,0
Malayopython reticulatus,Pahang,2021,1591.3,1588298,5,0,0.0,0
Naja sumatrana,Pahang,2021,1591.3,1588298,5,0,0.0,0
Sus scrofa,Pahang,2021,1591.3,1588298,5,0,0.0,0
Varanus salvator,Pahang,2021,1591.3,1588298,5,0,0.0,0
Acridotheres tristis,Perak,2021,2496.0,986848,5,13,1.0,1
Corvus splendens,Perak,2021,2496.0,986848,5,0,0.0,0
Macaca fascicularis,Perak,2021,2496.0,986848,5,0,0.0,0
Malayopython reticulatus,Perak,2021,2496.0,986848,5,0,0.0,0
Naja sumatrana,Perak,2021,2496.0,986848,5,0,0.0,0
Sus scrofa,Perak,2021,2496.0,986848,5,0,0.0,0
Varanus salvator,Perak,2021,2496.0,986848,5,0,0.0,0
Acridotheres tristis,Pulau Pinang,2021,1740.4,5387,5,35,0.443038,1
Corvus splendens,Pulau Pinang,2021,1740.4,5387,5,41,0.518987,1
Macaca fascicularis,Pulau Pinang,2021,1740.4,5387,5,1,0.012658,1
Malayopython reticulatus,Pulau Pinang,2021,1740.4,5387,5,0,0.0,0
Naja sumatrana,Pulau Pinang,2021,1740.4,5387,5,0,0.0,0
Sus scrofa,Pulau Pinang,2021,1740.4,5387,5,0,0.0,0
Varanus salvator,Pulau Pinang,2021,1740.4,5387,5,2,0.025316,1
Acridotheres tristis,Putrajaya,2021,109.2,0,5,0,0.0,0
Corvus splendens,Putrajaya,2021,109.2,0,5,5,1.0,1
Macaca fascicularis,Putrajaya,2021,109.2,0,5,0,0.0,0
Malayopython reticulatus,Putrajaya,2021,109.2,0,5,0,0.0,0
Naja sumatrana,Putrajaya,2021,109.2,0,5,0,0.0,0
Sus scrofa,Putrajaya,2021,109.2,0,5,0,0.0,0
Varanus salvator,Putrajaya,2021,109.2,0,5,0,0.0,0
Acridotheres tristis,Sabah,2021,3418.8,3574468,5,0,0.0,0
Corvus splendens,Sabah,2021,3418.8,3574468,5,0,0.0,0
Macaca fascicularis,Sabah,2021,3418.8,3574468,5,0,0.0,0
Malayopython reticulatus,Sabah,2021,3418.8,3574468,5,0,0.0,0
Naja sumatrana,Sabah,2021,3418.8,3574468,5,1,1.0,1
Sus scrofa,Sabah,2021,3418.8,3574468,5,0,0.0,0
Varanus salvator,Sabah,2021,3418.8,3574468,5,0,0.0,0
Acridotheres tristis,Sarawak,2021,2453.7,3964880,5,7,0.875,1
Corvus splendens,Sarawak,2021,2453.7,3964880,5,0,0.0,0
Macaca fascicularis,Sarawak,2021,2453.7,3964880,5,0,0.0,0
Malayopython reticulatus,Sarawak,2021,2453.7,3964880,5,0,0.0,0
Naja sumatrana,Sarawak,2021,2453.7,3964880,5,0,0.0,0
Sus scrofa,Sarawak,2021,2453.7,3964880,5,0,0.0,0
Varanus salvator,Sarawak,2021,2453.7,3964880,5,1,0.125,1
Acridotheres tristis,Selangor,2021,6994.4,250208,5,17,0.274194,1
Corvus splendens,Selangor,2021,6994.4,250208,5,38,0.612903,1
Macaca fascicularis,Selangor,2021,6994.4,250208,5,3,0.048387,1
Malayopython reticulatus,Selangor,2021,6994.4,250208,5,0,0.0,0
Naja sumatrana,Selangor,2021,6994.4,250208,5,0,0.0,0
Sus scrofa,Selangor,2021,6994.4,250208,5,0,0.0,0
Varanus salvator,Selangor,2021,6994.4,250208,5,4,0.064516,1
Acridotheres tristis,Terengganu,2021,1149.4,540309,5,0,0.0,0
Corvus splendens,Terengganu,2021,1149.4,540309,5,0,0.0,0
Macaca fascicularis,Terengganu,2021,1149.4,540309,5,1,1.0,1
Malayopython reticulatus,Terengganu,2021,1149.4,540309,5,0,0.0,0
Naja sumatrana,Terengganu,2021,1149.4,540309,5,0,0.0,0
Sus scrofa,Terengganu,2021,1149.4,540309,5,0,0.0,0
Varanus salvator,Terengganu,2021,1149.4,540309,5,0,0.0,0
Acridotheres tristis,Johor,2021,4009.7,334502,6,0,0.0,0
Corvus splendens,Johor,2021,4009.7,334502,6,1,0.5,1
Macaca fascicularis,Johor,2021,4009.7,334502,6,0,0.0,0
Malayopython reticulatus,Johor,2021,4009.7,334502,6,0,0.0,0
Naja sumatrana,Johor,2021,4009.7,334502,6,0,0.0,0
Sus scrofa,Johor,2021,4009.7,334502,6,0,0.0,0
Varanus salvator,Johor,2021,4009.7,334502,6,1,0.5,1
Acridotheres tristis,Kuala Lumpur,2021,1982.1,85,6,0,0.0,0
Corvus splendens,Kuala Lumpur,2021,1982.1,85,6,1,1.0,1
Macaca fascicularis,Kuala Lumpur,2021,1982.1,85,6,0,0.0,0
Malayopython reticulatus,Kuala Lumpur,2021,1982.1,85,6,0,0.0,0
Naja sumatrana,Kuala Lumpur,2021,1982.1,85,6,0,0.0,0
Sus scrofa,Kuala Lumpur,2021,1982.1,85,6,0,0.0,0
Varanus salvator,Kuala Lumpur,2021,1982.1,85,6,0,0.0,0
Acridotheres tristis,Negeri Sembilan,2021,1200.0,155143,6,65,0.570175,1
Corvus splendens,Negeri Sembilan,2021,1200.0,155143,6,48,0.421053,1
Macaca fascicularis,Negeri Sembilan,2021,1200.0,155143,6,1,0.008772,1
Malayopython reticulatus,Negeri Sembilan,2021,1200.0,155143,6,0,0.0,0
Naja sumatrana,Negeri Sembilan,2021,1200.0,155143,6,0,0.0,0
Sus scrofa,Negeri Sembilan,2021,1200.0,155143,6,0,0.0,0
Varanus salvator,Negeri Sembilan,2021,1200.0,155143,6,0,0.0,0
Acridotheres tristis,Pahang,2021,1591.3,1588298,6,2,1.0,1
Corvus splendens,Pahang,2021,1591.3,1588298,6,0,0.0,0
Macaca fascicularis,Pahang,2021,1591.3,1588298,6,0,0.0,0
Malayopython reticulatus,Pahang,2021,1591.3,1588298,6,0,0.0,0
Naja sumatrana,Pahang,2021,1591.3,1588298,6,0,0.0,0
Sus scrofa,Pahang,2021,1591.3,1588298,6,0,0.0,0
Varanus salvator,Pahang,2021,1591.3,1588298,6,0,0.0,0
Acridotheres tristis,Perak,2021,2496.0,986848,6,1,1.0,1
Corvus splendens,Perak,2021,2496.0,986848,6,0,0.0,0
Macaca fascicularis,Perak,2021,2496.0,986848,6,0,0.0,0
Malayopython reticulatus,Perak,2021,2496.0,986848,6,0,0.0,0
Naja sumatrana,Perak,2021,2496.0,986848,6,0,0.0,0
Sus scrofa,Perak,2021,2496.0,986848,6,0,0.0,0
Varanus salvator,Perak,2021,2496.0,986848,6,0,0.0,0
Acridotheres tristis,Pulau Pinang,2021,1740.4,5387,6,5,0.555556,1
Corvus splendens,Pulau Pinang,2021,1740.4,5387,6,4,0.444444,1
Macaca fascicularis,Pulau Pinang,2021,1740.4,5387,6,0,0.0,0
Malayopython reticulatus,Pulau Pinang,2021,1740.4,5387,6,0,0.0,0
Naja sumatrana,Pulau Pinang,2021,1740.4,5387,6,0,0.0,0
Sus scrofa,Pulau Pinang,2021,1740.4,5387,6,0,0.0,0
Varanus salvator,Pulau Pinang,2021,1740.4,5387,6,0,0.0,0
Acridotheres tristis,Sarawak,2021,2453.7,3964880,6,4,0.8,1
Corvus splendens,Sarawak,2021,2453.7,3964880,6,1,0.2,1
Macaca fascicularis,Sarawak,2021,2453.7,3964880,6,0,0.0,0
Malayopython reticulatus,Sarawak,2021,2453.7,3964880,6,0,0.0,0
Naja sumatrana,Sarawak,2021,2453.7,3964880,6,0,0.0,0
Sus scrofa,Sarawak,2021,2453.7,3964880,6,0,0.0,0
Varanus salvator,Sarawak,2021,2453.7,3964880,6,0,0.0,0
Acridotheres tristis,Selangor,2021,6994.4,250208,6,9,0.219512,1
Corvus splendens,Selangor,2021,6994.4,250208,6,32,0.780488,1
Macaca fascicularis,Selangor,2021,6994.4,250208,6,0,0.0,0
Malayopython reticulatus,Selangor,2021,6994.4,250208,6,0,0.0,0
Naja sumatrana,Selangor,2021,6994.4,250208,6,0,0.0,0
Sus scrofa,Selangor,2021,6994.4,250208,6,0,0.0,0
Varanus salvator,Selangor,2021,6994.4,250208,6,0,0.0,0
Acridotheres tristis,Johor,2021,4009.7,334502,7,6,0.428571,1
Corvus splendens,Johor,2021,4009.7,334502,7,8,0.571429,1
Macaca fascicularis,Johor,2021,4009.7,334502,7,0,0.0,0
Malayopython reticulatus,Johor,2021,4009.7,334502,7,0,0.0,0
Naja sumatrana,Johor,2021,4009.7,334502,7,0,0.0,0
Sus scrofa,Johor,2021,4009.7,334502,7,0,0.0,0
Varanus salvator,Johor,2021,4009.7,334502,7,0,0.0,0
Acridotheres tristis,Kedah,2021,2131.4,341976,7,1,0.333333,1
Corvus splendens,Kedah,2021,2131.4,341976,7,2,0.666667,1
Macaca fascicularis,Kedah,2021,2131.4,341976,7,0,0.0,0
Malayopython reticulatus,Kedah,2021,2131.4,341976,7,0,0.0,0
Naja sumatrana,Kedah,2021,2131.4,341976,7,0,0.0,0
Sus scrofa,Kedah,2021,2131.4,341976,7,0,0.0,0
Varanus salvator,Kedah,2021,2131.4,341976,7,0,0.0,0
Acridotheres tristis,Kuala Lumpur,2021,1982.1,85,7,3,0.230769,1
Corvus splendens,Kuala Lumpur,2021,1982.1,85,7,9,0.692308,1
Macaca fascicularis,Kuala Lumpur,2021,1982.1,85,7,1,0.076923,1
Malayopython reticulatus,Kuala Lumpur,2021,1982.1,85,7,0,0.0,0
Naja sumatrana,Kuala Lumpur,2021,1982.1,85,7,0,0.0,0
Sus scrofa,Kuala Lumpur,2021,1982.1,85,7,0,0.0,0
Varanus salvator,Kuala Lumpur,2021,1982.1,85,7,0,0.0,0
Acridotheres tristis,Negeri Sembilan,2021,1200.0,155143,7,83,0.568493,1
Corvus splendens,Negeri Sembilan,2021,1200.0,155143,7,62,0.424658,1
Macaca fascicularis,Negeri Sembilan,2021,1200.0,155143,7,1,0.006849,1
Malayopython reticulatus,Negeri Sembilan,2021,1200.0,155143,7,0,0.0,0
Naja sumatrana,Negeri Sembilan,2021,1200.0,155143,7,0,0.0,0
Sus scrofa,Negeri Sembilan,2021,1200.0,155143,7,0,0.0,0
Varanus salvator,Negeri Sembilan,2021,1200.0,155143,7,0,0.0,0
Acridotheres tristis,Pahang,2021,1591.3,1588298,7,1,1.0,1
Corvus splendens,Pahang,2021,1591.3,1588298,7,0,0.0,0
Macaca fascicularis,Pahang,2021,1591.3,1588298,7,0,0.0,0
Malayopython reticulatus,Pahang,2021,1591.3,1588298,7,0,0.0,0
Naja sumatrana,Pahang,2021,1591.3,1588298,7,0,0.0,0
Sus scrofa,Pahang,2021,1591.3,1588298,7,0,0.0,0
Varanus salvator,Pahang,2021,1591.3,1588298,7,0,0.0,0
Acridotheres tristis,Pulau Pinang,2021,1740.4,5387,7,10,0.384615,1
Corvus splendens,Pulau Pinang,2021,1740.4,5387,7,13,0.5,1
Macaca fascicularis,Pulau Pinang,2021,1740.4,5387,7,0,0.0,0
Malayopython reticulatus,Pulau Pinang,2021,1740.4,5387,7,0,0.0,0
Naja sumatrana,Pulau Pinang,2021,1740.4,5387,7,0,0.0,0
Sus scrofa,Pulau Pinang,2021,1740.4,5387,7,0,0.0,0
Varanus salvator,Pulau Pinang,2021,1740.4,5387,7,3,0.115385,1
Acridotheres tristis,Sabah,2021,3418.8,3574468,7,0,0.0,0
Corvus splendens,Sabah,2021,3418.8,3574468,7,1,1.0,1
Macaca fascicularis,Sabah,2021,3418.8,3574468,7,0,0.0,0
Malayopython reticulatus,Sabah,2021,3418.8,3574468,7,0,0.0,0
Naja sumatrana,Sabah,2021,3418.8,3574468,7,0,0.0,0
Sus scrofa,Sabah,2021,3418.8,3574468,7,0,0.0,0
Varanus salvator,Sabah,2021,3418.8,3574468,7,0,0.0,0
Acridotheres tristis,Sarawak,2021,2453.7,3964880,7,4,1.0,1
Corvus splendens,Sarawak,2021,2453.7,3964880,7,0,0.0,0
Macaca fascicularis,Sarawak,2021,2453.7,3964880,7,0,0.0,0
Malayopython reticulatus,Sarawak,2021,2453.7,3964880,7,0,0.0,0
Naja sumatrana,Sarawak,2021,2453.7,3964880,7,0,0.0,0
Sus scrofa,Sarawak,2021,2453.7,3964880,7,0,0.0,0
Varanus salvator,Sarawak,2021,2453.7,3964880,7,0,0.0,0
Acridotheres tristis,Selangor,2021,6994.4,250208,7,2,0.117647,1
Corvus splendens,Selangor,2021,6994.4,250208,7,15,0.882353,1
Macaca fascicularis,Selangor,2021,6994.4,250208,7,0,0.0,0
Malayopython reticulatus,Selangor,2021,6994.4,250208,7,0,0.0,0
Naja sumatrana,Selangor,2021,6994.4,250208,7,0,0.0,0
Sus scrofa,Selangor,2021,6994.4,250208,7,0,0.0,0
Varanus salvator,Selangor,2021,6994.4,250208,7,0,0.0,0
Acridotheres tristis,Johor,2021,4009.7,334502,8,6,0.428571,1
Corvus splendens,Johor,2021,4009.7,334502,8,8,0.571429,1
Macaca fascicularis,Johor,2021,4009.7,334502,8,0,0.0,0
Malayopython reticulatus,Johor,2021,4009.7,334502,8,0,0.0,0
Naja sumatrana,Johor,2021,4009.7,334502,8,0,0.0,0
Sus scrofa,Johor,2021,4009.7,334502,8,0,0.0,0
Varanus salvator,Johor,2021,4009.7,334502,8,0,0.0,0
Acridotheres tristis,Kedah,2021,2131.4,341976,8,2,1.0,1
Corvus splendens,Kedah,2021,2131.4,341976,8,0,0.0,0
Macaca fascicularis,Kedah,2021,2131.4,341976,8,0,0.0,0
Malayopython reticulatus,Kedah,2021,2131.4,341976,8,0,0.0,0
Naja sumatrana,Kedah,2021,2131.4,341976,8,0,0.0,0
Sus scrofa,Kedah,2021,2131.4,341976,8,0,0.0,0
Varanus salvator,Kedah,2021,2131.4,341976,8,0,0.0,0
Acridotheres tristis,Kelantan,2021,1792.5,629881,8,1,0.5,1
Corvus splendens,Kelantan,2021,1792.5,629881,8,1,0.5,1
Macaca fascicularis,Kelantan,2021,1792.5,629881,8,0,0.0,0
Malayopython reticulatus,Kelantan,2021,1792.5,629881,8,0,0.0,0
Naja sumatrana,Kelantan,2021,1792.5,629881,8,0,0.0,0
Sus scrofa,Kelantan,2021,1792.5,629881,8,0,0.0,0
Varanus salvator,Kelantan,2021,1792.5,629881,8,0,0.0,0
Acridotheres tristis,Kuala Lumpur,2021,1982.1,85,8,2,0.222222,1
Corvus splendens,Kuala Lumpur,2021,1982.1,85,8,6,0.666667,1
Macaca fascicularis,Kuala Lumpur,2021,1982.1,85,8,0,0.0,0
Malayopython reticulatus,Kuala Lumpur,2021,1982.1,85,8,0,0.0,0
Naja sumatrana,Kuala Lumpur,2021,1982.1,85,8,0,0.0,0
Sus scrofa,Kuala Lumpur,2021,1982.1,85,8,0,0.0,0
Varanus salvator,Kuala Lumpur,2021,1982.1,85,8,1,0.111111,1
Acridotheres tristis,Negeri Sembilan,2021,1200.0,155143,8,75,0.6,1
Corvus splendens,Negeri Sembilan,2021,1200.0,155143,8,46,0.368,1
Macaca fascicularis,Negeri Sembilan,2021,1200.0,155143,8,1,0.008,1
Malayopython reticulatus,Negeri Sembilan,2021,1200.0,155143,8,2,0.016,1
Naja sumatrana,Negeri Sembilan,2021,1200.0,155143,8,0,0.0,0
Sus scrofa,Negeri Sembilan,2021,1200.0,155143,8,0,0.0,0
Varanus salvator,Negeri Sembilan,2021,1200.0,155143,8,1,0.008,1
Acridotheres tristis,Pahang,2021,1591.3,1588298,8,2,0.666667,1
Corvus splendens,Pahang,2021,1591.3,1588298,8,0,0.0,0
Macaca fascicularis,Pahang,2021,1591.3,1588298,8,0,0.0,0
Malayopython reticulatus,Pahang,2021,1591.3,1588298,8,0,0.0,0
Naja sumatrana,Pahang,2021,1591.3,1588298,8,0,0.0,0
Sus scrofa,Pahang,2021,1591.3,1588298,8,1,0.333333,1
Varanus salvator,Pahang,2021,1591.3,1588298,8,0,0.0,0
Acridotheres tristis,Perak,2021,2496.0,986848,8,7,1.0,1
Corvus splendens,Perak,2021,2496.0,986848,8,0,0.0,0
Macaca fascicularis,Perak,2021,2496.0,986848,8,0,0.0,0
Malayopython reticulatus,Perak,2021,2496.0,986848,8,0,0.0,0
Naja sumatrana,Perak,2021,2496.0,986848,8,0,0.0,0
Sus scrofa,Perak,2021,2496.0,986848,8,0,0.0,0
Varanus salvator,Perak,2021,2496.0,986848,8,0,0.0,0
Acridotheres tristis,Pulau Pinang,2021,1740.4,5387,8,12,0.545455,1
Corvus splendens,Pulau Pinang,2021,1740.4,5387,8,6,0.272727,1
Macaca fascicularis,Pulau Pinang,2021,1740.4,5387,8,3,0.136364,1
Malayopython reticulatus,Pulau Pinang,2021,1740.4,5387,8,1,0.045455,1
Naja sumatrana,Pulau Pinang,2021,1740.4,5387,8,0,0.0,0
Sus scrofa,Pulau Pinang,2021,1740.4,5387,8,0,0.0,0
Varanus salvator,Pulau Pinang,2021,1740.4,5387,8,0,0.0,0
Acridotheres tristis,Sarawak,2021,2453.7,3964880,8,3,0.75,1
Corvus splendens,Sarawak,2021,2453.7,3964880,8,0,0.0,0
Macaca fascicularis,Sarawak,2021,2453.7,3964880,8,0,0.0,0
Malayopython reticulatus,Sarawak,2021,2453.7,3964880,8,0,0.0,0
Naja sumatrana,Sarawak,2021,2453.7,3964880,8,1,0.25,1
Sus scrofa,Sarawak,2021,2453.7,3964880,8,0,0.0,0
Varanus salvator,Sarawak,2021,2453.7,3964880,8,0,0.0,0
Acridotheres tristis,Selangor,2021,6994.4,250208,8,5,0.185185,1
Corvus splendens,Selangor,2021,6994.4,250208,8,20,0.740741,1
Macaca fascicularis,Selangor,2021,6994.4,250208,8,2,0.074074,1
Malayopython reticulatus,Selangor,2021,6994.4,250208,8,0,0.0,0
Naja sumatrana,Selangor,2021,6994.4,250208,8,0,0.0,0
Sus scrofa,Selangor,2021,6994.4,250208,8,0,0.0,0
Varanus salvator,Selangor,2021,6994.4,250208,8,0,0.0,0
Acridotheres tristis,Johor,2021,4009.7,334502,9,10,0.434783,1
Corvus splendens,Johor,2021,4009.7,334502,9,13,0.565217,1
Macaca fascicularis,Johor,2021,4009.7,334502,9,0,0.0,0
Malayopython reticulatus,Johor,2021,4009.7,334502,9,0,0.0,0
Naja sumatrana,Johor,2021,4009.7,334502,9,0,0.0,0
Sus scrofa,Johor,2021,4009.7,334502,9,0,0.0,0
Varanus salvator,Johor,2021,4009.7,334502,9,0,0.0,0
Acridotheres tristis,Kedah,2021,2131.4,341976,9,3,0.6,1
Corvus splendens,Kedah,2021,2131.4,341976,9,2,0.4,1
Macaca fascicularis,Kedah,2021,2131.4,341976,9,0,0.0,0
Malayopython reticulatus,Kedah,2021,2131.4,341976,9,0,0.0,0
Naja sumatrana,Kedah,2021,2131.4,341976,9,0,0.0,0
Sus scrofa,Kedah,2021,2131.4,341976,9,0,0.0,0
Varanus salvator,Kedah,2021,2131.4,341976,9,0,0.0,0
Acridotheres tristis,Kuala Lumpur,2021,1982.1,85,9,7,0.538462,1
Corvus splendens,Kuala Lumpur,2021,1982.1,85,9,6,0.461538,1
Macaca fascicularis,Kuala Lumpur,2021,1982.1,85,9,0,0.0,0
Malayopython reticulatus,Kuala Lumpur,2021,1982.1,85,9,0,0.0,0
Naja sumatrana,Kuala Lumpur,2021,1982.1,85,9,0,0.0,0
Sus scrofa,Kuala Lumpur,2021,1982.1,85,9,0,0.0,0
Varanus salvator,Kuala Lumpur,2021,1982.1,85,9,0,0.0,0
Acridotheres tristis,Negeri Sembilan,2021,1200.0,155143,9,71,0.550388,1
Corvus splendens,Negeri Sembilan,2021,1200.0,155143,9,57,0.44186,1
Macaca fascicularis,Negeri Sembilan,2021,1200.0,155143,9,0,0.0,0
Malayopython reticulatus,Negeri Sembilan,2021,1200.0,155143,9,0,0.0,0
Naja sumatrana,Negeri Sembilan,2021,1200.0,155143,9,0,0.0,0
Sus scrofa,Negeri Sembilan,2021,1200.0,155143,9,0,0.0,0
Varanus salvator,Negeri Sembilan,2021,1200.0,155143,9,1,0.007752,1
Acridotheres tristis,Pahang,2021,1591.3,1588298,9,2,0.666667,1
Corvus splendens,Pahang,2021,1591.3,1588298,9,1,0.333333,1
Macaca fascicularis,Pahang,2021,1591.3,1588298,9,0,0.0,0
Malayopython reticulatus,Pahang,2021,1591.3,1588298,9,0,0.0,0
Naja sumatrana,Pahang,2021,1591.3,1588298,9,0,0.0,0
Sus scrofa,Pahang,2021,1591.3,1588298,9,0,0.0,0
Varanus salvator,Pahang,2021,1591.3,1588298,9,0,0.0,0
Acridotheres tristis,Perak,2021,2496.0,986848,9,8,1.0,1
Corvus splendens,Perak,2021,2496.0,986848,9,0,0.0,0
Macaca fascicularis,Perak,2021,2496.0,986848,9,0,0.0,0
Malayopython reticulatus,Perak,2021,2496.0,986848,9,0,0.0,0
Naja sumatrana,Perak,2021,2496.0,986848,9,0,0.0,0
Sus scrofa,Perak,2021,2496.0,986848,9,0,0.0,0
Varanus salvator,Perak,2021,2496.0,986848,9,0,0.0,0
Acridotheres tristis,Perlis,2021,284.9,10629,9,1,1.0,1
Corvus splendens,Perlis,2021,284.9,10629,9,0,0.0,0
Macaca fascicularis,Perlis,2021,284.9,10629,9,0,0.0,0
Malayopython reticulatus,Perlis,2021,284.9,10629,9,0,0.0,0
Naja sumatrana,Perlis,2021,284.9,10629,9,0,0.0,0
Sus scrofa,Perlis,2021,284.9,10629,9,0,0.0,0
Varanus salvator,Perlis,2021,284.9,10629,9,0,0.0,0
Acridotheres tristis,Pulau Pinang,2021,1740.4,5387,9,30,0.47619,1
Corvus splendens,Pulau Pinang,2021,1740.4,5387,9,30,0.47619,1
Macaca fascicularis,Pulau Pinang,2021,1740.4,5387,9,0,0.0,0
Malayopython reticulatus,Pulau Pinang,2021,1740.4,5387,9,0,0.0,0
Naja sumatrana,Pulau Pinang,2021,1740.4,5387,9,1,0.015873,1
Sus scrofa,Pulau Pinang,2021,1740.4,5387,9,0,0.0,0
Varanus salvator,Pulau Pinang,2021,1740.4,5387,9,2,0.031746,1
Acridotheres tristis,Putrajaya,2021,109.2,0,9,0,0.0,0
Corvus splendens,Putrajaya,2021,109.2,0,9,4,1.0,1
Macaca fascicularis,Putrajaya,2021,109.2,0,9,0,0.0,0
Malayopython reticulatus,Putrajaya,2021,109.2,0,9,0,0.0,0
Naja sumatrana,Putrajaya,2021,109.2,0,9,0,0.0,0
Sus scrofa,Putrajaya,2021,109.2,0,9,0,0.0,0
Varanus salvator,Putrajaya,2021,109.2,0,9,0,0.0,0
Acridotheres tristis,Sarawak,2021,2453.7,3964880,9,14,1.0,1
Corvus splendens,Sarawak,2021,2453.7,3964880,9,0,0.0,0
Macaca fascicularis,Sarawak,2021,2453.7,3964880,9,0,0.0,0
Malayopython reticulatus,Sarawak,2021,2453.7,3964880,9,0,0.0,0
Naja sumatrana,Sarawak,2021,2453.7,3964880,9,0,0.0,0
Sus scrofa,Sarawak,2021,2453.7,3964880,9,0,0.0,0
Varanus salvator,Sarawak,2021,2453.7,3964880,9,0,0.0,0
Acridotheres tristis,Selangor,2021,6994.4,250208,9,12,0.292683,1
Corvus splendens,Selangor,2021,6994.4,250208,9,27,0.658537,1
Macaca fascicularis,Selangor,2021,6994.4,250208,9,1,0.02439,1
Malayopython reticulatus,Selangor,2021,6994.4,250208,9,0,0.0,0
Naja sumatrana,Selangor,2021,6994.4,250208,9,0,0.0,0
Sus scrofa,Selangor,2021,6994.4,250208,9,0,0.0,0
Varanus salvator,Selangor,2021,6994.4,250208,9,1,0.02439,1
Acridotheres tristis,Johor,2021,4009.7,334502,10,16,0.4,1
Corvus splendens,Johor,2021,4009.7,334502,10,23,0.575,1
Macaca fascicularis,Johor,2021,4009.7,334502,10,0,0.0,0
Malayopython reticulatus,Johor,2021,4009.7,334502,10,0,0.0,0
Naja sumatrana,Johor,2021,4009.7,334502,10,0,0.0,0
Sus scrofa,Johor,2021,4009.7,334502,10,0,0.0,0
Varanus salvator,Johor,2021,4009.7,334502,10,1,0.025,1
Acridotheres tristis,Kedah,2021,2131.4,341976,10,15,0.652174,1
Corvus splendens,Kedah,2021,2131.4,341976,10,6,0.26087,1
Macaca fascicularis,Kedah,2021,2131.4,341976,10,0,0.0,0
Malayopython reticulatus,Kedah,2021,2131.4,341976,10,2,0.086957,1
Naja sumatrana,Kedah,2021,2131.4,341976,10,0,0.0,0
Sus scrofa,Kedah,2021,2131.4,341976,10,0,0.0,0
Varanus salvator,Kedah,2021,2131.4,341976,10,0,0.0,0
Acridotheres tristis,Kuala Lumpur,2021,1982.1,85,10,3,0.428571,1
Corvus splendens,Kuala Lumpur,2021,1982.1,85,10,3,0.428571,1
Macaca fascicularis,Kuala Lumpur,2021,1982.1,85,10,1,0.142857,1
Malayopython reticulatus,Kuala Lumpur,2021,1982.1,85,10,0,0.0,0
Naja sumatrana,Kuala Lumpur,2021,1982.1,85,10,0,0.0,0
Sus scrofa,Kuala Lumpur,2021,1982.1,85,10,0,0.0,0
Varanus salvator,Kuala Lumpur,2021,1982.1,85,10,0,0.0,0
Acridotheres tristis,Melaka,2021,998.4,5199,10,1,0.5,1
Corvus splendens,Melaka,2021,998.4,5199,10,1,0.5,1
Macaca fascicularis,Melaka,2021,998.4,5199,10,0,0.0,0
Malayopython reticulatus,Melaka,2021,998.4,5199,10,0,0.0,0
Naja sumatrana,Melaka,2021,998.4,5199,10,0,0.0,0
Sus scrofa,Melaka,2021,998.4,5199,10,0,0.0,0
Varanus salvator,Melaka,2021,998.4,5199,10,0,0.0,0
Acridotheres tristis,Negeri Sembilan,2021,1200.0,155143,10,64,0.603774,1
Corvus splendens,Negeri Sembilan,2021,1200.0,155143,10,39,0.367925,1
Macaca fascicularis,Negeri Sembilan,2021,1200.0,155143,10,2,0.018868,1
Malayopython reticulatus,Negeri Sembilan,2021,1200.0,155143,10,1,0.009434,1
Naja sumatrana,Negeri Sembilan,2021,1200.0,155143,10,0,0.0,0
Sus scrofa,Negeri Sembilan,2021,1200.0,155143,10,0,0.0,0
Varanus salvator,Negeri Sembilan,2021,1200.0,155143,10,0,0.0,0
Acridotheres tristis,Pahang,2021,1591.3,1588298,10,14,0.933333,1
Corvus splendens,Pahang,2021,1591.3,1588298,10,1,0.066667,1
Macaca fascicularis,Pahang,2021,1591.3,1588298,10,0,0.0,0
Malayopython reticulatus,Pahang,2021,1591.3,1588298,10,0,0.0,0
Naja sumatrana,Pahang,2021,1591.3,1588298,10,0,0.0,0
Sus scrofa,Pahang,2021,1591.3,1588298,10,0,0.0,0
Varanus salvator,Pahang,2021,1591.3,1588298,10,0,0.0,0
Acridotheres tristis,Perak,2021,2496.0,986848,10,19,0.791667,1
Corvus splendens,Perak,2021,2496.0,986848,10,5,0.208333,1
Macaca fascicularis,Perak,2021,2496.0,986848,10,0,0.0,0
Malayopython reticulatus,Perak,2021,2496.0,986848,10,0,0.0,0
Naja sumatrana,Perak,2021,2496.0,986848,10,0,0.0,0
Sus scrofa,Perak,2021,2496.0,986848,10,0,0.0,0
Varanus salvator,Perak,2021,2496.0,986848,10,0,0.0,0
Acridotheres tristis,Perlis,2021,284.9,10629,10,1,1.0,1
Corvus splendens,Perlis,2021,284.9,10629,10,0,0.0,0
Macaca fascicularis,Perlis,2021,284.9,10629,10,0,0.0,0
Malayopython reticulatus,Perlis,2021,284.9,10629,10,0,0.0,0
Naja sumatrana,Perlis,2021,284.9,10629,10,0,0.0,0
Sus scrofa,Perlis,2021,284.9,10629,10,0,0.0,0
Varanus salvator,Perlis,2021,284.9,10629,10,0,0.0,0
Acridotheres tristis,Pulau Pinang,2021,1740.4,5387,10,36,0.455696,1
Corvus splendens,Pulau Pinang,2021,1740.4,5387,10,41,0.518987,1
Macaca fascicularis,Pulau Pinang,2021,1740.4,5387,10,1,0.012658,1
Malayopython reticulatus,Pulau Pinang,2021,1740.4,5387,10,0,0.0,0
Naja sumatrana,Pulau Pinang,2021,1740.4,5387,10,1,0.012658,1
Sus scrofa,Pulau Pinang,2021,1740.4,5387,10,0,0.0,0
Varanus salvator,Pulau Pinang,2021,1740.4,5387,10,0,0.0,0
Acridotheres tristis,Putrajaya,2021,109.2,0,10,0,0.0,0
Corvus splendens,Putrajaya,2021,109.2,0,10,1,1.0,1
Macaca fascicularis,Putrajaya,2021,109.2,0,10,0,0.0,0
Malayopython reticulatus,Putrajaya,2021,109.2,0,10,0,0.0,0
Naja sumatrana,Putrajaya,2021,109.2,0,10,0,0.0,0
Sus scrofa,Putrajaya,2021,109.2,0,10,0,0.0,0
Varanus salvator,Putrajaya,2021,109.2,0,10,0,0.0,0
Acridotheres tristis,Sabah,2021,3418.8,3574468,10,2,0.666667,1
Corvus splendens,Sabah,2021,3418.8,3574468,10,1,0.333333,1
Macaca fascicularis,Sabah,2021,3418.8,3574468,10,0,0.0,0
Malayopython reticulatus,Sabah,2021,3418.8,3574468,10,0,0.0,0
Naja sumatrana,Sabah,2021,3418.8,3574468,10,0,0.0,0
Sus scrofa,Sabah,2021,3418.8,3574468,10,0,0.0,0
Varanus salvator,Sabah,2021,3418.8,3574468,10,0,0.0,0
Acridotheres tristis,Sarawak,2021,2453.7,3964880,10,7,0.7,1
Corvus splendens,Sarawak,2021,2453.7,3964880,10,0,0.0,0
Macaca fascicularis,Sarawak,2021,2453.7,3964880,10,2,0.2,1
Malayopython reticulatus,Sarawak,2021,2453.7,3964880,10,0,0.0,0
Naja sumatrana,Sarawak,2021,2453.7,3964880,10,0,0.0,0
Sus scrofa,Sarawak,2021,2453.7,3964880,10,0,0.0,0
Varanus salvator,Sarawak,2021,2453.7,3964880,10,1,0.1,1
Acridotheres tristis,Selangor,2021,6994.4,250208,10,30,0.379747,1
Corvus splendens,Selangor,2021,6994.4,250208,10,42,0.531646,1
Macaca fascicularis,Selangor,2021,6994.4,250208,10,4,0.050633,1
Malayopython reticulatus,Selangor,2021,6994.4,250208,10,1,0.012658,1
Naja sumatrana,Selangor,2021,6994.4,250208,10,0,0.0,0
Sus scrofa,Selangor,2021,6994.4,250208,10,1,0.012658,1
Varanus salvator,Selangor,2021,6994.4,250208,10,1,0.012658,1
Acridotheres tristis,Terengganu,2021,1149.4,540309,10,1,1.0,1
Corvus splendens,Terengganu,2021,1149.4,540309,10,0,0.0,0
Macaca fascicularis,Terengganu,2021,1149.4,540309,10,0,0.0,0
Malayopython reticulatus,Terengganu,2021,1149.4,540309,10,0,0.0,0
Naja sumatrana,Terengganu,2021,1149.4,540309,10,0,0.0,0
Sus scrofa,Terengganu,2021,1149.4,540309,10,0,0.0,0
Varanus salvator,Terengganu,2021,1149.4,540309,10,0,0.0,0
Acridotheres tristis,Johor,2021,4009.7,334502,11,2,0.133333,1
Corvus splendens,Johor,2021,4009.7,334502,11,6,0.4,1
Macaca fascicularis,Johor,2021,4009.7,334502,11,5,0.333333,1
Malayopython reticulatus,Johor,2021,4009.7,334502,11,1,0.066667,1
Naja sumatrana,Johor,2021,4009.7,334502,11,0,0.0,0
Sus scrofa,Johor,2021,4009.7,334502,11,0,0.0,0
Varanus salvator,Johor,2021,4009.7,334502,11,1,0.066667,1
Acridotheres tristis,Kedah,2021,2131.4,341976,11,16,0.615385,1
Corvus splendens,Kedah,2021,2131.4,341976,11,9,0.346154,1
Macaca fascicularis,Kedah,2021,2131.4,341976,11,1,0.038462,1
Malayopython reticulatus,Kedah,2021,2131.4,341976,11,0,0.0,0
Naja sumatrana,Kedah,2021,2131.4,341976,11,0,0.0,0
Sus scrofa,Kedah,2021,2131.4,341976,11,0,0.0,0
Varanus salvator,Kedah,2021,2131.4,341976,11,0,0.0,0
Acridotheres tristis,Kelantan,2021,1792.5,629881,11,3,1.0,1
Corvus splendens,Kelantan,2021,1792.5,629881,11,0,0.0,0
Macaca fascicularis,Kelantan,2021,1792.5,629881,11,0,0.0,0
Malayopython reticulatus,Kelantan,2021,1792.5,629881,11,0,0.0,0
Naja sumatrana,Kelantan,2021,1792.5,629881,11,0,0.0,0
Sus scrofa,Kelantan,2021,1792.5,629881,11,0,0.0,0
Varanus salvator,Kelantan,2021,1792.5,629881,11,0,0.0,0
Acridotheres tristis,Kuala Lumpur,2021,1982.1,85,11,7,0.388889,1
Corvus splendens,Kuala Lumpur,2021,1982.1,85,11,9,0.5,1
Macaca fascicularis,Kuala Lumpur,2021,1982.1,85,11,1,0.055556,1
Malayopython reticulatus,Kuala Lumpur,2021,1982.1,85,11,1,0.055556,1
Naja sumatrana,Kuala Lumpur,2021,1982.1,85,11,0,0.0,0
Sus scrofa,Kuala Lumpur,2021,1982.1,85,11,0,0.0,0
Varanus salvator,Kuala Lumpur,2021,1982.1,85,11,0,0.0,0
Acridotheres tristis,Melaka,2021,998.4,5199,11,5,0.3125,1
Corvus splendens,Melaka,2021,998.4,5199,11,6,0.375,1
Macaca fascicularis,Melaka,2021,998.4,5199,11,4,0.25,1
Malayopython reticulatus,Melaka,2021,998.4,5199,11,0,0.0,0
Naja sumatrana,Melaka,2021,998.4,5199,11,0,0.0,0
Sus scrofa,Melaka,2021,998.4,5199,11,0,0.0,0
Varanus salvator,Melaka,2021,998.4,5199,11,1,0.0625,1
Acridotheres tristis,Negeri Sembilan,2021,1200.0,155143,11,66,0.568966,1
Corvus splendens,Negeri Sembilan,2021,1200.0,155143,11,46,0.396552,1
Macaca fascicularis,Negeri Sembilan,2021,1200.0,155143,11,2,0.017241,1
Malayopython reticulatus,Negeri Sembilan,2021,1200.0,155143,11,0,0.0,0
Naja sumatrana,Negeri Sembilan,2021,1200.0,155143,11,1,0.008621,1
Sus scrofa,Negeri Sembilan,2021,1200.0,155143,11,0,0.0,0
Varanus salvator,Negeri Sembilan,2021,1200.0,155143,11,1,0.008621,1
Acridotheres tristis,Pahang,2021,1591.3,1588298,11,0,0.0,0
Corvus splendens,Pahang,2021,1591.3,1588298,11,0,0.0,0
Macaca fascicularis,Pahang,2021,1591.3,1588298,11,1,0.25,1
Malayopython reticulatus,Pahang,2021,1591.3,1588298,11,0,0.0,0
Naja sumatrana,Pahang,2021,1591.3,1588298,11,0,0.0,0
Sus scrofa,Pahang,2021,1591.3,1588298,11,0,0.0,0
Varanus salvator,Pahang,2021,1591.3,1588298,11,3,0.75,1
Acridotheres tristis,Perak,2021,2496.0,986848,11,7,0.636364,1
Corvus splendens,Perak,2021,2496.0,986848,11,1,0.090909,1
Macaca fascicularis,Perak,2021,2496.0,986848,11,1,0.090909,1
Malayopython reticulatus,Perak,2021,2496.0,986848,11,0,0.0,0
Naja sumatrana,Perak,2021,2496.0,986848,11,0,0.0,0
Sus scrofa,Perak,2021,2496.0,986848,11,0,0.0,0
Varanus salvator,Perak,2021,2496.0,986848,11,2,0.181818,1
Acridotheres tristis,Perlis,2021,284.9,10629,11,6,0.75,1
Corvus splendens,Perlis,2021,284.9,10629,11,2,0.25,1
Macaca fascicularis,Perlis,2021,284.9,10629,11,0,0.0,0
Malayopython reticulatus,Perlis,2021,284.9,10629,11,0,0.0,0
Naja sumatrana,Perlis,2021,284.9,10629,11,0,0.0,0
Sus scrofa,Perlis,2021,284.9,10629,11,0,0.0,0
Varanus salvator,Perlis,2021,284.9,10629,11,0,0.0,0
Acridotheres tristis,Pulau Pinang,2021,1740.4,5387,11,5,0.25,1
Corvus splendens,Pulau Pinang,2021,1740.4,5387,11,11,0.55,1
Macaca fascicularis,Pulau Pinang,2021,1740.4,5387,11,2,0.1,1
Malayopython reticulatus,Pulau Pinang,2021,1740.4,5387,11,2,0.1,1
Naja sumatrana,Pulau Pinang,2021,1740.4,5387,11,0,0.0,0
Sus scrofa,Pulau Pinang,2021,1740.4,5387,11,0,0.0,0
Varanus salvator,Pulau Pinang,2021,1740.4,5387,11,0,0.0,0
Acridotheres tristis,Sarawak,2021,2453.7,3964880,11,2,0.285714,1
Corvus splendens,Sarawak,2021,2453.7,3964880,11,3,0.428571,1
Macaca fascicularis,Sarawak,2021,2453.7,3964880,11,1,0.142857,1
Malayopython reticulatus,Sarawak,2021,2453.7,3964880,11,1,0.142857,1
Naja sumatrana,Sarawak,2021,2453.7,3964880,11,0,0.0,0
Sus scrofa,Sarawak,2021,2453.7,3964880,11,0,0.0,0
Varanus salvator,Sarawak,2021,2453.7,3964880,11,0,0.0,0
Acridotheres tristis,Selangor,2021,6994.4,250208,11,5,0.125,1
Corvus splendens,Selangor,2021,6994.4,250208,11,23,0.575,1
Macaca fascicularis,Selangor,2021,6994.4,250208,11,9,0.225,1
Malayopython reticulatus,Selangor,2021,6994.4,250208,11,0,0.0,0
Naja sumatrana,Selangor,2021,6994.4,250208,11,0,0.0,0
Sus scrofa,Selangor,2021,6994.4,250208,11,2,0.05,1
Varanus salvator,Selangor,2021,6994.4,250208,11,1,0.025,1
Acridotheres tristis,Johor,2021,4009.7,334502,12,7,0.4375,1
Corvus splendens,Johor,2021,4009.7,334502,12,7,0.4375,1
Macaca fascicularis,Johor,2021,4009.7,334502,12,1,0.0625,1
Malayopython reticulatus,Johor,2021,4009.7,334502,12,0,0.0,0
Naja sumatrana,Johor,2021,4009.7,334502,12,0,0.0,0
Sus scrofa,Johor,2021,4009.7,334502,12,1,0.0625,1
Varanus salvator,Johor,2021,4009.7,334502,12,0,0.0,0
Acridotheres tristis,Kedah,2021,2131.4,341976,12,14,0.777778,1
Corvus splendens,Kedah,2021,2131.4,341976,12,4,0.222222,1
Macaca fascicularis,Kedah,2021,2131.4,341976,12,0,0.0,0
Malayopython reticulatus,Kedah,2021,2131.4,341976,12,0,0.0,0
Naja sumatrana,Kedah,2021,2131.4,341976,12,0,0.0,0
Sus scrofa,Kedah,2021,2131.4,341976,12,0,0.0,0
Varanus salvator,Kedah,2021,2131.4,341976,12,0,0.0,0
Acridotheres tristis,Kelantan,2021,1792.5,629881,12,9,1.0,1
Corvus splendens,Kelantan,2021,1792.5,629881,12,0,0.0,0
Macaca fascicularis,Kelantan,2021,1792.5,629881,12,0,0.0,0
Malayopython reticulatus,Kelantan,2021,1792.5,629881,12,0,0.0,0
Naja sumatrana,Kelantan,2021,1792.5,629881,12,0,0.0,0
Sus scrofa,Kelantan,2021,1792.5,629881,12,0,0.0,0
Varanus salvator,Kelantan,2021,1792.5,629881,12,0,0.0,0
Acridotheres tristis,Kuala Lumpur,2021,1982.1,85,12,3,0.375,1
Corvus splendens,Kuala Lumpur,2021,1982.1,85,12,3,0.375,1
Macaca fascicularis,Kuala Lumpur,2021,1982.1,85,12,1,0.125,1
Malayopython reticulatus,Kuala Lumpur,2021,1982.1,85,12,0,0.0,0
Naja sumatrana,Kuala Lumpur,2021,1982.1,85,12,0,0.0,0
Sus scrofa,Kuala Lumpur,2021,1982.1,85,12,0,0.0,0
Varanus salvator,Kuala Lumpur,2021,1982.1,85,12,1,0.125,1
Acridotheres tristis,Melaka,2021,998.4,5199,12,3,0.214286,1
Corvus splendens,Melaka,2021,998.4,5199,12,10,0.714286,1
Macaca fascicularis,Melaka,2021,998.4,5199,12,0,0.0,0
Malayopython reticulatus,Melaka,2021,998.4,5199,12,0,0.0,0
Naja sumatrana,Melaka,2021,998.4,5199,12,0,0.0,0
Sus scrofa,Melaka,2021,998.4,5199,12,0,0.0,0
Varanus salvator,Melaka,2021,998.4,5199,12,1,0.071429,1
Acridotheres tristis,Negeri Sembilan,2021,1200.0,155143,12,51,0.621951,1
Corvus splendens,Negeri Sembilan,2021,1200.0,155143,12,31,0.378049,1
Macaca fascicularis,Negeri Sembilan,2021,1200.0,155143,12,0,0.0,0
Malayopython reticulatus,Negeri Sembilan,2021,1200.0,155143,12,0,0.0,0
Naja sumatrana,Negeri Sembilan,2021,1200.0,155143,12,0,0.0,0
Sus scrofa,Negeri Sembilan,2021,1200.0,155143,12,0,0.0,0
Varanus salvator,Negeri Sembilan,2021,1200.0,155143,12,0,0.0,0
Acridotheres tristis,Pahang,2021,1591.3,1588298,12,2,0.4,1
Corvus splendens,Pahang,2021,1591.3,1588298,12,0,0.0,0
Macaca fascicularis,Pahang,2021,1591.3,1588298,12,2,0.4,1
Malayopython reticulatus,Pahang,2021,1591.3,1588298,12,0,0.0,0
Naja sumatrana,Pahang,2021,1591.3,1588298,12,0,0.0,0
Sus scrofa,Pahang,2021,1591.3,1588298,12,1,0.2,1
Varanus salvator,Pahang,2021,1591.3,1588298,12,0,0.0,0
Acridotheres tristis,Perak,2021,2496.0,986848,12,14,0.736842,1
Corvus splendens,Perak,2021,2496.0,986848,12,0,0.0,0
Macaca fascicularis,Perak,2021,2496.0,986848,12,2,0.105263,1
Malayopython reticulatus,Perak,2021,2496.0,986848,12,0,0.0,0
Naja sumatrana,Perak,2021,2496.0,986848,12,0,0.0,0
Sus scrofa,Perak,2021,2496.0,986848,12,0,0.0,0
Varanus salvator,Perak,2021,2496.0,986848,12,3,0.157895,1
Acridotheres tristis,Perlis,2021,284.9,10629,12,9,0.9,1
Corvus splendens,Perlis,2021,284.9,10629,12,1,0.1,1
Macaca fascicularis,Perlis,2021,284.9,10629,12,0,0.0,0
Malayopython reticulatus,Perlis,2021,284.9,10629,12,0,0.0,0
Naja sumatrana,Perlis,2021,284.9,10629,12,0,0.0,0
Sus scrofa,Perlis,2021,284.9,10629,12,0,0.0,0
Varanus salvator,Perlis,2021,284.9,10629,12,0,0.0,0
Acridotheres tristis,Pulau Pinang,2021,1740.4,5387,12,25,0.260417,1
Corvus splendens,Pulau Pinang,2021,1740.4,5387,12,65,0.677083,1
Macaca fascicularis,Pulau Pinang,2021,1740.4,5387,12,2,0.020833,1
Malayopython reticulatus,Pulau Pinang,2021,1740.4,5387,12,0,0.0,0
Naja sumatrana,Pulau Pinang,2021,1740.4,5387,12,0,0.0,0
Sus scrofa,Pulau Pinang,2021,1740.4,5387,12,0,0.0,0
Varanus salvator,Pulau Pinang,2021,1740.4,5387,12,4,0.041667,1
Acridotheres tristis,Sabah,2021,3418.8,3574468,12,0,0.0,0
Corvus splendens,Sabah,2021,3418.8,3574468,12,1,1.0,1
Macaca fascicularis,Sabah,2021,3418.8,3574468,12,0,0.0,0
Malayopython reticulatus,Sabah,2021,3418.8,3574468,12,0,0.0,0
Naja sumatrana,Sabah,2021,3418.8,3574468,12,0,0.0,0
Sus scrofa,Sabah,2021,3418.8,3574468,12,0,0.0,0
Varanus salvator,Sabah,2021,3418.8,3574468,12,0,0.0,0
Acridotheres tristis,Sarawak,2021,2453.7,3964880,12,1,0.5,1
Corvus splendens,Sarawak,2021,2453.7,3964880,12,0,0.0,0
Macaca fascicularis,Sarawak,2021,2453.7,3964880,12,0,0.0,0
Malayopython reticulatus,Sarawak,2021,2453.7,3964880,12,0,0.0,0
Naja sumatrana,Sarawak,2021,2453.7,3964880,12,0,0.0,0
Sus scrofa,Sarawak,2021,2453.7,3964880,12,0,0.0,0
Varanus salvator,Sarawak,2021,2453.7,3964880,12,1,0.5,1
Acridotheres tristis,Selangor,2021,6994.4,250208,12,17,0.346939,1
Corvus splendens,Selangor,2021,6994.4,250208,12,29,0.591837,1
Macaca fascicularis,Selangor,2021,6994.4,250208,12,0,0.0,0
Malayopython reticulatus,Selangor,2021,6994.4,250208,12,0,0.0,0
Naja sumatrana,Selangor,2021,6994.4,250208,12,0,0.0,0
Sus scrofa,Selangor,2021,6994.4,250208,12,0,0.0,0
Varanus salvator,Selangor,2021,6994.4,250208,12,3,0.061224,1
Acridotheres tristis,Terengganu,2021,1149.4,540309,12,0,0.0,0
Corvus splendens,Terengganu,2021,1149.4,540309,12,0,0.0,0
Macaca fascicularis,Terengganu,2021,1149.4,540309,12,1,0.5,1
Malayopython reticulatus,Terengganu,2021,1149.4,540309,12,0,0.0,0
Naja sumatrana,Terengganu,2021,1149.4,540309,12,0,0.0,0
Sus scrofa,Terengganu,2021,1149.4,540309,12,0,0.0,0
Varanus salvator,Terengganu,2021,1149.4,540309,12,1,0.5,1
Acridotheres tristis,Johor,2022,4009.7,335003,1,10,0.454545,1
Corvus splendens,Johor,2022,4009.7,335003,1,8,0.363636,1
Macaca fascicularis,Johor,2022,4009.7,335003,1,3,0.136364,1
Malayopython reticulatus,Johor,2022,4009.7,335003,1,0,0.0,0
Naja sumatrana,Johor,2022,4009.7,335003,1,0,0.0,0
Sus scrofa,Johor,2022,4009.7,335003,1,0,0.0,0
Varanus salvator,Johor,2022,4009.7,335003,1,1,0.045455,1
Acridotheres tristis,Kedah,2022,2131.4,344175,1,9,0.473684,1
Corvus splendens,Kedah,2022,2131.4,344175,1,6,0.315789,1
Macaca fascicularis,Kedah,2022,2131.4,344175,1,3,0.157895,1
Malayopython reticulatus,Kedah,2022,2131.4,344175,1,0,0.0,0
Naja sumatrana,Kedah,2022,2131.4,344175,1,0,0.0,0
Sus scrofa,Kedah,2022,2131.4,344175,1,1,0.052632,1
Varanus salvator,Kedah,2022,2131.4,344175,1,0,0.0,0
Acridotheres tristis,Kuala Lumpur,2022,1982.1,85,1,2,0.2,1
Corvus splendens,Kuala Lumpur,2022,1982.1,85,1,6,0.6,1
Macaca fascicularis,Kuala Lumpur,2022,1982.1,85,1,1,0.1,1
Malayopython reticulatus,Kuala Lumpur,2022,1982.1,85,1,0,0.0,0
Naja sumatrana,Kuala Lumpur,2022,1982.1,85,1,0,0.0,0
Sus scrofa,Kuala Lumpur,2022,1982.1,85,1,0,0.0,0
Varanus salvator,Kuala Lumpur,2022,1982.1,85,1,1,0.1,1
Acridotheres tristis,Labuan,2022,95.1,0,1,0,0.0,0
Corvus splendens,Labuan,2022,95.1,0,1,0,0.0,0
Macaca fascicularis,Labuan,2022,95.1,0,1,0,0.0,0
Malayopython reticulatus,Labuan,2022,95.1,0,1,0,0.0,0
Naja sumatrana,Labuan,2022,95.1,0,1,0,0.0,0
Sus scrofa,Labuan,2022,95.1,0,1,0,0.0,0
Varanus salvator,Labuan,2022,95.1,0,1,1,1.0,1
Acridotheres tristis,Melaka,2022,998.4,5199,1,0,0.0,0
Corvus splendens,Melaka,2022,998.4,5199,1,4,1.0,1
Macaca fascicularis,Melaka,2022,998.4,5199,1,0,0.0,0
Malayopython reticulatus,Melaka,2022,998.4,5199,1,0,0.0,0
Naja sumatrana,Melaka,2022,998.4,5199,1,0,0.0,0
Sus scrofa,Melaka,2022,998.4,5199,1,0,0.0,0
Varanus salvator,Melaka,2022,998.4,5199,1,0,0.0,0
Acridotheres tristis,Negeri Sembilan,2022,1200.0,155087,1,60,0.594059,1
Corvus splendens,Negeri Sembilan,2022,1200.0,155087,1,39,0.386139,1
Macaca fascicularis,Negeri Sembilan,2022,1200.0,155087,1,1,0.009901,1
Malayopython reticulatus,Negeri Sembilan,2022,1200.0,155087,1,0,0.0,0
Naja sumatrana,Negeri Sembilan,2022,1200.0,155087,1,0,0.0,0
Sus scrofa,Negeri Sembilan,2022,1200.0,155087,1,0,0.0,0
Varanus salvator,Negeri Sembilan,2022,1200.0,155087,1,1,0.009901,1
Acridotheres tristis,Pahang,2022,1591.3,1589092,1,9,0.692308,1
Corvus splendens,Pahang,2022,1591.3,1589092,1,3,0.230769,1
Macaca fascicularis,Pahang,2022,1591.3,1589092,1,1,0.076923,1
Malayopython reticulatus,Pahang,2022,1591.3,1589092,1,0,0.0,0
Naja sumatrana,Pahang,2022,1591.3,1589092,1,0,0.0,0
Sus scrofa,Pahang,2022,1591.3,1589092,1,0,0.0,0
Varanus salvator,Pahang,2022,1591.3,1589092,1,0,0.0,0
Acridotheres tristis,Perak,2022,2496.0,986021,1,30,0.652174,1
Corvus splendens,Perak,2022,2496.0,986021,1,15,0.326087,1
Macaca fascicularis,Perak,2022,2496.0,986021,1,0,0.0,0
Malayopython reticulatus,Perak,2022,2496.0,986021,1,0,0.0,0
Naja sumatrana,Perak,2022,2496.0,986021,1,0,0.0,0
Sus scrofa,Perak,2022,2496.0,986021,1,1,0.021739,1
Varanus salvator,Perak,2022,2496.0,986021,1,0,0.0,0
Acridotheres tristis,Perlis,2022,284.9,10854,1,0,0.0,0
Corvus splendens,Perlis,2022,284.9,10854,1,0,0.0,0
Macaca fascicularis,Perlis,2022,284.9,10854,1,0,0.0,0
Malayopython reticulatus,Perlis,2022,284.9,10854,1,0,0.0,0
Naja sumatrana,Perlis,2022,284.9,10854,1,0,0.0,0
Sus scrofa,Perlis,2022,284.9,10854,1,1,0.333333,1
Varanus salvator,Perlis,2022,284.9,10854,1,2,0.666667,1
Acridotheres tristis,Pulau Pinang,2022,1740.4,6063,1,28,0.4,1
Corvus splendens,Pulau Pinang,2022,1740.4,6063,1,35,0.5,1
Macaca fascicularis,Pulau Pinang,2022,1740.4,6063,1,5,0.071429,1
Malayopython reticulatus,Pulau Pinang,2022,1740.4,6063,1,0,0.0,0
Naja sumatrana,Pulau Pinang,2022,1740.4,6063,1,0,0.0,0
Sus scrofa,Pulau Pinang,2022,1740.4,6063,1,1,0.014286,1
Varanus salvator,Pulau Pinang,2022,1740.4,6063,1,1,0.014286,1
Acridotheres tristis,Sabah,2022,3418.8,3574468,1,0,0.0,0
Corvus splendens,Sabah,2022,3418.8,3574468,1,4,1.0,1
Macaca fascicularis,Sabah,2022,3418.8,3574468,1,0,0.0,0
Malayopython reticulatus,Sabah,2022,3418.8,3574468,1,0,0.0,0
Naja sumatrana,Sabah,2022,3418.8,3574468,1,0,0.0,0
Sus scrofa,Sabah,2022,3418.8,3574468,1,0,0.0,0
Varanus salvator,Sabah,2022,3418.8,3574468,1,0,0.0,0
Acridotheres tristis,Sarawak,2022,2453.7,3939113,1,3,1.0,1
Corvus splendens,Sarawak,2022,2453.7,3939113,1,0,0.0,0
Macaca fascicularis,Sarawak,2022,2453.7,3939113,1,0,0.0,0
Malayopython reticulatus,Sarawak,2022,2453.7,3939113,1,0,0.0,0
Naja sumatrana,Sarawak,2022,2453.7,3939113,1,0,0.0,0
Sus scrofa,Sarawak,2022,2453.7,3939113,1,0,0.0,0
Varanus salvator,Sarawak,2022,2453.7,3939113,1,0,0.0,0
Acridotheres tristis,Selangor,2022,6994.4,250250,1,8,0.150943,1
Corvus splendens,Selangor,2022,6994.4,250250,1,43,0.811321,1
Macaca fascicularis,Selangor,2022,6994.4,250250,1,1,0.018868,1
Malayopython reticulatus,Selangor,2022,6994.4,250250,1,0,0.0,0
Naja sumatrana,Selangor,2022,6994.4,250250,1,0,0.0,0
Sus scrofa,Selangor,2022,6994.4,250250,1,0,0.0,0
Varanus salvator,Selangor,2022,6994.4,250250,1,1,0.018868,1
Acridotheres tristis,Johor,2022,4009.7,335003,2,4,0.285714,1
Corvus splendens,Johor,2022,4009.7,335003,2,10,0.714286,1
Macaca fascicularis,Johor,2022,4009.7,335003,2,0,0.0,0
Malayopython reticulatus,Johor,2022,4009.7,335003,2,0,0.0,0
Naja sumatrana,Johor,2022,4009.7,335003,2,0,0.0,0
Sus scrofa,Johor,2022,4009.7,335003,2,0,0.0,0
Varanus salvator,Johor,2022,4009.7,335003,2,0,0.0,0
Acridotheres tristis,Kedah,2022,2131.4,344175,2,15,0.681818,1
Corvus splendens,Kedah,2022,2131.4,344175,2,7,0.318182,1
Macaca fascicularis,Kedah,2022,2131.4,344175,2,0,0.0,0
Malayopython reticulatus,Kedah,2022,2131.4,344175,2,0,0.0,0
Naja sumatrana,Kedah,2022,2131.4,344175,2,0,0.0,0
Sus scrofa,Kedah,2022,2131.4,344175,2,0,0.0,0
Varanus salvator,Kedah,2022,2131.4,344175,2,0,0.0,0
Acridotheres tristis,Kelantan,2022,1792.5,629881,2,2,1.0,1
Corvus splendens,Kelantan,2022,1792.5,629881,2,0,0.0,0
Macaca fascicularis,Kelantan,2022,1792.5,629881,2,0,0.0,0
Malayopython reticulatus,Kelantan,2022,1792.5,629881,2,0,0.0,0
Naja sumatrana,Kelantan,2022,1792.5,629881,2,0,0.0,0
Sus scrofa,Kelantan,2022,1792.5,629881,2,0,0.0,0
Varanus salvator,Kelantan,2022,1792.5,629881,2,0,0.0,0
Acridotheres tristis,Kuala Lumpur,2022,1982.1,85,2,2,1.0,1
Corvus splendens,Kuala Lumpur,2022,1982.1,85,2,0,0.0,0
Macaca fascicularis,Kuala Lumpur,2022,1982.1,85,2,0,0.0,0
Malayopython reticulatus,Kuala Lumpur,2022,1982.1,85,2,0,0.0,0
Naja sumatrana,Kuala Lumpur,2022,1982.1,85,2,0,0.0,0
Sus scrofa,Kuala Lumpur,2022,1982.1,85,2,0,0.0,0
Varanus salvator,Kuala Lumpur,2022,1982.1,85,2,0,0.0,0
Acridotheres tristis,Melaka,2022,998.4,5199,2,5,0.5,1
Corvus splendens,Melaka,2022,998.4,5199,2,5,0.5,1
Macaca fascicularis,Melaka,2022,998.4,5199,2,0,0.0,0
Malayopython reticulatus,Melaka,2022,998.4,5199,2,0,0.0,0
Naja sumatrana,Melaka,2022,998.4,5199,2,0,0.0,0
Sus scrofa,Melaka,2022,998.4,5199,2,0,0.0,0
Varanus salvator,Melaka,2022,998.4,5199,2,0,0.0,0
Acridotheres tristis,Negeri Sembilan,2022,1200.0,155087,2,37,0.528571,1
Corvus splendens,Negeri Sembilan,2022,1200.0,155087,2,33,0.471429,1
Macaca fascicularis,Negeri Sembilan,2022,1200.0,155087,2,0,0.0,0
Malayopython reticulatus,Negeri Sembilan,2022,1200.0,155087,2,0,0.0,0
Naja sumatrana,Negeri Sembilan,2022,1200.0,155087,2,0,0.0,0
Sus scrofa,Negeri Sembilan,2022,1200.0,155087,2,0,0.0,0
Varanus salvator,Negeri Sembilan,2022,1200.0,155087,2,0,0.0,0
Acridotheres tristis,Pahang,2022,1591.3,1589092,2,4,0.666667,1
Corvus splendens,Pahang,2022,1591.3,1589092,2,2,0.333333,1
Macaca fascicularis,Pahang,2022,1591.3,1589092,2,0,0.0,0
Malayopython reticulatus,Pahang,2022,1591.3,1589092,2,0,0.0,0
Naja sumatrana,Pahang,2022,1591.3,1589092,2,0,0.0,0
Sus scrofa,Pahang,2022,1591.3,1589092,2,0,0.0,0
Varanus salvator,Pahang,2022,1591.3,1589092,2,0,0.0,0
Acridotheres tristis,Perak,2022,2496.0,986021,2,30,0.857143,1
Corvus splendens,Perak,2022,2496.0,986021,2,5,0.142857,1
Macaca fascicularis,Perak,2022,2496.0,986021,2,0,0.0,0
Malayopython reticulatus,Perak,2022,2496.0,986021,2,0,0.0,0
Naja sumatrana,Perak,2022,2496.0,986021,2,0,0.0,0
Sus scrofa,Perak,2022,2496.0,986021,2,0,0.0,0
Varanus salvator,Perak,2022,2496.0,986021,2,0,0.0,0
Acridotheres tristis,Perlis,2022,284.9,10854,2,5,0.714286,1
Corvus splendens,Perlis,2022,284.9,10854,2,2,0.285714,1
Macaca fascicularis,Perlis,2022,284.9,10854,2,0,0.0,0
Malayopython reticulatus,Perlis,2022,284.9,10854,2,0,0.0,0
Naja sumatrana,Perlis,2022,284.9,10854,2,0,0.0,0
Sus scrofa,Perlis,2022,284.9,10854,2,0,0.0,0
Varanus salvator,Perlis,2022,284.9,10854,2,0,0.0,0
Acridotheres tristis,Pulau Pinang,2022,1740.4,6063,2,12,0.352941,1
Corvus splendens,Pulau Pinang,2022,1740.4,6063,2,21,0.617647,1
Macaca fascicularis,Pulau Pinang,2022,1740.4,6063,2,1,0.029412,1
Malayopython reticulatus,Pulau Pinang,2022,1740.4,6063,2,0,0.0,0
Naja sumatrana,Pulau Pinang,2022,1740.4,6063,2,0,0.0,0
Sus scrofa,Pulau Pinang,2022,1740.4,6063,2,0,0.0,0
Varanus salvator,Pulau Pinang,2022,1740.4,6063,2,0,0.0,0
Acridotheres tristis,Sabah,2022,3418.8,3574468,2,0,0.0,0
Corvus splendens,Sabah,2022,3418.8,3574468,2,6,1.0,1
Macaca fascicularis,Sabah,2022,3418.8,3574468,2,0,0.0,0
Malayopython reticulatus,Sabah,2022,3418.8,3574468,2,0,0.0,0
Naja sumatrana,Sabah,2022,3418.8,3574468,2,0,0.0,0
Sus scrofa,Sabah,2022,3418.8,3574468,2,0,0.0,0
Varanus salvator,Sabah,2022,3418.8,3574468,2,0,0.0,0
Acridotheres tristis,Sarawak,2022,2453.7,3939113,2,2,1.0,1
Corvus splendens,Sarawak,2022,2453.7,3939113,2,0,0.0,0
Macaca fascicularis,Sarawak,2022,2453.7,3939113,2,0,0.0,0
Malayopython reticulatus,Sarawak,2022,2453.7,3939113,2,0,0.0,0
Naja sumatrana,Sarawak,2022,2453.7,3939113,2,0,0.0,0
Sus scrofa,Sarawak,2022,2453.7,3939113,2,0,0.0,0
Varanus salvator,Sarawak,2022,2453.7,3939113,2,0,0.0,0
Acridotheres tristis,Selangor,2022,6994.4,250250,2,19,0.333333,1
Corvus splendens,Selangor,2022,6994.4,250250,2,34,0.596491,1
Macaca fascicularis,Selangor,2022,6994.4,250250,2,3,0.052632,1
Malayopython reticulatus,Selangor,2022,6994.4,250250,2,0,0.0,0
Naja sumatrana,Selangor,2022,6994.4,250250,2,0,0.0,0
Sus scrofa,Selangor,2022,6994.4,250250,2,1,0.017544,1
Varanus salvator,Selangor,2022,6994.4,250250,2,0,0.0,0
Acridotheres tristis,Terengganu,2022,1149.4,540309,2,1,1.0,1
Corvus splendens,Terengganu,2022,1149.4,540309,2,0,0.0,0
Macaca fascicularis,Terengganu,2022,1149.4,540309,2,0,0.0,0
Malayopython reticulatus,Terengganu,2022,1149.4,540309,2,0,0.0,0
Naja sumatrana,Terengganu,2022,1149.4,540309,2,0,0.0,0
Sus scrofa,Terengganu,2022,1149.4,540309,2,0,0.0,0
Varanus salvator,Terengganu,2022,1149.4,540309,2,0,0.0,0
Acridotheres tristis,Johor,2022,4009.7,335003,3,8,0.571429,1
Corvus splendens,Johor,2022,4009.7,335003,3,6,0.428571,1
Macaca fascicularis,Johor,2022,4009.7,335003,3,0,0.0,0
Malayopython reticulatus,Johor,2022,4009.7,335003,3,0,0.0,0
Naja sumatrana,Johor,2022,4009.7,335003,3,0,0.0,0
Sus scrofa,Johor,2022,4009.7,335003,3,0,0.0,0
Varanus salvator,Johor,2022,4009.7,335003,3,0,0.0,0
Acridotheres tristis,Kedah,2022,2131.4,344175,3,12,0.705882,1
Corvus splendens,Kedah,2022,2131.4,344175,3,4,0.235294,1
Macaca fascicularis,Kedah,2022,2131.4,344175,3,1,0.058824,1
Malayopython reticulatus,Kedah,2022,2131.4,344175,3,0,0.0,0
Naja sumatrana,Kedah,2022,2131.4,344175,3,0,0.0,0
Sus scrofa,Kedah,2022,2131.4,344175,3,0,0.0,0
Varanus salvator,Kedah,2022,2131.4,344175,3,0,0.0,0
Acridotheres tristis,Kuala Lumpur,2022,1982.1,85,3,5,0.454545,1
Corvus splendens,Kuala Lumpur,2022,1982.1,85,3,5,0.454545,1
Macaca fascicularis,Kuala Lumpur,2022,1982.1,85,3,1,0.090909,1
Malayopython reticulatus,Kuala Lumpur,2022,1982.1,85,3,0,0.0,0
Naja sumatrana,Kuala Lumpur,2022,1982.1,85,3,0,0.0,0
Sus scrofa,Kuala Lumpur,2022,1982.1,85,3,0,0.0,0
Varanus salvator,Kuala Lumpur,2022,1982.1,85,3,0,0.0,0
Acridotheres tristis,Melaka,2022,998.4,5199,3,2,0.2,1
Corvus splendens,Melaka,2022,998.4,5199,3,7,0.7,1
Macaca fascicularis,Melaka,2022,998.4,5199,3,0,0.0,0
Malayopython reticulatus,Melaka,2022,998.4,5199,3,1,0.1,1
Naja sumatrana,Melaka,2022,998.4,5199,3,0,0.0,0
Sus scrofa,Melaka,2022,998.4,5199,3,0,0.0,0
Varanus salvator,Melaka,2022,998.4,5199,3,0,0.0,0
Acridotheres tristis,Negeri Sembilan,2022,1200.0,155087,3,54,0.574468,1
Corvus splendens,Negeri Sembilan,2022,1200.0,155087,3,40,0.425532,1
Macaca fascicularis,Negeri Sembilan,2022,1200.0,155087,3,0,0.0,0
Malayopython reticulatus,Negeri Sembilan,2022,1200.0,155087,3,0,0.0,0
Naja sumatrana,Negeri Sembilan,2022,1200.0,155087,3,0,0.0,0
Sus scrofa,Negeri Sembilan,2022,1200.0,155087,3,0,0.0,0
Varanus salvator,Negeri Sembilan,2022,1200.0,155087,3,0,0.0,0
Acridotheres tristis,Pahang,2022,1591.3,1589092,3,7,1.0,1
Corvus splendens,Pahang,2022,1591.3,1589092,3,0,0.0,0
Macaca fascicularis,Pahang,2022,1591.3,1589092,3,0,0.0,0
Malayopython reticulatus,Pahang,2022,1591.3,1589092,3,0,0.0,0
Naja sumatrana,Pahang,2022,1591.3,1589092,3,0,0.0,0
Sus scrofa,Pahang,2022,1591.3,1589092,3,0,0.0,0
Varanus salvator,Pahang,2022,1591.3,1589092,3,0,0.0,0
Acridotheres tristis,Perak,2022,2496.0,986021,3,33,0.916667,1
Corvus splendens,Perak,2022,2496.0,986021,3,3,0.083333,1
Macaca fascicularis,Perak,2022,2496.0,986021,3,0,0.0,0
Malayopython reticulatus,Perak,2022,2496.0,986021,3,0,0.0,0
Naja sumatrana,Perak,2022,2496.0,986021,3,0,0.0,0
Sus scrofa,Perak,2022,2496.0,986021,3,0,0.0,0
Varanus salvator,Perak,2022,2496.0,986021,3,0,0.0,0
Acridotheres tristis,Pulau Pinang,2022,1740.4,6063,3,11,0.423077,1
Corvus splendens,Pulau Pinang,2022,1740.4,6063,3,13,0.5,1
Macaca fascicularis,Pulau Pinang,2022,1740.4,6063,3,0,0.0,0
Malayopython reticulatus,Pulau Pinang,2022,1740.4,6063,3,0,0.0,0
Naja sumatrana,Pulau Pinang,2022,1740.4,6063,3,0,0.0,0
Sus scrofa,Pulau Pinang,2022,1740.4,6063,3,0,0.0,0
Varanus salvator,Pulau Pinang,2022,1740.4,6063,3,2,0.076923,1
Acridotheres tristis,Sabah,2022,3418.8,3574468,3,0,0.0,0
Corvus splendens,Sabah,2022,3418.8,3574468,3,1,1.0,1
Macaca fascicularis,Sabah,2022,3418.8,3574468,3,0,0.0,0
Malayopython reticulatus,Sabah,2022,3418.8,3574468,3,0,0.0,0
Naja sumatrana,Sabah,2022,3418.8,3574468,3,0,0.0,0
Sus scrofa,Sabah,2022,3418.8,3574468,3,0,0.0,0
Varanus salvator,Sabah,2022,3418.8,3574468,3,0,0.0,0
Acridotheres tristis,Sarawak,2022,2453.7,3939113,3,5,0.833333,1
Corvus splendens,Sarawak,2022,2453.7,3939113,3,0,0.0,0
Macaca fascicularis,Sarawak,2022,2453.7,3939113,3,1,0.166667,1
Malayopython reticulatus,Sarawak,2022,2453.7,3939113,3,0,0.0,0
Naja sumatrana,Sarawak,2022,2453.7,3939113,3,0,0.0,0
Sus scrofa,Sarawak,2022,2453.7,3939113,3,0,0.0,0
Varanus salvator,Sarawak,2022,2453.7,3939113,3,0,0.0,0
Acridotheres tristis,Selangor,2022,6994.4,250250,3,18,0.461538,1
Corvus splendens,Selangor,2022,6994.4,250250,3,21,0.538462,1
Macaca fascicularis,Selangor,2022,6994.4,250250,3,0,0.0,0
Malayopython reticulatus,Selangor,2022,6994.4,250250,3,0,0.0,0
Naja sumatrana,Selangor,2022,6994.4,250250,3,0,0.0,0
Sus scrofa,Selangor,2022,6994.4,250250,3,0,0.0,0
Varanus salvator,Selangor,2022,6994.4,250250,3,0,0.0,0
Acridotheres tristis,Terengganu,2022,1149.4,540309,3,1,1.0,1
Corvus splendens,Terengganu,2022,1149.4,540309,3,0,0.0,0
Macaca fascicularis,Terengganu,2022,1149.4,540309,3,0,0.0,0
Malayopython reticulatus,Terengganu,2022,1149.4,540309,3,0,0.0,0
Naja sumatrana,Terengganu,2022,1149.4,540309,3,0,0.0,0
Sus scrofa,Terengganu,2022,1149.4,540309,3,0,0.0,0
Varanus salvator,Terengganu,2022,1149.4,540309,3,0,0.0,0
Acridotheres tristis,Johor,2022,4009.7,335003,4,5,0.357143,1
Corvus splendens,Johor,2022,4009.7,335003,4,5,0.357143,1
Macaca fascicularis,Johor,2022,4009.7,335003,4,4,0.285714,1
Malayopython reticulatus,Johor,2022,4009.7,335003,4,0,0.0,0
Naja sumatrana,Johor,2022,4009.7,335003,4,0,0.0,0
Sus scrofa,Johor,2022,4009.7,335003,4,0,0.0,0
Varanus salvator,Johor,2022,4009.7,335003,4,0,0.0,0
Acridotheres tristis,Kedah,2022,2131.4,344175,4,13,0.619048,1
Corvus splendens,Kedah,2022,2131.4,344175,4,8,0.380952,1
Macaca fascicularis,Kedah,2022,2131.4,344175,4,0,0.0,0
Malayopython reticulatus,Kedah,2022,2131.4,344175,4,0,0.0,0
Naja sumatrana,Kedah,2022,2131.4,344175,4,0,0.0,0
Sus scrofa,Kedah,2022,2131.4,344175,4,0,0.0,0
Varanus salvator,Kedah,2022,2131.4,344175,4,0,0.0,0
Acridotheres tristis,Kelantan,2022,1792.5,629881,4,2,1.0,1
Corvus splendens,Kelantan,2022,1792.5,629881,4,0,0.0,0
Macaca fascicularis,Kelantan,2022,1792.5,629881,4,0,0.0,0
Malayopython reticulatus,Kelantan,2022,1792.5,629881,4,0,0.0,0
Naja sumatrana,Kelantan,2022,1792.5,629881,4,0,0.0,0
Sus scrofa,Kelantan,2022,1792.5,629881,4,0,0.0,0
Varanus salvator,Kelantan,2022,1792.5,629881,4,0,0.0,0
Acridotheres tristis,Kuala Lumpur,2022,1982.1,85,4,6,0.272727,1
Corvus splendens,Kuala Lumpur,2022,1982.1,85,4,10,0.454545,1
Macaca fascicularis,Kuala Lumpur,2022,1982.1,85,4,3,0.136364,1
Malayopython reticulatus,Kuala Lumpur,2022,1982.1,85,4,0,0.0,0
Naja sumatrana,Kuala Lumpur,2022,1982.1,85,4,0,0.0,0
Sus scrofa,Kuala Lumpur,2022,1982.1,85,4,0,0.0,0
Varanus salvator,Kuala Lumpur,2022,1982.1,85,4,3,0.136364,1
Acridotheres tristis,Melaka,2022,998.4,5199,4,2,0.5,1
Corvus splendens,Melaka,2022,998.4,5199,4,1,0.25,1
Macaca fascicularis,Melaka,2022,998.4,5199,4,0,0.0,0
Malayopython reticulatus,Melaka,2022,998.4,5199,4,0,0.0,0
Naja sumatrana,Melaka,2022,998.4,5199,4,0,0.0,0
Sus scrofa,Melaka,2022,998.4,5199,4,0,0.0,0
Varanus salvator,Melaka,2022,998.4,5199,4,1,0.25,1
Acridotheres tristis,Negeri Sembilan,2022,1200.0,155087,4,47,0.573171,1
Corvus splendens,Negeri Sembilan,2022,1200.0,155087,4,34,0.414634,1
Macaca fascicularis,Negeri Sembilan,2022,1200.0,155087,4,0,0.0,0
Malayopython reticulatus,Negeri Sembilan,2022,1200.0,155087,4,0,0.0,0
Naja sumatrana,Negeri Sembilan,2022,1200.0,155087,4,0,0.0,0
Sus scrofa,Negeri Sembilan,2022,1200.0,155087,4,0,0.0,0
Varanus salvator,Negeri Sembilan,2022,1200.0,155087,4,1,0.012195,1
Acridotheres tristis,Pahang,2022,1591.3,1589092,4,11,0.846154,1
Corvus splendens,Pahang,2022,1591.3,1589092,4,1,0.076923,1
Macaca fascicularis,Pahang,2022,1591.3,1589092,4,0,0.0,0
Malayopython reticulatus,Pahang,2022,1591.3,1589092,4,0,0.0,0
Naja sumatrana,Pahang,2022,1591.3,1589092,4,0,0.0,0
Sus scrofa,Pahang,2022,1591.3,1589092,4,0,0.0,0
Varanus salvator,Pahang,2022,1591.3,1589092,4,1,0.076923,1
Acridotheres tristis,Perak,2022,2496.0,986021,4,16,0.64,1
Corvus splendens,Perak,2022,2496.0,986021,4,7,0.28,1
Macaca fascicularis,Perak,2022,2496.0,986021,4,0,0.0,0
Malayopython reticulatus,Perak,2022,2496.0,986021,4,1,0.04,1
Naja sumatrana,Perak,2022,2496.0,986021,4,0,0.0,0
Sus scrofa,Perak,2022,2496.0,986021,4,0,0.0,0
Varanus salvator,Perak,2022,2496.0,986021,4,1,0.04,1
Acridotheres tristis,Pulau Pinang,2022,1740.4,6063,4,11,0.305556,1
Corvus splendens,Pulau Pinang,2022,1740.4,6063,4,23,0.638889,1
Macaca fascicularis,Pulau Pinang,2022,1740.4,6063,4,2,0.055556,1
Malayopython reticulatus,Pulau Pinang,2022,1740.4,6063,4,0,0.0,0
Naja sumatrana,Pulau Pinang,2022,1740.4,6063,4,0,0.0,0
Sus scrofa,Pulau Pinang,2022,1740.4,6063,4,0,0.0,0
Varanus salvator,Pulau Pinang,2022,1740.4,6063,4,0,0.0,0
Acridotheres tristis,Putrajaya,2022,109.2,0,4,0,0.0,0
Corvus splendens,Putrajaya,2022,109.2,0,4,1,1.0,1
Macaca fascicularis,Putrajaya,2022,109.2,0,4,0,0.0,0
Malayopython reticulatus,Putrajaya,2022,109.2,0,4,0,0.0,0
Naja sumatrana,Putrajaya,2022,109.2,0,4,0,0.0,0
Sus scrofa,Putrajaya,2022,109.2,0,4,0,0.0,0
Varanus salvator,Putrajaya,2022,109.2,0,4,0,0.0,0
Acridotheres tristis,Sarawak,2022,2453.7,3939113,4,8,0.8,1
Corvus splendens,Sarawak,2022,2453.7,3939113,4,0,0.0,0
Macaca fascicularis,Sarawak,2022,2453.7,3939113,4,1,0.1,1
Malayopython reticulatus,Sarawak,2022,2453.7,3939113,4,0,0.0,0
Naja sumatrana,Sarawak,2022,2453.7,3939113,4,1,0.1,1
Sus scrofa,Sarawak,2022,2453.7,3939113,4,0,0.0,0
Varanus salvator,Sarawak,2022,2453.7,3939113,4,0,0.0,0
Acridotheres tristis,Selangor,2022,6994.4,250250,4,26,0.320988,1
Corvus splendens,Selangor,2022,6994.4,250250,4,52,0.641975,1
Macaca fascicularis,Selangor,2022,6994.4,250250,4,0,0.0,0
Malayopython reticulatus,Selangor,2022,6994.4,250250,4,0,0.0,0
Naja sumatrana,Selangor,2022,6994.4,250250,4,0,0.0,0
Sus scrofa,Selangor,2022,6994.4,250250,4,0,0.0,0
Varanus salvator,Selangor,2022,6994.4,250250,4,3,0.037037,1
Acridotheres tristis,Johor,2022,4009.7,335003,5,16,0.380952,1
Corvus splendens,Johor,2022,4009.7,335003,5,21,0.5,1
Macaca fascicularis,Johor,2022,4009.7,335003,5,2,0.047619,1
Malayopython reticulatus,Johor,2022,4009.7,335003,5,1,0.02381,1
Naja sumatrana,Johor,2022,4009.7,335003,5,0,0.0,0
Sus scrofa,Johor,2022,4009.7,335003,5,0,0.0,0
Varanus salvator,Johor,2022,4009.7,335003,5,2,0.047619,1
Acridotheres tristis,Kedah,2022,2131.4,344175,5,14,0.636364,1
Corvus splendens,Kedah,2022,2131.4,344175,5,7,0.318182,1
Macaca fascicularis,Kedah,2022,2131.4,344175,5,0,0.0,0
Malayopython reticulatus,Kedah,2022,2131.4,344175,5,0,0.0,0
Naja sumatrana,Kedah,2022,2131.4,344175,5,0,0.0,0
Sus scrofa,Kedah,2022,2131.4,344175,5,0,0.0,0
Varanus salvator,Kedah,2022,2131.4,344175,5,1,0.045455,1
Acridotheres tristis,Kuala Lumpur,2022,1982.1,85,5,8,0.444444,1
Corvus splendens,Kuala Lumpur,2022,1982.1,85,5,6,0.333333,1
Macaca fascicularis,Kuala Lumpur,2022,1982.1,85,5,3,0.166667,1
Malayopython reticulatus,Kuala Lumpur,2022,1982.1,85,5,0,0.0,0
Naja sumatrana,Kuala Lumpur,2022,1982.1,85,5,0,0.0,0
Sus scrofa,Kuala Lumpur,2022,1982.1,85,5,0,0.0,0
Varanus salvator,Kuala Lumpur,2022,1982.1,85,5,1,0.055556,1
Acridotheres tristis,Melaka,2022,998.4,5199,5,5,0.454545,1
Corvus splendens,Melaka,2022,998.4,5199,5,6,0.545455,1
Macaca fascicularis,Melaka,2022,998.4,5199,5,0,0.0,0
Malayopython reticulatus,Melaka,2022,998.4,5199,5,0,0.0,0
Naja sumatrana,Melaka,2022,998.4,5199,5,0,0.0,0
Sus scrofa,Melaka,2022,998.4,5199,5,0,0.0,0
Varanus salvator,Melaka,2022,998.4,5199,5,0,0.0,0
Acridotheres tristis,Negeri Sembilan,2022,1200.0,155087,5,29,0.690476,1
Corvus splendens,Negeri Sembilan,2022,1200.0,155087,5,13,0.309524,1
Macaca fascicularis,Negeri Sembilan,2022,1200.0,155087,5,0,0.0,0
Malayopython reticulatus,Negeri Sembilan,2022,1200.0,155087,5,0,0.0,0
Naja sumatrana,Negeri Sembilan,2022,1200.0,155087,5,0,0.0,0
Sus scrofa,Negeri Sembilan,2022,1200.0,155087,5,0,0.0,0
Varanus salvator,Negeri Sembilan,2022,1200.0,155087,5,0,0.0,0
Acridotheres tristis,Pahang,2022,1591.3,1589092,5,3,1.0,1
Corvus splendens,Pahang,2022,1591.3,1589092,5,0,0.0,0
Macaca fascicularis,Pahang,2022,1591.3,1589092,5,0,0.0,0
Malayopython reticulatus,Pahang,2022,1591.3,1589092,5,0,0.0,0
Naja sumatrana,Pahang,2022,1591.3,1589092,5,0,0.0,0
Sus scrofa,Pahang,2022,1591.3,1589092,5,0,0.0,0
Varanus salvator,Pahang,2022,1591.3,1589092,5,0,0.0,0
Acridotheres tristis,Perak,2022,2496.0,986021,5,6,0.857143,1
Corvus splendens,Perak,2022,2496.0,986021,5,0,0.0,0
Macaca fascicularis,Perak,2022,2496.0,986021,5,0,0.0,0
Malayopython reticulatus,Perak,2022,2496.0,986021,5,0,0.0,0
Naja sumatrana,Perak,2022,2496.0,986021,5,0,0.0,0
Sus scrofa,Perak,2022,2496.0,986021,5,0,0.0,0
Varanus salvator,Perak,2022,2496.0,986021,5,1,0.142857,1
Acridotheres tristis,Perlis,2022,284.9,10854,5,1,0.333333,1
Corvus splendens,Perlis,2022,284.9,10854,5,2,0.666667,1
Macaca fascicularis,Perlis,2022,284.9,10854,5,0,0.0,0
Malayopython reticulatus,Perlis,2022,284.9,10854,5,0,0.0,0
Naja sumatrana,Perlis,2022,284.9,10854,5,0,0.0,0
Sus scrofa,Perlis,2022,284.9,10854,5,0,0.0,0
Varanus salvator,Perlis,2022,284.9,10854,5,0,0.0,0
Acridotheres tristis,Pulau Pinang,2022,1740.4,6063,5,15,0.454545,1
Corvus splendens,Pulau Pinang,2022,1740.4,6063,5,15,0.454545,1
Macaca fascicularis,Pulau Pinang,2022,1740.4,6063,5,0,0.0,0
Malayopython reticulatus,Pulau Pinang,2022,1740.4,6063,5,0,0.0,0
Naja sumatrana,Pulau Pinang,2022,1740.4,6063,5,0,0.0,0
Sus scrofa,Pulau Pinang,2022,1740.4,6063,5,0,0.0,0
Varanus salvator,Pulau Pinang,2022,1740.4,6063,5,3,0.090909,1
Acridotheres tristis,Putrajaya,2022,109.2,0,5,2,0.4,1
Corvus splendens,Putrajaya,2022,109.2,0,5,3,0.6,1
Macaca fascicularis,Putrajaya,2022,109.2,0,5,0,0.0,0
Malayopython reticulatus,Putrajaya,2022,109.2,0,5,0,0.0,0
Naja sumatrana,Putrajaya,2022,109.2,0,5,0,0.0,0
Sus scrofa,Putrajaya,2022,109.2,0,5,0,0.0,0
Varanus salvator,Putrajaya,2022,109.2,0,5,0,0.0,0
Acridotheres tristis,Sabah,2022,3418.8,3574468,5,0,0.0,0
Corvus splendens,Sabah,2022,3418.8,3574468,5,6,0.375,1
Macaca fascicularis,Sabah,2022,3418.8,3574468,5,6,0.375,1
Malayopython reticulatus,Sabah,2022,3418.8,3574468,5,0,0.0,0
Naja sumatrana,Sabah,2022,3418.8,3574468,5,0,0.0,0
Sus scrofa,Sabah,2022,3418.8,3574468,5,0,0.0,0
Varanus salvator,Sabah,2022,3418.8,3574468,5,4,0.25,1
Acridotheres tristis,Sarawak,2022,2453.7,3939113,5,2,0.333333,1
Corvus splendens,Sarawak,2022,2453.7,3939113,5,1,0.166667,1
Macaca fascicularis,Sarawak,2022,2453.7,3939113,5,3,0.5,1
Malayopython reticulatus,Sarawak,2022,2453.7,3939113,5,0,0.0,0
Naja sumatrana,Sarawak,2022,2453.7,3939113,5,0,0.0,0
Sus scrofa,Sarawak,2022,2453.7,3939113,5,0,0.0,0
Varanus salvator,Sarawak,2022,2453.7,3939113,5,0,0.0,0
Acridotheres tristis,Selangor,2022,6994.4,250250,5,22,0.255814,1
Corvus splendens,Selangor,2022,6994.4,250250,5,56,0.651163,1
Macaca fascicularis,Selangor,2022,6994.4,250250,5,7,0.081395,1
Malayopython reticulatus,Selangor,2022,6994.4,250250,5,0,0.0,0
Naja sumatrana,Selangor,2022,6994.4,250250,5,0,0.0,0
Sus scrofa,Selangor,2022,6994.4,250250,5,0,0.0,0
Varanus salvator,Selangor,2022,6994.4,250250,5,1,0.011628,1
Acridotheres tristis,Johor,2022,4009.7,335003,6,8,0.222222,1
Corvus splendens,Johor,2022,4009.7,335003,6,26,0.722222,1
Macaca fascicularis,Johor,2022,4009.7,335003,6,0,0.0,0
Malayopython reticulatus,Johor,2022,4009.7,335003,6,1,0.027778,1
Naja sumatrana,Johor,2022,4009.7,335003,6,0,0.0,0
Sus scrofa,Johor,2022,4009.7,335003,6,0,0.0,0
Varanus salvator,Johor,2022,4009.7,335003,6,1,0.027778,1
Acridotheres tristis,Kedah,2022,2131.4,344175,6,13,0.684211,1
Corvus splendens,Kedah,2022,2131.4,344175,6,6,0.315789,1
Macaca fascicularis,Kedah,2022,2131.4,344175,6,0,0.0,0
Malayopython reticulatus,Kedah,2022,2131.4,344175,6,0,0.0,0
Naja sumatrana,Kedah,2022,2131.4,344175,6,0,0.0,0
Sus scrofa,Kedah,2022,2131.4,344175,6,0,0.0,0
Varanus salvator,Kedah,2022,2131.4,344175,6,0,0.0,0
Acridotheres tristis,Kuala Lumpur,2022,1982.1,85,6,3,0.2,1
Corvus splendens,Kuala Lumpur,2022,1982.1,85,6,9,0.6,1
Macaca fascicularis,Kuala Lumpur,2022,1982.1,85,6,2,0.133333,1
Malayopython reticulatus,Kuala Lumpur,2022,1982.1,85,6,0,0.0,0
Naja sumatrana,Kuala Lumpur,2022,1982.1,85,6,0,0.0,0
Sus scrofa,Kuala Lumpur,2022,1982.1,85,6,0,0.0,0
Varanus salvator,Kuala Lumpur,2022,1982.1,85,6,1,0.066667,1
Acridotheres tristis,Melaka,2022,998.4,5199,6,3,0.115385,1
Corvus splendens,Melaka,2022,998.4,5199,6,23,0.884615,1
Macaca fascicularis,Melaka,2022,998.4,5199,6,0,0.0,0
Malayopython reticulatus,Melaka,2022,998.4,5199,6,0,0.0,0
Naja sumatrana,Melaka,2022,998.4,5199,6,0,0.0,0
Sus scrofa,Melaka,2022,998.4,5199,6,0,0.0,0
Varanus salvator,Melaka,2022,998.4,5199,6,0,0.0,0
Acridotheres tristis,Negeri Sembilan,2022,1200.0,155087,6,22,0.536585,1
Corvus splendens,Negeri Sembilan,2022,1200.0,155087,6,19,0.463415,1
Macaca fascicularis,Negeri Sembilan,2022,1200.0,155087,6,0,0.0,0
Malayopython reticulatus,Negeri Sembilan,2022,1200.0,155087,6,0,0.0,0
Naja sumatrana,Negeri Sembilan,2022,1200.0,155087,6,0,0.0,0
Sus scrofa,Negeri Sembilan,2022,1200.0,155087,6,0,0.0,0
Varanus salvator,Negeri Sembilan,2022,1200.0,155087,6,0,0.0,0
Acridotheres tristis,Pahang,2022,1591.3,1589092,6,8,0.727273,1
Corvus splendens,Pahang,2022,1591.3,1589092,6,1,0.090909,1
Macaca fascicularis,Pahang,2022,1591.3,1589092,6,2,0.181818,1
Malayopython reticulatus,Pahang,2022,1591.3,1589092,6,0,0.0,0
Naja sumatrana,Pahang,2022,1591.3,1589092,6,0,0.0,0
Sus scrofa,Pahang,2022,1591.3,1589092,6,0,0.0,0
Varanus salvator,Pahang,2022,1591.3,1589092,6,0,0.0,0
Acridotheres tristis,Perak,2022,2496.0,986021,6,7,0.777778,1
Corvus splendens,Perak,2022,2496.0,986021,6,1,0.111111,1
Macaca fascicularis,Perak,2022,2496.0,986021,6,0,0.0,0
Malayopython reticulatus,Perak,2022,2496.0,986021,6,0,0.0,0
Naja sumatrana,Perak,2022,2496.0,986021,6,0,0.0,0
Sus scrofa,Perak,2022,2496.0,986021,6,0,0.0,0
Varanus salvator,Perak,2022,2496.0,986021,6,1,0.111111,1
Acridotheres tristis,Pulau Pinang,2022,1740.4,6063,6,9,0.375,1
Corvus splendens,Pulau Pinang,2022,1740.4,6063,6,12,0.5,1
Macaca fascicularis,Pulau Pinang,2022,1740.4,6063,6,0,0.0,0
Malayopython reticulatus,Pulau Pinang,2022,1740.4,6063,6,0,0.0,0
Naja sumatrana,Pulau Pinang,2022,1740.4,6063,6,0,0.0,0
Sus scrofa,Pulau Pinang,2022,1740.4,6063,6,0,0.0,0
Varanus salvator,Pulau Pinang,2022,1740.4,6063,6,3,0.125,1
Acridotheres tristis,Putrajaya,2022,109.2,0,6,0,0.0,0
Corvus splendens,Putrajaya,2022,109.2,0,6,1,1.0,1
Macaca fascicularis,Putrajaya,2022,109.2,0,6,0,0.0,0
Malayopython reticulatus,Putrajaya,2022,109.2,0,6,0,0.0,0
Naja sumatrana,Putrajaya,2022,109.2,0,6,0,0.0,0
Sus scrofa,Putrajaya,2022,109.2,0,6,0,0.0,0
Varanus salvator,Putrajaya,2022,109.2,0,6,0,0.0,0
Acridotheres tristis,Sabah,2022,3418.8,3574468,6,4,0.333333,1
Corvus splendens,Sabah,2022,3418.8,3574468,6,2,0.166667,1
Macaca fascicularis,Sabah,2022,3418.8,3574468,6,2,0.166667,1
Malayopython reticulatus,Sabah,2022,3418.8,3574468,6,0,0.0,0
Naja sumatrana,Sabah,2022,3418.8,3574468,6,0,0.0,0
Sus scrofa,Sabah,2022,3418.8,3574468,6,0,0.0,0
Varanus salvator,Sabah,2022,3418.8,3574468,6,4,0.333333,1
Acridotheres tristis,Sarawak,2022,2453.7,3939113,6,7,0.777778,1
Corvus splendens,Sarawak,2022,2453.7,3939113,6,0,0.0,0
Macaca fascicularis,Sarawak,2022,2453.7,3939113,6,2,0.222222,1
Malayopython reticulatus,Sarawak,2022,2453.7,3939113,6,0,0.0,0
Naja sumatrana,Sarawak,2022,2453.7,3939113,6,0,0.0,0
Sus scrofa,Sarawak,2022,2453.7,3939113,6,0,0.0,0
Varanus salvator,Sarawak,2022,2453.7,3939113,6,0,0.0,0
Acridotheres tristis,Selangor,2022,6994.4,250250,6,26,0.351351,1
Corvus splendens,Selangor,2022,6994.4,250250,6,44,0.594595,1
Macaca fascicularis,Selangor,2022,6994.4,250250,6,3,0.040541,1
Malayopython reticulatus,Selangor,2022,6994.4,250250,6,0,0.0,0
Naja sumatrana,Selangor,2022,6994.4,250250,6,0,0.0,0
Sus scrofa,Selangor,2022,6994.4,250250,6,0,0.0,0
Varanus salvator,Selangor,2022,6994.4,250250,6,1,0.013514,1
Acridotheres tristis,Johor,2022,4009.7,335003,7,14,0.368421,1
Corvus splendens,Johor,2022,4009.7,335003,7,23,0.605263,1
Macaca fascicularis,Johor,2022,4009.7,335003,7,0,0.0,0
Malayopython reticulatus,Johor,2022,4009.7,335003,7,0,0.0,0
Naja sumatrana,Johor,2022,4009.7,335003,7,0,0.0,0
Sus scrofa,Johor,2022,4009.7,335003,7,1,0.026316,1
Varanus salvator,Johor,2022,4009.7,335003,7,0,0.0,0
Acridotheres tristis,Kedah,2022,2131.4,344175,7,20,0.526316,1
Corvus splendens,Kedah,2022,2131.4,344175,7,15,0.394737,1
Macaca fascicularis,Kedah,2022,2131.4,344175,7,3,0.078947,1
Malayopython reticulatus,Kedah,2022,2131.4,344175,7,0,0.0,0
Naja sumatrana,Kedah,2022,2131.4,344175,7,0,0.0,0
Sus scrofa,Kedah,2022,2131.4,344175,7,0,0.0,0
Varanus salvator,Kedah,2022,2131.4,344175,7,0,0.0,0
Acridotheres tristis,Kelantan,2022,1792.5,629881,7,6,1.0,1
Corvus splendens,Kelantan,2022,1792.5,629881,7,0,0.0,0
Macaca fascicularis,Kelantan,2022,1792.5,629881,7,0,0.0,0
Malayopython reticulatus,Kelantan,2022,1792.5,629881,7,0,0.0,0
Naja sumatrana,Kelantan,2022,1792.5,629881,7,0,0.0,0
Sus scrofa,Kelantan,2022,1792.5,629881,7,0,0.0,0
Varanus salvator,Kelantan,2022,1792.5,629881,7,0,0.0,0
Acridotheres tristis,Kuala Lumpur,2022,1982.1,85,7,8,0.363636,1
Corvus splendens,Kuala Lumpur,2022,1982.1,85,7,9,0.409091,1
Macaca fascicularis,Kuala Lumpur,2022,1982.1,85,7,3,0.136364,1
Malayopython reticulatus,Kuala Lumpur,2022,1982.1,85,7,0,0.0,0
Naja sumatrana,Kuala Lumpur,2022,1982.1,85,7,0,0.0,0
Sus scrofa,Kuala Lumpur,2022,1982.1,85,7,0,0.0,0
Varanus salvator,Kuala Lumpur,2022,1982.1,85,7,2,0.090909,1
Acridotheres tristis,Melaka,2022,998.4,5199,7,43,0.417476,1
Corvus splendens,Melaka,2022,998.4,5199,7,58,0.563107,1
Macaca fascicularis,Melaka,2022,998.4,5199,7,0,0.0,0
Malayopython reticulatus,Melaka,2022,998.4,5199,7,0,0.0,0
Naja sumatrana,Melaka,2022,998.4,5199,7,0,0.0,0
Sus scrofa,Melaka,2022,998.4,5199,7,0,0.0,0
Varanus salvator,Melaka,2022,998.4,5199,7,2,0.019417,1
Acridotheres tristis,Negeri Sembilan,2022,1200.0,155087,7,36,0.5,1
Corvus splendens,Negeri Sembilan,2022,1200.0,155087,7,36,0.5,1
Macaca fascicularis,Negeri Sembilan,2022,1200.0,155087,7,0,0.0,0
Malayopython reticulatus,Negeri Sembilan,2022,1200.0,155087,7,0,0.0,0
Naja sumatrana,Negeri Sembilan,2022,1200.0,155087,7,0,0.0,0
Sus scrofa,Negeri Sembilan,2022,1200.0,155087,7,0,0.0,0
Varanus salvator,Negeri Sembilan,2022,1200.0,155087,7,0,0.0,0
Acridotheres tristis,Pahang,2022,1591.3,1589092,7,84,0.903226,1
Corvus splendens,Pahang,2022,1591.3,1589092,7,8,0.086022,1
Macaca fascicularis,Pahang,2022,1591.3,1589092,7,1,0.010753,1
Malayopython reticulatus,Pahang,2022,1591.3,1589092,7,0,0.0,0
Naja sumatrana,Pahang,2022,1591.3,1589092,7,0,0.0,0
Sus scrofa,Pahang,2022,1591.3,1589092,7,0,0.0,0
Varanus salvator,Pahang,2022,1591.3,1589092,7,0,0.0,0
Acridotheres tristis,Perak,2022,2496.0,986021,7,9,0.6,1
Corvus splendens,Perak,2022,2496.0,986021,7,3,0.2,1
Macaca fascicularis,Perak,2022,2496.0,986021,7,0,0.0,0
Malayopython reticulatus,Perak,2022,2496.0,986021,7,0,0.0,0
Naja sumatrana,Perak,2022,2496.0,986021,7,0,0.0,0
Sus scrofa,Perak,2022,2496.0,986021,7,0,0.0,0
Varanus salvator,Perak,2022,2496.0,986021,7,3,0.2,1
Acridotheres tristis,Pulau Pinang,2022,1740.4,6063,7,9,0.333333,1
Corvus splendens,Pulau Pinang,2022,1740.4,6063,7,10,0.37037,1
Macaca fascicularis,Pulau Pinang,2022,1740.4,6063,7,7,0.259259,1
Malayopython reticulatus,Pulau Pinang,2022,1740.4,6063,7,0,0.0,0
Naja sumatrana,Pulau Pinang,2022,1740.4,6063,7,0,0.0,0
Sus scrofa,Pulau Pinang,2022,1740.4,6063,7,0,0.0,0
Varanus salvator,Pulau Pinang,2022,1740.4,6063,7,1,0.037037,1
Acridotheres tristis,Putrajaya,2022,109.2,0,7,4,0.4,1
Corvus splendens,Putrajaya,2022,109.2,0,7,5,0.5,1
Macaca fascicularis,Putrajaya,2022,109.2,0,7,1,0.1,1
Malayopython reticulatus,Putrajaya,2022,109.2,0,7,0,0.0,0
Naja sumatrana,Putrajaya,2022,109.2,0,7,0,0.0,0
Sus scrofa,Putrajaya,2022,109.2,0,7,0,0.0,0
Varanus salvator,Putrajaya,2022,109.2,0,7,0,0.0,0
Acridotheres tristis,Sabah,2022,3418.8,3574468,7,7,0.21875,1
Corvus splendens,Sabah,2022,3418.8,3574468,7,15,0.46875,1
Macaca fascicularis,Sabah,2022,3418.8,3574468,7,4,0.125,1
Malayopython reticulatus,Sabah,2022,3418.8,3574468,7,0,0.0,0
Naja sumatrana,Sabah,2022,3418.8,3574468,7,1,0.03125,1
Sus scrofa,Sabah,2022,3418.8,3574468,7,0,0.0,0
Varanus salvator,Sabah,2022,3418.8,3574468,7,5,0.15625,1
Acridotheres tristis,Sarawak,2022,2453.7,3939113,7,8,0.888889,1
Corvus splendens,Sarawak,2022,2453.7,3939113,7,0,0.0,0
Macaca fascicularis,Sarawak,2022,2453.7,3939113,7,1,0.111111,1
Malayopython reticulatus,Sarawak,2022,2453.7,3939113,7,0,0.0,0
Naja sumatrana,Sarawak,2022,2453.7,3939113,7,0,0.0,0
Sus scrofa,Sarawak,2022,2453.7,3939113,7,0,0.0,0
Varanus salvator,Sarawak,2022,2453.7,3939113,7,0,0.0,0
Acridotheres tristis,Selangor,2022,6994.4,250250,7,15,0.333333,1
Corvus splendens,Selangor,2022,6994.4,250250,7,22,0.488889,1
Macaca fascicularis,Selangor,2022,6994.4,250250,7,5,0.111111,1
Malayopython reticulatus,Selangor,2022,6994.4,250250,7,0,0.0,0
Naja sumatrana,Selangor,2022,6994.4,250250,7,0,0.0,0
Sus scrofa,Selangor,2022,6994.4,250250,7,0,0.0,0
Varanus salvator,Selangor,2022,6994.4,250250,7,3,0.066667,1
Acridotheres tristis,Johor,2022,4009.7,335003,8,13,0.448276,1
Corvus splendens,Johor,2022,4009.7,335003,8,13,0.448276,1
Macaca fascicularis,Johor,2022,4009.7,335003,8,0,0.0,0
Malayopython reticulatus,Johor,2022,4009.7,335003,8,0,0.0,0
Naja sumatrana,Johor,2022,4009.7,335003,8,2,0.068966,1
Sus scrofa,Johor,2022,4009.7,335003,8,1,0.034483,1
Varanus salvator,Johor,2022,4009.7,335003,8,0,0.0,0
Acridotheres tristis,Kedah,2022,2131.4,344175,8,20,0.714286,1
Corvus splendens,Kedah,2022,2131.4,344175,8,6,0.214286,1
Macaca fascicularis,Kedah,2022,2131.4,344175,8,2,0.071429,1
Malayopython reticulatus,Kedah,2022,2131.4,344175,8,0,0.0,0
Naja sumatrana,Kedah,2022,2131.4,344175,8,0,0.0,0
Sus scrofa,Kedah,2022,2131.4,344175,8,0,0.0,0
Varanus salvator,Kedah,2022,2131.4,344175,8,0,0.0,0
Acridotheres tristis,Kuala Lumpur,2022,1982.1,85,8,14,0.4375,1
Corvus splendens,Kuala Lumpur,2022,1982.1,85,8,15,0.46875,1
Macaca fascicularis,Kuala Lumpur,2022,1982.1,85,8,1,0.03125,1
Malayopython reticulatus,Kuala Lumpur,2022,1982.1,85,8,0,0.0,0
Naja sumatrana,Kuala Lumpur,2022,1982.1,85,8,0,0.0,0
Sus scrofa,Kuala Lumpur,2022,1982.1,85,8,0,0.0,0
Varanus salvator,Kuala Lumpur,2022,1982.1,85,8,2,0.0625,1
Acridotheres tristis,Labuan,2022,95.1,0,8,0,0.0,0
Corvus splendens,Labuan,2022,95.1,0,8,1,1.0,1
Macaca fascicularis,Labuan,2022,95.1,0,8,0,0.0,0
Malayopython reticulatus,Labuan,2022,95.1,0,8,0,0.0,0
Naja sumatrana,Labuan,2022,95.1,0,8,0,0.0,0
Sus scrofa,Labuan,2022,95.1,0,8,0,0.0,0
Varanus salvator,Labuan,2022,95.1,0,8,0,0.0,0
Acridotheres tristis,Melaka,2022,998.4,5199,8,2,0.222222,1
Corvus splendens,Melaka,2022,998.4,5199,8,6,0.666667,1
Macaca fascicularis,Melaka,2022,998.4,5199,8,0,0.0,0
Malayopython reticulatus,Melaka,2022,998.4,5199,8,0,0.0,0
Naja sumatrana,Melaka,2022,998.4,5199,8,0,0.0,0
Sus scrofa,Melaka,2022,998.4,5199,8,0,0.0,0
Varanus salvator,Melaka,2022,998.4,5199,8,1,0.111111,1
Acridotheres tristis,Negeri Sembilan,2022,1200.0,155087,8,33,0.5,1
Corvus splendens,Negeri Sembilan,2022,1200.0,155087,8,33,0.5,1
Macaca fascicularis,Negeri Sembilan,2022,1200.0,155087,8,0,0.0,0
Malayopython reticulatus,Negeri Sembilan,2022,1200.0,155087,8,0,0.0,0
Naja sumatrana,Negeri Sembilan,2022,1200.0,155087,8,0,0.0,0
Sus scrofa,Negeri Sembilan,2022,1200.0,155087,8,0,0.0,0
Varanus salvator,Negeri Sembilan,2022,1200.0,155087,8,0,0.0,0
Acridotheres tristis,Pahang,2022,1591.3,1589092,8,12,0.631579,1
Corvus splendens,Pahang,2022,1591.3,1589092,8,5,0.263158,1
Macaca fascicularis,Pahang,2022,1591.3,1589092,8,2,0.105263,1
Malayopython reticulatus,Pahang,2022,1591.3,1589092,8,0,0.0,0
Naja sumatrana,Pahang,2022,1591.3,1589092,8,0,0.0,0
Sus scrofa,Pahang,2022,1591.3,1589092,8,0,0.0,0
Varanus salvator,Pahang,2022,1591.3,1589092,8,0,0.0,0
Acridotheres tristis,Perak,2022,2496.0,986021,8,11,0.611111,1
Corvus splendens,Perak,2022,2496.0,986021,8,6,0.333333,1
Macaca fascicularis,Perak,2022,2496.0,986021,8,0,0.0,0
Malayopython reticulatus,Perak,2022,2496.0,986021,8,0,0.0,0
Naja sumatrana,Perak,2022,2496.0,986021,8,0,0.0,0
Sus scrofa,Perak,2022,2496.0,986021,8,0,0.0,0
Varanus salvator,Perak,2022,2496.0,986021,8,1,0.055556,1
Acridotheres tristis,Perlis,2022,284.9,10854,8,7,1.0,1
Corvus splendens,Perlis,2022,284.9,10854,8,0,0.0,0
Macaca fascicularis,Perlis,2022,284.9,10854,8,0,0.0,0
Malayopython reticulatus,Perlis,2022,284.9,10854,8,0,0.0,0
Naja sumatrana,Perlis,2022,284.9,10854,8,0,0.0,0
Sus scrofa,Perlis,2022,284.9,10854,8,0,0.0,0
Varanus salvator,Perlis,2022,284.9,10854,8,0,0.0,0
Acridotheres tristis,Pulau Pinang,2022,1740.4,6063,8,48,0.48,1
Corvus splendens,Pulau Pinang,2022,1740.4,6063,8,47,0.47,1
Macaca fascicularis,Pulau Pinang,2022,1740.4,6063,8,4,0.04,1
Malayopython reticulatus,Pulau Pinang,2022,1740.4,6063,8,0,0.0,0
Naja sumatrana,Pulau Pinang,2022,1740.4,6063,8,0,0.0,0
Sus scrofa,Pulau Pinang,2022,1740.4,6063,8,0,0.0,0
Varanus salvator,Pulau Pinang,2022,1740.4,6063,8,1,0.01,1
Acridotheres tristis,Putrajaya,2022,109.2,0,8,4,0.5,1
Corvus splendens,Putrajaya,2022,109.2,0,8,4,0.5,1
Macaca fascicularis,Putrajaya,2022,109.2,0,8,0,0.0,0
Malayopython reticulatus,Putrajaya,2022,109.2,0,8,0,0.0,0
Naja sumatrana,Putrajaya,2022,109.2,0,8,0,0.0,0
Sus scrofa,Putrajaya,2022,109.2,0,8,0,0.0,0
Varanus salvator,Putrajaya,2022,109.2,0,8,0,0.0,0
Acridotheres tristis,Sabah,2022,3418.8,3574468,8,6,0.133333,1
Corvus splendens,Sabah,2022,3418.8,3574468,8,2,0.044444,1
Macaca fascicularis,Sabah,2022,3418.8,3574468,8,17,0.377778,1
Malayopython reticulatus,Sabah,2022,3418.8,3574468,8,1,0.022222,1
Naja sumatrana,Sabah,2022,3418.8,3574468,8,0,0.0,0
Sus scrofa,Sabah,2022,3418.8,3574468,8,0,0.0,0
Varanus salvator,Sabah,2022,3418.8,3574468,8,19,0.422222,1
Acridotheres tristis,Sarawak,2022,2453.7,3939113,8,19,1.0,1
Corvus splendens,Sarawak,2022,2453.7,3939113,8,0,0.0,0
Macaca fascicularis,Sarawak,2022,2453.7,3939113,8,0,0.0,0
Malayopython reticulatus,Sarawak,2022,2453.7,3939113,8,0,0.0,0
Naja sumatrana,Sarawak,2022,2453.7,3939113,8,0,0.0,0
Sus scrofa,Sarawak,2022,2453.7,3939113,8,0,0.0,0
Varanus salvator,Sarawak,2022,2453.7,3939113,8,0,0.0,0
Acridotheres tristis,Selangor,2022,6994.4,250250,8,16,0.222222,1
Corvus splendens,Selangor,2022,6994.4,250250,8,47,0.652778,1
Macaca fascicularis,Selangor,2022,6994.4,250250,8,5,0.069444,1
Malayopython reticulatus,Selangor,2022,6994.4,250250,8,1,0.013889,1
Naja sumatrana,Selangor,2022,6994.4,250250,8,0,0.0,0
Sus scrofa,Selangor,2022,6994.4,250250,8,0,0.0,0
Varanus salvator,Selangor,2022,6994.4,250250,8,3,0.041667,1
Acridotheres tristis,Terengganu,2022,1149.4,540309,8,3,1.0,1
Corvus splendens,Terengganu,2022,1149.4,540309,8,0,0.0,0
Macaca fascicularis,Terengganu,2022,1149.4,540309,8,0,0.0,0
Malayopython reticulatus,Terengganu,2022,1149.4,540309,8,0,0.0,0
Naja sumatrana,Terengganu,2022,1149.4,540309,8,0,0.0,0
Sus scrofa,Terengganu,2022,1149.4,540309,8,0,0.0,0
Varanus salvator,Terengganu,2022,1149.4,540309,8,0,0.0,0
Acridotheres tristis,Johor,2022,4009.7,335003,9,17,0.548387,1
Corvus splendens,Johor,2022,4009.7,335003,9,13,0.419355,1
Macaca fascicularis,Johor,2022,4009.7,335003,9,1,0.032258,1
Malayopython reticulatus,Johor,2022,4009.7,335003,9,0,0.0,0
Naja sumatrana,Johor,2022,4009.7,335003,9,0,0.0,0
Sus scrofa,Johor,2022,4009.7,335003,9,0,0.0,0
Varanus salvator,Johor,2022,4009.7,335003,9,0,0.0,0
Acridotheres tristis,Kedah,2022,2131.4,344175,9,9,0.75,1
Corvus splendens,Kedah,2022,2131.4,344175,9,2,0.166667,1
Macaca fascicularis,Kedah,2022,2131.4,344175,9,0,0.0,0
Malayopython reticulatus,Kedah,2022,2131.4,344175,9,0,0.0,0
Naja sumatrana,Kedah,2022,2131.4,344175,9,0,0.0,0
Sus scrofa,Kedah,2022,2131.4,344175,9,0,0.0,0
Varanus salvator,Kedah,2022,2131.4,344175,9,1,0.083333,1
Acridotheres tristis,Kuala Lumpur,2022,1982.1,85,9,18,0.352941,1
Corvus splendens,Kuala Lumpur,2022,1982.1,85,9,29,0.568627,1
Macaca fascicularis,Kuala Lumpur,2022,1982.1,85,9,2,0.039216,1
Malayopython reticulatus,Kuala Lumpur,2022,1982.1,85,9,0,0.0,0
Naja sumatrana,Kuala Lumpur,2022,1982.1,85,9,0,0.0,0
Sus scrofa,Kuala Lumpur,2022,1982.1,85,9,0,0.0,0
Varanus salvator,Kuala Lumpur,2022,1982.1,85,9,2,0.039216,1
Acridotheres tristis,Labuan,2022,95.1,0,9,0,0.0,0
Corvus splendens,Labuan,2022,95.1,0,9,0,0.0,0
Macaca fascicularis,Labuan,2022,95.1,0,9,0,0.0,0
Malayopython reticulatus,Labuan,2022,95.1,0,9,0,0.0,0
Naja sumatrana,Labuan,2022,95.1,0,9,0,0.0,0
Sus scrofa,Labuan,2022,95.1,0,9,0,0.0,0
Varanus salvator,Labuan,2022,95.1,0,9,2,1.0,1
Acridotheres tristis,Melaka,2022,998.4,5199,9,12,0.666667,1
Corvus splendens,Melaka,2022,998.4,5199,9,6,0.333333,1
Macaca fascicularis,Melaka,2022,998.4,5199,9,0,0.0,0
Malayopython reticulatus,Melaka,2022,998.4,5199,9,0,0.0,0
Naja sumatrana,Melaka,2022,998.4,5199,9,0,0.0,0
Sus scrofa,Melaka,2022,998.4,5199,9,0,0.0,0
Varanus salvator,Melaka,2022,998.4,5199,9,0,0.0,0
Acridotheres tristis,Negeri Sembilan,2022,1200.0,155087,9,21,0.466667,1
Corvus splendens,Negeri Sembilan,2022,1200.0,155087,9,23,0.511111,1
Macaca fascicularis,Negeri Sembilan,2022,1200.0,155087,9,1,0.022222,1
Malayopython reticulatus,Negeri Sembilan,2022,1200.0,155087,9,0,0.0,0
Naja sumatrana,Negeri Sembilan,2022,1200.0,155087,9,0,0.0,0
Sus scrofa,Negeri Sembilan,2022,1200.0,155087,9,0,0.0,0
Varanus salvator,Negeri Sembilan,2022,1200.0,155087,9,0,0.0,0
Acridotheres tristis,Pahang,2022,1591.3,1589092,9,16,0.941176,1
Corvus splendens,Pahang,2022,1591.3,1589092,9,0,0.0,0
Macaca fascicularis,Pahang,2022,1591.3,1589092,9,1,0.058824,1
Malayopython reticulatus,Pahang,2022,1591.3,1589092,9,0,0.0,0
Naja sumatrana,Pahang,2022,1591.3,1589092,9,0,0.0,0
Sus scrofa,Pahang,2022,1591.3,1589092,9,0,0.0,0
Varanus salvator,Pahang,2022,1591.3,1589092,9,0,0.0,0
Acridotheres tristis,Perak,2022,2496.0,986021,9,10,0.769231,1
Corvus splendens,Perak,2022,2496.0,986021,9,2,0.153846,1
Macaca fascicularis,Perak,2022,2496.0,986021,9,0,0.0,0
Malayopython reticulatus,Perak,2022,2496.0,986021,9,0,0.0,0
Naja sumatrana,Perak,2022,2496.0,986021,9,0,0.0,0
Sus scrofa,Perak,2022,2496.0,986021,9,0,0.0,0
Varanus salvator,Perak,2022,2496.0,986021,9,1,0.076923,1
Acridotheres tristis,Pulau Pinang,2022,1740.4,6063,9,30,0.47619,1
Corvus splendens,Pulau Pinang,2022,1740.4,6063,9,31,0.492063,1
Macaca fascicularis,Pulau Pinang,2022,1740.4,6063,9,0,0.0,0
Malayopython reticulatus,Pulau Pinang,2022,1740.4,6063,9,1,0.015873,1
Naja sumatrana,Pulau Pinang,2022,1740.4,6063,9,0,0.0,0
Sus scrofa,Pulau Pinang,2022,1740.4,6063,9,0,0.0,0
Varanus salvator,Pulau Pinang,2022,1740.4,6063,9,1,0.015873,1
Acridotheres tristis,Putrajaya,2022,109.2,0,9,5,1.0,1
Corvus splendens,Putrajaya,2022,109.2,0,9,0,0.0,0
Macaca fascicularis,Putrajaya,2022,109.2,0,9,0,0.0,0
Malayopython reticulatus,Putrajaya,2022,109.2,0,9,0,0.0,0
Naja sumatrana,Putrajaya,2022,109.2,0,9,0,0.0,0
Sus scrofa,Putrajaya,2022,109.2,0,9,0,0.0,0
Varanus salvator,Putrajaya,2022,109.2,0,9,0,0.0,0
Acridotheres tristis,Sabah,2022,3418.8,3574468,9,0,0.0,0
Corvus splendens,Sabah,2022,3418.8,3574468,9,38,0.59375,1
Macaca fascicularis,Sabah,2022,3418.8,3574468,9,17,0.265625,1
Malayopython reticulatus,Sabah,2022,3418.8,3574468,9,1,0.015625,1
Naja sumatrana,Sabah,2022,3418.8,3574468,9,0,0.0,0
Sus scrofa,Sabah,2022,3418.8,3574468,9,0,0.0,0
Varanus salvator,Sabah,2022,3418.8,3574468,9,8,0.125,1
Acridotheres tristis,Sarawak,2022,2453.7,3939113,9,13,0.764706,1
Corvus splendens,Sarawak,2022,2453.7,3939113,9,0,0.0,0
Macaca fascicularis,Sarawak,2022,2453.7,3939113,9,3,0.176471,1
Malayopython reticulatus,Sarawak,2022,2453.7,3939113,9,0,0.0,0
Naja sumatrana,Sarawak,2022,2453.7,3939113,9,1,0.058824,1
Sus scrofa,Sarawak,2022,2453.7,3939113,9,0,0.0,0
Varanus salvator,Sarawak,2022,2453.7,3939113,9,0,0.0,0
Acridotheres tristis,Selangor,2022,6994.4,250250,9,15,0.153061,1
Corvus splendens,Selangor,2022,6994.4,250250,9,79,0.806122,1
Macaca fascicularis,Selangor,2022,6994.4,250250,9,2,0.020408,1
Malayopython reticulatus,Selangor,2022,6994.4,250250,9,0,0.0,0
Naja sumatrana,Selangor,2022,6994.4,250250,9,0,0.0,0
Sus scrofa,Selangor,2022,6994.4,250250,9,0,0.0,0
Varanus salvator,Selangor,2022,6994.4,250250,9,2,0.020408,1
Acridotheres tristis,Johor,2022,4009.7,335003,10,12,0.272727,1
Corvus splendens,Johor,2022,4009.7,335003,10,29,0.659091,1
Macaca fascicularis,Johor,2022,4009.7,335003,10,1,0.022727,1
Malayopython reticulatus,Johor,2022,4009.7,335003,10,1,0.022727,1
Naja sumatrana,Johor,2022,4009.7,335003,10,1,0.022727,1
Sus scrofa,Johor,2022,4009.7,335003,10,0,0.0,0
Varanus salvator,Johor,2022,4009.7,335003,10,0,0.0,0
Acridotheres tristis,Kedah,2022,2131.4,344175,10,5,0.384615,1
Corvus splendens,Kedah,2022,2131.4,344175,10,4,0.307692,1
Macaca fascicularis,Kedah,2022,2131.4,344175,10,4,0.307692,1
Malayopython reticulatus,Kedah,2022,2131.4,344175,10,0,0.0,0
Naja sumatrana,Kedah,2022,2131.4,344175,10,0,0.0,0
Sus scrofa,Kedah,2022,2131.4,344175,10,0,0.0,0
Varanus salvator,Kedah,2022,2131.4,344175,10,0,0.0,0
Acridotheres tristis,Kuala Lumpur,2022,1982.1,85,10,16,0.457143,1
Corvus splendens,Kuala Lumpur,2022,1982.1,85,10,17,0.485714,1
Macaca fascicularis,Kuala Lumpur,2022,1982.1,85,10,1,0.028571,1
Malayopython reticulatus,Kuala Lumpur,2022,1982.1,85,10,0,0.0,0
Naja sumatrana,Kuala Lumpur,2022,1982.1,85,10,0,0.0,0
Sus scrofa,Kuala Lumpur,2022,1982.1,85,10,0,0.0,0
Varanus salvator,Kuala Lumpur,2022,1982.1,85,10,1,0.028571,1
Acridotheres tristis,Melaka,2022,998.4,5199,10,2,0.25,1
Corvus splendens,Melaka,2022,998.4,5199,10,6,0.75,1
Macaca fascicularis,Melaka,2022,998.4,5199,10,0,0.0,0
Malayopython reticulatus,Melaka,2022,998.4,5199,10,0,0.0,0
Naja sumatrana,Melaka,2022,998.4,5199,10,0,0.0,0
Sus scrofa,Melaka,2022,998.4,5199,10,0,0.0,0
Varanus salvator,Melaka,2022,998.4,5199,10,0,0.0,0
Acridotheres tristis,Negeri Sembilan,2022,1200.0,155087,10,9,0.473684,1
Corvus splendens,Negeri Sembilan,2022,1200.0,155087,10,10,0.526316,1
Macaca fascicularis,Negeri Sembilan,2022,1200.0,155087,10,0,0.0,0
Malayopython reticulatus,Negeri Sembilan,2022,1200.0,155087,10,0,0.0,0
Naja sumatrana,Negeri Sembilan,2022,1200.0,155087,10,0,0.0,0
Sus scrofa,Negeri Sembilan,2022,1200.0,155087,10,0,0.0,0
Varanus salvator,Negeri Sembilan,2022,1200.0,155087,10,0,0.0,0
Acridotheres tristis,Pahang,2022,1591.3,1589092,10,9,0.9,1
Corvus splendens,Pahang,2022,1591.3,1589092,10,1,0.1,1
Macaca fascicularis,Pahang,2022,1591.3,1589092,10,0,0.0,0
Malayopython reticulatus,Pahang,2022,1591.3,1589092,10,0,0.0,0
Naja sumatrana,Pahang,2022,1591.3,1589092,10,0,0.0,0
Sus scrofa,Pahang,2022,1591.3,1589092,10,0,0.0,0
Varanus salvator,Pahang,2022,1591.3,1589092,10,0,0.0,0
Acridotheres tristis,Perak,2022,2496.0,986021,10,37,0.880952,1
Corvus splendens,Perak,2022,2496.0,986021,10,5,0.119048,1
Macaca fascicularis,Perak,2022,2496.0,986021,10,0,0.0,0
Malayopython reticulatus,Perak,2022,2496.0,986021,10,0,0.0,0
Naja sumatrana,Perak,2022,2496.0,986021,10,0,0.0,0
Sus scrofa,Perak,2022,2496.0,986021,10,0,0.0,0
Varanus salvator,Perak,2022,2496.0,986021,10,0,0.0,0
Acridotheres tristis,Perlis,2022,284.9,10854,10,1,1.0,1
Corvus splendens,Perlis,2022,284.9,10854,10,0,0.0,0
Macaca fascicularis,Perlis,2022,284.9,10854,10,0,0.0,0
Malayopython reticulatus,Perlis,2022,284.9,10854,10,0,0.0,0
Naja sumatrana,Perlis,2022,284.9,10854,10,0,0.0,0
Sus scrofa,Perlis,2022,284.9,10854,10,0,0.0,0
Varanus salvator,Perlis,2022,284.9,10854,10,0,0.0,0
Acridotheres tristis,Pulau Pinang,2022,1740.4,6063,10,31,0.369048,1
Corvus splendens,Pulau Pinang,2022,1740.4,6063,10,50,0.595238,1
Macaca fascicularis,Pulau Pinang,2022,1740.4,6063,10,0,0.0,0
Malayopython reticulatus,Pulau Pinang,2022,1740.4,6063,10,1,0.011905,1
Naja sumatrana,Pulau Pinang,2022,1740.4,6063,10,0,0.0,0
Sus scrofa,Pulau Pinang,2022,1740.4,6063,10,0,0.0,0
Varanus salvator,Pulau Pinang,2022,1740.4,6063,10,2,0.02381,1
Acridotheres tristis,Putrajaya,2022,109.2,0,10,0,0.0,0
Corvus splendens,Putrajaya,2022,109.2,0,10,3,1.0,1
Macaca fascicularis,Putrajaya,2022,109.2,0,10,0,0.0,0
Malayopython reticulatus,Putrajaya,2022,109.2,0,10,0,0.0,0
Naja sumatrana,Putrajaya,2022,109.2,0,10,0,0.0,0
Sus scrofa,Putrajaya,2022,109.2,0,10,0,0.0,0
Varanus salvator,Putrajaya,2022,109.2,0,10,0,0.0,0
Acridotheres tristis,Sabah,2022,3418.8,3574468,10,1,0.025641,1
Corvus splendens,Sabah,2022,3418.8,3574468,10,25,0.641026,1
Macaca fascicularis,Sabah,2022,3418.8,3574468,10,6,0.153846,1
Malayopython reticulatus,Sabah,2022,3418.8,3574468,10,0,0.0,0
Naja sumatrana,Sabah,2022,3418.8,3574468,10,1,0.025641,1
Sus scrofa,Sabah,2022,3418.8,3574468,10,0,0.0,0
Varanus salvator,Sabah,2022,3418.8,3574468,10,6,0.153846,1
Acridotheres tristis,Sarawak,2022,2453.7,3939113,10,9,1.0,1
Corvus splendens,Sarawak,2022,2453.7,3939113,10,0,0.0,0
Macaca fascicularis,Sarawak,2022,2453.7,3939113,10,0,0.0,0
Malayopython reticulatus,Sarawak,2022,2453.7,3939113,10,0,0.0,0
Naja sumatrana,Sarawak,2022,2453.7,3939113,10,0,0.0,0
Sus scrofa,Sarawak,2022,2453.7,3939113,10,0,0.0,0
Varanus salvator,Sarawak,2022,2453.7,3939113,10,0,0.0,0
Acridotheres tristis,Selangor,2022,6994.4,250250,10,46,0.317241,1
Corvus splendens,Selangor,2022,6994.4,250250,10,84,0.57931,1
Macaca fascicularis,Selangor,2022,6994.4,250250,10,11,0.075862,1
Malayopython reticulatus,Selangor,2022,6994.4,250250,10,0,0.0,0
Naja sumatrana,Selangor,2022,6994.4,250250,10,0,0.0,0
Sus scrofa,Selangor,2022,6994.4,250250,10,0,0.0,0
Varanus salvator,Selangor,2022,6994.4,250250,10,4,0.027586,1
Acridotheres tristis,Terengganu,2022,1149.4,540309,10,1,1.0,1
Corvus splendens,Terengganu,2022,1149.4,540309,10,0,0.0,0
Macaca fascicularis,Terengganu,2022,1149.4,540309,10,0,0.0,0
Malayopython reticulatus,Terengganu,2022,1149.4,540309,10,0,0.0,0
Naja sumatrana,Terengganu,2022,1149.4,540309,10,0,0.0,0
Sus scrofa,Terengganu,2022,1149.4,540309,10,0,0.0,0
Varanus salvator,Terengganu,2022,1149.4,540309,10,0,0.0,0
Acridotheres tristis,Johor,2022,4009.7,335003,11,21,0.304348,1
Corvus splendens,Johor,2022,4009.7,335003,11,45,0.652174,1
Macaca fascicularis,Johor,2022,4009.7,335003,11,1,0.014493,1
Malayopython reticulatus,Johor,2022,4009.7,335003,11,0,0.0,0
Naja sumatrana,Johor,2022,4009.7,335003,11,0,0.0,0
Sus scrofa,Johor,2022,4009.7,335003,11,0,0.0,0
Varanus salvator,Johor,2022,4009.7,335003,11,2,0.028986,1
Acridotheres tristis,Kedah,2022,2131.4,344175,11,4,0.363636,1
Corvus splendens,Kedah,2022,2131.4,344175,11,3,0.272727,1
Macaca fascicularis,Kedah,2022,2131.4,344175,11,3,0.272727,1
Malayopython reticulatus,Kedah,2022,2131.4,344175,11,1,0.090909,1
Naja sumatrana,Kedah,2022,2131.4,344175,11,0,0.0,0
Sus scrofa,Kedah,2022,2131.4,344175,11,0,0.0,0
Varanus salvator,Kedah,2022,2131.4,344175,11,0,0.0,0
Acridotheres tristis,Kuala Lumpur,2022,1982.1,85,11,10,0.37037,1
Corvus splendens,Kuala Lumpur,2022,1982.1,85,11,15,0.555556,1
Macaca fascicularis,Kuala Lumpur,2022,1982.1,85,11,1,0.037037,1
Malayopython reticulatus,Kuala Lumpur,2022,1982.1,85,11,0,0.0,0
Naja sumatrana,Kuala Lumpur,2022,1982.1,85,11,0,0.0,0
Sus scrofa,Kuala Lumpur,2022,1982.1,85,11,0,0.0,0
Varanus salvator,Kuala Lumpur,2022,1982.1,85,11,1,0.037037,1
Acridotheres tristis,Melaka,2022,998.4,5199,11,8,0.727273,1
Corvus splendens,Melaka,2022,998.4,5199,11,3,0.272727,1
Macaca fascicularis,Melaka,2022,998.4,5199,11,0,0.0,0
Malayopython reticulatus,Melaka,2022,998.4,5199,11,0,0.0,0
Naja sumatrana,Melaka,2022,998.4,5199,11,0,0.0,0
Sus scrofa,Melaka,2022,998.4,5199,11,0,0.0,0
Varanus salvator,Melaka,2022,998.4,5199,11,0,0.0,0
Acridotheres tristis,Negeri Sembilan,2022,1200.0,155087,11,32,0.444444,1
Corvus splendens,Negeri Sembilan,2022,1200.0,155087,11,40,0.555556,1
Macaca fascicularis,Negeri Sembilan,2022,1200.0,155087,11,0,0.0,0
Malayopython reticulatus,Negeri Sembilan,2022,1200.0,155087,11,0,0.0,0
Naja sumatrana,Negeri Sembilan,2022,1200.0,155087,11,0,0.0,0
Sus scrofa,Negeri Sembilan,2022,1200.0,155087,11,0,0.0,0
Varanus salvator,Negeri Sembilan,2022,1200.0,155087,11,0,0.0,0
Acridotheres tristis,Pahang,2022,1591.3,1589092,11,10,0.909091,1
Corvus splendens,Pahang,2022,1591.3,1589092,11,0,0.0,0
Macaca fascicularis,Pahang,2022,1591.3,1589092,11,0,0.0,0
Malayopython reticulatus,Pahang,2022,1591.3,1589092,11,0,0.0,0
Naja sumatrana,Pahang,2022,1591.3,1589092,11,0,0.0,0
Sus scrofa,Pahang,2022,1591.3,1589092,11,0,0.0,0
Varanus salvator,Pahang,2022,1591.3,1589092,11,1,0.090909,1
Acridotheres tristis,Perak,2022,2496.0,986021,11,6,0.666667,1
Corvus splendens,Perak,2022,2496.0,986021,11,1,0.111111,1
Macaca fascicularis,Perak,2022,2496.0,986021,11,0,0.0,0
Malayopython reticulatus,Perak,2022,2496.0,986021,11,0,0.0,0
Naja sumatrana,Perak,2022,2496.0,986021,11,0,0.0,0
Sus scrofa,Perak,2022,2496.0,986021,11,0,0.0,0
Varanus salvator,Perak,2022,2496.0,986021,11,2,0.222222,1
Acridotheres tristis,Pulau Pinang,2022,1740.4,6063,11,26,0.412698,1
Corvus splendens,Pulau Pinang,2022,1740.4,6063,11,26,0.412698,1
Macaca fascicularis,Pulau Pinang,2022,1740.4,6063,11,4,0.063492,1
Malayopython reticulatus,Pulau Pinang,2022,1740.4,6063,11,0,0.0,0
Naja sumatrana,Pulau Pinang,2022,1740.4,6063,11,0,0.0,0
Sus scrofa,Pulau Pinang,2022,1740.4,6063,11,0,0.0,0
Varanus salvator,Pulau Pinang,2022,1740.4,6063,11,7,0.111111,1
Acridotheres tristis,Putrajaya,2022,109.2,0,11,8,0.5,1
Corvus splendens,Putrajaya,2022,109.2,0,11,8,0.5,1
Macaca fascicularis,Putrajaya,2022,109.2,0,11,0,0.0,0
Malayopython reticulatus,Putrajaya,2022,109.2,0,11,0,0.0,0
Naja sumatrana,Putrajaya,2022,109.2,0,11,0,0.0,0
Sus scrofa,Putrajaya,2022,109.2,0,11,0,0.0,0
Varanus salvator,Putrajaya,2022,109.2,0,11,0,0.0,0
Acridotheres tristis,Sabah,2022,3418.8,3574468,11,0,0.0,0
Corvus splendens,Sabah,2022,3418.8,3574468,11,7,0.7,1
Macaca fascicularis,Sabah,2022,3418.8,3574468,11,1,0.1,1
Malayopython reticulatus,Sabah,2022,3418.8,3574468,11,0,0.0,0
Naja sumatrana,Sabah,2022,3418.8,3574468,11,1,0.1,1
Sus scrofa,Sabah,2022,3418.8,3574468,11,0,0.0,0
Varanus salvator,Sabah,2022,3418.8,3574468,11,1,0.1,1
Acridotheres tristis,Sarawak,2022,2453.7,3939113,11,1,0.25,1
Corvus splendens,Sarawak,2022,2453.7,3939113,11,0,0.0,0
Macaca fascicularis,Sarawak,2022,2453.7,3939113,11,2,0.5,1
Malayopython reticulatus,Sarawak,2022,2453.7,3939113,11,0,0.0,0
Naja sumatrana,Sarawak,2022,2453.7,3939113,11,0,0.0,0
Sus scrofa,Sarawak,2022,2453.7,3939113,11,0,0.0,0
Varanus salvator,Sarawak,2022,2453.7,3939113,11,1,0.25,1
Acridotheres tristis,Selangor,2022,6994.4,250250,11,42,0.234637,1
Corvus splendens,Selangor,2022,6994.4,250250,11,130,0.726257,1
Macaca fascicularis,Selangor,2022,6994.4,250250,11,4,0.022346,1
Malayopython reticulatus,Selangor,2022,6994.4,250250,11,1,0.005587,1
Naja sumatrana,Selangor,2022,6994.4,250250,11,0,0.0,0
Sus scrofa,Selangor,2022,6994.4,250250,11,0,0.0,0
Varanus salvator,Selangor,2022,6994.4,250250,11,2,0.011173,1
Acridotheres tristis,Terengganu,2022,1149.4,540309,11,1,1.0,1
Corvus splendens,Terengganu,2022,1149.4,540309,11,0,0.0,0
Macaca fascicularis,Terengganu,2022,1149.4,540309,11,0,0.0,0
Malayopython reticulatus,Terengganu,2022,1149.4,540309,11,0,0.0,0
Naja sumatrana,Terengganu,2022,1149.4,540309,11,0,0.0,0
Sus scrofa,Terengganu,2022,1149.4,540309,11,0,0.0,0
Varanus salvator,Terengganu,2022,1149.4,540309,11,0,0.0,0
Acridotheres tristis,Johor,2022,4009.7,335003,12,34,0.382022,1
Corvus splendens,Johor,2022,4009.7,335003,12,52,0.58427,1
Macaca fascicularis,Johor,2022,4009.7,335003,12,0,0.0,0
Malayopython reticulatus,Johor,2022,4009.7,335003,12,0,0.0,0
Naja sumatrana,Johor,2022,4009.7,335003,12,1,0.011236,1
Sus scrofa,Johor,2022,4009.7,335003,12,1,0.011236,1
Varanus salvator,Johor,2022,4009.7,335003,12,1,0.011236,1
Acridotheres tristis,Kedah,2022,2131.4,344175,12,11,0.6875,1
Corvus splendens,Kedah,2022,2131.4,344175,12,4,0.25,1
Macaca fascicularis,Kedah,2022,2131.4,344175,12,0,0.0,0
Malayopython reticulatus,Kedah,2022,2131.4,344175,12,0,0.0,0
Naja sumatrana,Kedah,2022,2131.4,344175,12,0,0.0,0
Sus scrofa,Kedah,2022,2131.4,344175,12,1,0.0625,1
Varanus salvator,Kedah,2022,2131.4,344175,12,0,0.0,0
Acridotheres tristis,Kuala Lumpur,2022,1982.1,85,12,23,0.45098,1
Corvus splendens,Kuala Lumpur,2022,1982.1,85,12,23,0.45098,1
Macaca fascicularis,Kuala Lumpur,2022,1982.1,85,12,2,0.039216,1
Malayopython reticulatus,Kuala Lumpur,2022,1982.1,85,12,1,0.019608,1
Naja sumatrana,Kuala Lumpur,2022,1982.1,85,12,0,0.0,0
Sus scrofa,Kuala Lumpur,2022,1982.1,85,12,0,0.0,0
Varanus salvator,Kuala Lumpur,2022,1982.1,85,12,2,0.039216,1
Acridotheres tristis,Melaka,2022,998.4,5199,12,3,0.333333,1
Corvus splendens,Melaka,2022,998.4,5199,12,5,0.555556,1
Macaca fascicularis,Melaka,2022,998.4,5199,12,0,0.0,0
Malayopython reticulatus,Melaka,2022,998.4,5199,12,0,0.0,0
Naja sumatrana,Melaka,2022,998.4,5199,12,0,0.0,0
Sus scrofa,Melaka,2022,998.4,5199,12,0,0.0,0
Varanus salvator,Melaka,2022,998.4,5199,12,1,0.111111,1
Acridotheres tristis,Negeri Sembilan,2022,1200.0,155087,12,31,0.476923,1
Corvus splendens,Negeri Sembilan,2022,1200.0,155087,12,32,0.492308,1
Macaca fascicularis,Negeri Sembilan,2022,1200.0,155087,12,0,0.0,0
Malayopython reticulatus,Negeri Sembilan,2022,1200.0,155087,12,0,0.0,0
Naja sumatrana,Negeri Sembilan,2022,1200.0,155087,12,0,0.0,0
Sus scrofa,Negeri Sembilan,2022,1200.0,155087,12,0,0.0,0
Varanus salvator,Negeri Sembilan,2022,1200.0,155087,12,2,0.030769,1
Acridotheres tristis,Pahang,2022,1591.3,1589092,12,4,1.0,1
Corvus splendens,Pahang,2022,1591.3,1589092,12,0,0.0,0
Macaca fascicularis,Pahang,2022,1591.3,1589092,12,0,0.0,0
Malayopython reticulatus,Pahang,2022,1591.3,1589092,12,0,0.0,0
Naja sumatrana,Pahang,2022,1591.3,1589092,12,0,0.0,0
Sus scrofa,Pahang,2022,1591.3,1589092,12,0,0.0,0
Varanus salvator,Pahang,2022,1591.3,1589092,12,0,0.0,0
Acridotheres tristis,Perak,2022,2496.0,986021,12,20,0.833333,1
Corvus splendens,Perak,2022,2496.0,986021,12,3,0.125,1
Macaca fascicularis,Perak,2022,2496.0,986021,12,0,0.0,0
Malayopython reticulatus,Perak,2022,2496.0,986021,12,0,0.0,0
Naja sumatrana,Perak,2022,2496.0,986021,12,0,0.0,0
Sus scrofa,Perak,2022,2496.0,986021,12,0,0.0,0
Varanus salvator,Perak,2022,2496.0,986021,12,1,0.041667,1
Acridotheres tristis,Perlis,2022,284.9,10854,12,4,1.0,1
Corvus splendens,Perlis,2022,284.9,10854,12,0,0.0,0
Macaca fascicularis,Perlis,2022,284.9,10854,12,0,0.0,0
Malayopython reticulatus,Perlis,2022,284.9,10854,12,0,0.0,0
Naja sumatrana,Perlis,2022,284.9,10854,12,0,0.0,0
Sus scrofa,Perlis,2022,284.9,10854,12,0,0.0,0
Varanus salvator,Perlis,2022,284.9,10854,12,0,0.0,0
Acridotheres tristis,Pulau Pinang,2022,1740.4,6063,12,38,0.342342,1
Corvus splendens,Pulau Pinang,2022,1740.4,6063,12,56,0.504505,1
Macaca fascicularis,Pulau Pinang,2022,1740.4,6063,12,3,0.027027,1
Malayopython reticulatus,Pulau Pinang,2022,1740.4,6063,12,0,0.0,0
Naja sumatrana,Pulau Pinang,2022,1740.4,6063,12,0,0.0,0
Sus scrofa,Pulau Pinang,2022,1740.4,6063,12,0,0.0,0
Varanus salvator,Pulau Pinang,2022,1740.4,6063,12,14,0.126126,1
Acridotheres tristis,Putrajaya,2022,109.2,0,12,1,0.5,1
Corvus splendens,Putrajaya,2022,109.2,0,12,1,0.5,1
Macaca fascicularis,Putrajaya,2022,109.2,0,12,0,0.0,0
Malayopython reticulatus,Putrajaya,2022,109.2,0,12,0,0.0,0
Naja sumatrana,Putrajaya,2022,109.2,0,12,0,0.0,0
Sus scrofa,Putrajaya,2022,109.2,0,12,0,0.0,0
Varanus salvator,Putrajaya,2022,109.2,0,12,0,0.0,0
Acridotheres tristis,Sabah,2022,3418.8,3574468,12,1,0.071429,1
Corvus splendens,Sabah,2022,3418.8,3574468,12,10,0.714286,1
Macaca fascicularis,Sabah,2022,3418.8,3574468,12,2,0.142857,1
Malayopython reticulatus,Sabah,2022,3418.8,3574468,12,0,0.0,0
Naja sumatrana,Sabah,2022,3418.8,3574468,12,0,0.0,0
Sus scrofa,Sabah,2022,3418.8,3574468,12,0,0.0,0
Varanus salvator,Sabah,2022,3418.8,3574468,12,1,0.071429,1
Acridotheres tristis,Sarawak,2022,2453.7,3939113,12,1,0.25,1
Corvus splendens,Sarawak,2022,2453.7,3939113,12,1,0.25,1
Macaca fascicularis,Sarawak,2022,2453.7,3939113,12,0,0.0,0
Malayopython reticulatus,Sarawak,2022,2453.7,3939113,12,0,0.0,0
Naja sumatrana,Sarawak,2022,2453.7,3939113,12,1,0.25,1
Sus scrofa,Sarawak,2022,2453.7,3939113,12,0,0.0,0
Varanus salvator,Sarawak,2022,2453.7,3939113,12,1,0.25,1
Acridotheres tristis,Selangor,2022,6994.4,250250,12,61,0.322751,1
Corvus splendens,Selangor,2022,6994.4,250250,12,120,0.634921,1
Macaca fascicularis,Selangor,2022,6994.4,250250,12,5,0.026455,1
Malayopython reticulatus,Selangor,2022,6994.4,250250,12,1,0.005291,1
Naja sumatrana,Selangor,2022,6994.4,250250,12,0,0.0,0
Sus scrofa,Selangor,2022,6994.4,250250,12,0,0.0,0
Varanus salvator,Selangor,2022,6994.4,250250,12,2,0.010582,1
Acridotheres tristis,Johor,2023,4009.7,335003,1,13,0.481481,1
Corvus splendens,Johor,2023,4009.7,335003,1,13,0.481481,1
Macaca fascicularis,Johor,2023,4009.7,335003,1,0,0.0,0
Malayopython reticulatus,Johor,2023,4009.7,335003,1,0,0.0,0
Naja sumatrana,Johor,2023,4009.7,335003,1,0,0.0,0
Sus scrofa,Johor,2023,4009.7,335003,1,0,0.0,0
Varanus salvator,Johor,2023,4009.7,335003,1,1,0.037037,1
Acridotheres tristis,Kedah,2023,2131.4,344175,1,45,0.671642,1
Corvus splendens,Kedah,2023,2131.4,344175,1,18,0.268657,1
Macaca fascicularis,Kedah,2023,2131.4,344175,1,4,0.059701,1
Malayopython reticulatus,Kedah,2023,2131.4,344175,1,0,0.0,0
Naja sumatrana,Kedah,2023,2131.4,344175,1,0,0.0,0
Sus scrofa,Kedah,2023,2131.4,344175,1,0,0.0,0
Varanus salvator,Kedah,2023,2131.4,344175,1,0,0.0,0
Acridotheres tristis,Kelantan,2023,1792.5,629881,1,2,1.0,1
Corvus splendens,Kelantan,2023,1792.5,629881,1,0,0.0,0
Macaca fascicularis,Kelantan,2023,1792.5,629881,1,0,0.0,0
Malayopython reticulatus,Kelantan,2023,1792.5,629881,1,0,0.0,0
Naja sumatrana,Kelantan,2023,1792.5,629881,1,0,0.0,0
Sus scrofa,Kelantan,2023,1792.5,629881,1,0,0.0,0
Varanus salvator,Kelantan,2023,1792.5,629881,1,0,0.0,0
Acridotheres tristis,Kuala Lumpur,2023,1982.1,85,1,36,0.439024,1
Corvus splendens,Kuala Lumpur,2023,1982.1,85,1,41,0.5,1
Macaca fascicularis,Kuala Lumpur,2023,1982.1,85,1,3,0.036585,1
Malayopython reticulatus,Kuala Lumpur,2023,1982.1,85,1,0,0.0,0
Naja sumatrana,Kuala Lumpur,2023,1982.1,85,1,0,0.0,0
Sus scrofa,Kuala Lumpur,2023,1982.1,85,1,0,0.0,0
Varanus salvator,Kuala Lumpur,2023,1982.1,85,1,2,0.02439,1
Acridotheres tristis,Melaka,2023,998.4,5199,1,6,0.428571,1
Corvus splendens,Melaka,2023,998.4,5199,1,8,0.571429,1
Macaca fascicularis,Melaka,2023,998.4,5199,1,0,0.0,0
Malayopython reticulatus,Melaka,2023,998.4,5199,1,0,0.0,0
Naja sumatrana,Melaka,2023,998.4,5199,1,0,0.0,0
Sus scrofa,Melaka,2023,998.4,5199,1,0,0.0,0
Varanus salvator,Melaka,2023,998.4,5199,1,0,0.0,0
Acridotheres tristis,Negeri Sembilan,2023,1200.0,155087,1,30,0.46875,1
Corvus splendens,Negeri Sembilan,2023,1200.0,155087,1,34,0.53125,1
Macaca fascicularis,Negeri Sembilan,2023,1200.0,155087,1,0,0.0,0
Malayopython reticulatus,Negeri Sembilan,2023,1200.0,155087,1,0,0.0,0
Naja sumatrana,Negeri Sembilan,2023,1200.0,155087,1,0,0.0,0
Sus scrofa,Negeri Sembilan,2023,1200.0,155087,1,0,0.0,0
Varanus salvator,Negeri Sembilan,2023,1200.0,155087,1,0,0.0,0
Acridotheres tristis,Pahang,2023,1591.3,1589092,1,18,0.818182,1
Corvus splendens,Pahang,2023,1591.3,1589092,1,2,0.090909,1
Macaca fascicularis,Pahang,2023,1591.3,1589092,1,2,0.090909,1
Malayopython reticulatus,Pahang,2023,1591.3,1589092,1,0,0.0,0
Naja sumatrana,Pahang,2023,1591.3,1589092,1,0,0.0,0
Sus scrofa,Pahang,2023,1591.3,1589092,1,0,0.0,0
Varanus salvator,Pahang,2023,1591.3,1589092,1,0,0.0,0
Acridotheres tristis,Perak,2023,2496.0,986021,1,24,0.685714,1
Corvus splendens,Perak,2023,2496.0,986021,1,7,0.2,1
Macaca fascicularis,Perak,2023,2496.0,986021,1,1,0.028571,1
Malayopython reticulatus,Perak,2023,2496.0,986021,1,0,0.0,0
Naja sumatrana,Perak,2023,2496.0,986021,1,1,0.028571,1
Sus scrofa,Perak,2023,2496.0,986021,1,0,0.0,0
Varanus salvator,Perak,2023,2496.0,986021,1,2,0.057143,1
Acridotheres tristis,Perlis,2023,284.9,10854,1,14,1.0,1
Corvus splendens,Perlis,2023,284.9,10854,1,0,0.0,0
Macaca fascicularis,Perlis,2023,284.9,10854,1,0,0.0,0
Malayopython reticulatus,Perlis,2023,284.9,10854,1,0,0.0,0
Naja sumatrana,Perlis,2023,284.9,10854,1,0,0.0,0
Sus scrofa,Perlis,2023,284.9,10854,1,0,0.0,0
Varanus salvator,Perlis,2023,284.9,10854,1,0,0.0,0
Acridotheres tristis,Pulau Pinang,2023,1740.4,6063,1,67,0.39645,1
Corvus splendens,Pulau Pinang,2023,1740.4,6063,1,88,0.52071,1
Macaca fascicularis,Pulau Pinang,2023,1740.4,6063,1,0,0.0,0
Malayopython reticulatus,Pulau Pinang,2023,1740.4,6063,1,0,0.0,0
Naja sumatrana,Pulau Pinang,2023,1740.4,6063,1,0,0.0,0
Sus scrofa,Pulau Pinang,2023,1740.4,6063,1,0,0.0,0
Varanus salvator,Pulau Pinang,2023,1740.4,6063,1,14,0.08284,1
Acridotheres tristis,Putrajaya,2023,109.2,0,1,1,0.25,1
Corvus splendens,Putrajaya,2023,109.2,0,1,3,0.75,1
Macaca fascicularis,Putrajaya,2023,109.2,0,1,0,0.0,0
Malayopython reticulatus,Putrajaya,2023,109.2,0,1,0,0.0,0
Naja sumatrana,Putrajaya,2023,109.2,0,1,0,0.0,0
Sus scrofa,Putrajaya,2023,109.2,0,1,0,0.0,0
Varanus salvator,Putrajaya,2023,109.2,0,1,0,0.0,0
Acridotheres tristis,Sabah,2023,3418.8,3574468,1,1,0.033333,1
Corvus splendens,Sabah,2023,3418.8,3574468,1,6,0.2,1
Macaca fascicularis,Sabah,2023,3418.8,3574468,1,15,0.5,1
Malayopython reticulatus,Sabah,2023,3418.8,3574468,1,0,0.0,0
Naja sumatrana,Sabah,2023,3418.8,3574468,1,0,0.0,0
Sus scrofa,Sabah,2023,3418.8,3574468,1,0,0.0,0
Varanus salvator,Sabah,2023,3418.8,3574468,1,8,0.266667,1
Acridotheres tristis,Sarawak,2023,2453.7,3939113,1,4,1.0,1
Corvus splendens,Sarawak,2023,2453.7,3939113,1,0,0.0,0
Macaca fascicularis,Sarawak,2023,2453.7,3939113,1,0,0.0,0
Malayopython reticulatus,Sarawak,2023,2453.7,3939113,1,0,0.0,0
Naja sumatrana,Sarawak,2023,2453.7,3939113,1,0,0.0,0
Sus scrofa,Sarawak,2023,2453.7,3939113,1,0,0.0,0
Varanus salvator,Sarawak,2023,2453.7,3939113,1,0,0.0,0
Acridotheres tristis,Selangor,2023,6994.4,250250,1,48,0.307692,1
Corvus splendens,Selangor,2023,6994.4,250250,1,97,0.621795,1
Macaca fascicularis,Selangor,2023,6994.4,250250,1,10,0.064103,1
Malayopython reticulatus,Selangor,2023,6994.4,250250,1,0,0.0,0
Naja sumatrana,Selangor,2023,6994.4,250250,1,0,0.0,0
Sus scrofa,Selangor,2023,6994.4,250250,1,0,0.0,0
Varanus salvator,Selangor,2023,6994.4,250250,1,1,0.00641,1
Acridotheres tristis,Terengganu,2023,1149.4,540309,1,5,1.0,1
Corvus splendens,Terengganu,2023,1149.4,540309,1,0,0.0,0
Macaca fascicularis,Terengganu,2023,1149.4,540309,1,0,0.0,0
Malayopython reticulatus,Terengganu,2023,1149.4,540309,1,0,0.0,0
Naja sumatrana,Terengganu,2023,1149.4,540309,1,0,0.0,0
Sus scrofa,Terengganu,2023,1149.4,540309,1,0,0.0,0
Varanus salvator,Terengganu,2023,1149.4,540309,1,0,0.0,0
Acridotheres tristis,Johor,2023,4009.7,335003,2,22,0.468085,1
Corvus splendens,Johor,2023,4009.7,335003,2,24,0.510638,1
Macaca fascicularis,Johor,2023,4009.7,335003,2,0,0.0,0
Malayopython reticulatus,Johor,2023,4009.7,335003,2,0,0.0,0
Naja sumatrana,Johor,2023,4009.7,335003,2,0,0.0,0
Sus scrofa,Johor,2023,4009.7,335003,2,0,0.0,0
Varanus salvator,Johor,2023,4009.7,335003,2,1,0.021277,1
Acridotheres tristis,Kedah,2023,2131.4,344175,2,80,0.740741,1
Corvus splendens,Kedah,2023,2131.4,344175,2,24,0.222222,1
Macaca fascicularis,Kedah,2023,2131.4,344175,2,4,0.037037,1
Malayopython reticulatus,Kedah,2023,2131.4,344175,2,0,0.0,0
Naja sumatrana,Kedah,2023,2131.4,344175,2,0,0.0,0
Sus scrofa,Kedah,2023,2131.4,344175,2,0,0.0,0
Varanus salvator,Kedah,2023,2131.4,344175,2,0,0.0,0
Acridotheres tristis,Kuala Lumpur,2023,1982.1,85,2,27,0.310345,1
Corvus splendens,Kuala Lumpur,2023,1982.1,85,2,56,0.643678,1
Macaca fascicularis,Kuala Lumpur,2023,1982.1,85,2,2,0.022989,1
Malayopython reticulatus,Kuala Lumpur,2023,1982.1,85,2,0,0.0,0
Naja sumatrana,Kuala Lumpur,2023,1982.1,85,2,0,0.0,0
Sus scrofa,Kuala Lumpur,2023,1982.1,85,2,0,0.0,0
Varanus salvator,Kuala Lumpur,2023,1982.1,85,2,2,0.022989,1
Acridotheres tristis,Melaka,2023,998.4,5199,2,3,0.25,1
Corvus splendens,Melaka,2023,998.4,5199,2,8,0.666667,1
Macaca fascicularis,Melaka,2023,998.4,5199,2,0,0.0,0
Malayopython reticulatus,Melaka,2023,998.4,5199,2,0,0.0,0
Naja sumatrana,Melaka,2023,998.4,5199,2,0,0.0,0
Sus scrofa,Melaka,2023,998.4,5199,2,0,0.0,0
Varanus salvator,Melaka,2023,998.4,5199,2,1,0.083333,1
Acridotheres tristis,Negeri Sembilan,2023,1200.0,155087,2,26,0.490566,1
Corvus splendens,Negeri Sembilan,2023,1200.0,155087,2,26,0.490566,1
Macaca fascicularis,Negeri Sembilan,2023,1200.0,155087,2,0,0.0,0
Malayopython reticulatus,Negeri Sembilan,2023,1200.0,155087,2,0,0.0,0
Naja sumatrana,Negeri Sembilan,2023,1200.0,155087,2,1,0.018868,1
Sus scrofa,Negeri Sembilan,2023,1200.0,155087,2,0,0.0,0
Varanus salvator,Negeri Sembilan,2023,1200.0,155087,2,0,0.0,0
Acridotheres tristis,Pahang,2023,1591.3,1589092,2,29,0.763158,1
Corvus splendens,Pahang,2023,1591.3,1589092,2,9,0.236842,1
Macaca fascicularis,Pahang,2023,1591.3,1589092,2,0,0.0,0
Malayopython reticulatus,Pahang,2023,1591.3,1589092,2,0,0.0,0
Naja sumatrana,Pahang,2023,1591.3,1589092,2,0,0.0,0
Sus scrofa,Pahang,2023,1591.3,1589092,2,0,0.0,0
Varanus salvator,Pahang,2023,1591.3,1589092,2,0,0.0,0
Acridotheres tristis,Perak,2023,2496.0,986021,2,4,0.571429,1
Corvus splendens,Perak,2023,2496.0,986021,2,0,0.0,0
Macaca fascicularis,Perak,2023,2496.0,986021,2,1,0.142857,1
Malayopython reticulatus,Perak,2023,2496.0,986021,2,0,0.0,0
Naja sumatrana,Perak,2023,2496.0,986021,2,0,0.0,0
Sus scrofa,Perak,2023,2496.0,986021,2,0,0.0,0
Varanus salvator,Perak,2023,2496.0,986021,2,2,0.285714,1
Acridotheres tristis,Perlis,2023,284.9,10854,2,11,1.0,1
Corvus splendens,Perlis,2023,284.9,10854,2,0,0.0,0
Macaca fascicularis,Perlis,2023,284.9,10854,2,0,0.0,0
Malayopython reticulatus,Perlis,2023,284.9,10854,2,0,0.0,0
Naja sumatrana,Perlis,2023,284.9,10854,2,0,0.0,0
Sus scrofa,Perlis,2023,284.9,10854,2,0,0.0,0
Varanus salvator,Perlis,2023,284.9,10854,2,0,0.0,0
Acridotheres tristis,Pulau Pinang,2023,1740.4,6063,2,31,0.336957,1
Corvus splendens,Pulau Pinang,2023,1740.4,6063,2,53,0.576087,1
Macaca fascicularis,Pulau Pinang,2023,1740.4,6063,2,5,0.054348,1
Malayopython reticulatus,Pulau Pinang,2023,1740.4,6063,2,0,0.0,0
Naja sumatrana,Pulau Pinang,2023,1740.4,6063,2,0,0.0,0
Sus scrofa,Pulau Pinang,2023,1740.4,6063,2,0,0.0,0
Varanus salvator,Pulau Pinang,2023,1740.4,6063,2,3,0.032609,1
Acridotheres tristis,Sabah,2023,3418.8,3574468,2,0,0.0,0
Corvus splendens,Sabah,2023,3418.8,3574468,2,6,0.375,1
Macaca fascicularis,Sabah,2023,3418.8,3574468,2,5,0.3125,1
Malayopython reticulatus,Sabah,2023,3418.8,3574468,2,2,0.125,1
Naja sumatrana,Sabah,2023,3418.8,3574468,2,0,0.0,0
Sus scrofa,Sabah,2023,3418.8,3574468,2,0,0.0,0
Varanus salvator,Sabah,2023,3418.8,3574468,2,3,0.1875,1
Acridotheres tristis,Sarawak,2023,2453.7,3939113,2,3,0.375,1
Corvus splendens,Sarawak,2023,2453.7,3939113,2,2,0.25,1
Macaca fascicularis,Sarawak,2023,2453.7,3939113,2,2,0.25,1
Malayopython reticulatus,Sarawak,2023,2453.7,3939113,2,0,0.0,0
Naja sumatrana,Sarawak,2023,2453.7,3939113,2,0,0.0,0
Sus scrofa,Sarawak,2023,2453.7,3939113,2,0,0.0,0
Varanus salvator,Sarawak,2023,2453.7,3939113,2,1,0.125,1
Acridotheres tristis,Selangor,2023,6994.4,250250,2,38,0.219653,1
Corvus splendens,Selangor,2023,6994.4,250250,2,130,0.751445,1
Macaca fascicularis,Selangor,2023,6994.4,250250,2,4,0.023121,1
Malayopython reticulatus,Selangor,2023,6994.4,250250,2,0,0.0,0
Naja sumatrana,Selangor,2023,6994.4,250250,2,0,0.0,0
Sus scrofa,Selangor,2023,6994.4,250250,2,0,0.0,0
Varanus salvator,Selangor,2023,6994.4,250250,2,1,0.00578,1
Acridotheres tristis,Johor,2023,4009.7,335003,3,18,0.375,1
Corvus splendens,Johor,2023,4009.7,335003,3,28,0.583333,1
Macaca fascicularis,Johor,2023,4009.7,335003,3,1,0.020833,1
Malayopython reticulatus,Johor,2023,4009.7,335003,3,0,0.0,0
Naja sumatrana,Johor,2023,4009.7,335003,3,0,0.0,0
Sus scrofa,Johor,2023,4009.7,335003,3,0,0.0,0
Varanus salvator,Johor,2023,4009.7,335003,3,1,0.020833,1
Acridotheres tristis,Kedah,2023,2131.4,344175,3,25,0.757576,1
Corvus splendens,Kedah,2023,2131.4,344175,3,7,0.212121,1
Macaca fascicularis,Kedah,2023,2131.4,344175,3,1,0.030303,1
Malayopython reticulatus,Kedah,2023,2131.4,344175,3,0,0.0,0
Naja sumatrana,Kedah,2023,2131.4,344175,3,0,0.0,0
Sus scrofa,Kedah,2023,2131.4,344175,3,0,0.0,0
Varanus salvator,Kedah,2023,2131.4,344175,3,0,0.0,0
Acridotheres tristis,Kuala Lumpur,2023,1982.1,85,3,27,0.415385,1
Corvus splendens,Kuala Lumpur,2023,1982.1,85,3,34,0.523077,1
Macaca fascicularis,Kuala Lumpur,2023,1982.1,85,3,3,0.046154,1
Malayopython reticulatus,Kuala Lumpur,2023,1982.1,85,3,0,0.0,0
Naja sumatrana,Kuala Lumpur,2023,1982.1,85,3,0,0.0,0
Sus scrofa,Kuala Lumpur,2023,1982.1,85,3,0,0.0,0
Varanus salvator,Kuala Lumpur,2023,1982.1,85,3,1,0.015385,1
Acridotheres tristis,Melaka,2023,998.4,5199,3,10,0.37037,1
Corvus splendens,Melaka,2023,998.4,5199,3,17,0.62963,1
Macaca fascicularis,Melaka,2023,998.4,5199,3,0,0.0,0
Malayopython reticulatus,Melaka,2023,998.4,5199,3,0,0.0,0
Naja sumatrana,Melaka,2023,998.4,5199,3,0,0.0,0
Sus scrofa,Melaka,2023,998.4,5199,3,0,0.0,0
Varanus salvator,Melaka,2023,998.4,5199,3,0,0.0,0
Acridotheres tristis,Negeri Sembilan,2023,1200.0,155087,3,27,0.509434,1
Corvus splendens,Negeri Sembilan,2023,1200.0,155087,3,24,0.45283,1
Macaca fascicularis,Negeri Sembilan,2023,1200.0,155087,3,1,0.018868,1
Malayopython reticulatus,Negeri Sembilan,2023,1200.0,155087,3,0,0.0,0
Naja sumatrana,Negeri Sembilan,2023,1200.0,155087,3,0,0.0,0
Sus scrofa,Negeri Sembilan,2023,1200.0,155087,3,0,0.0,0
Varanus salvator,Negeri Sembilan,2023,1200.0,155087,3,1,0.018868,1
Acridotheres tristis,Pahang,2023,1591.3,1589092,3,18,0.72,1
Corvus splendens,Pahang,2023,1591.3,1589092,3,5,0.2,1
Macaca fascicularis,Pahang,2023,1591.3,1589092,3,1,0.04,1
Malayopython reticulatus,Pahang,2023,1591.3,1589092,3,0,0.0,0
Naja sumatrana,Pahang,2023,1591.3,1589092,3,0,0.0,0
Sus scrofa,Pahang,2023,1591.3,1589092,3,1,0.04,1
Varanus salvator,Pahang,2023,1591.3,1589092,3,0,0.0,0
Acridotheres tristis,Perak,2023,2496.0,986021,3,17,0.85,1
Corvus splendens,Perak,2023,2496.0,986021,3,3,0.15,1
Macaca fascicularis,Perak,2023,2496.0,986021,3,0,0.0,0
Malayopython reticulatus,Perak,2023,2496.0,986021,3,0,0.0,0
Naja sumatrana,Perak,2023,2496.0,986021,3,0,0.0,0
Sus scrofa,Perak,2023,2496.0,986021,3,0,0.0,0
Varanus salvator,Perak,2023,2496.0,986021,3,0,0.0,0
Acridotheres tristis,Pulau Pinang,2023,1740.4,6063,3,44,0.396396,1
Corvus splendens,Pulau Pinang,2023,1740.4,6063,3,63,0.567568,1
Macaca fascicularis,Pulau Pinang,2023,1740.4,6063,3,4,0.036036,1
Malayopython reticulatus,Pulau Pinang,2023,1740.4,6063,3,0,0.0,0
Naja sumatrana,Pulau Pinang,2023,1740.4,6063,3,0,0.0,0
Sus scrofa,Pulau Pinang,2023,1740.4,6063,3,0,0.0,0
Varanus salvator,Pulau Pinang,2023,1740.4,6063,3,0,0.0,0
Acridotheres tristis,Putrajaya,2023,109.2,0,3,1,1.0,1
Corvus splendens,Putrajaya,2023,109.2,0,3,0,0.0,0
Macaca fascicularis,Putrajaya,2023,109.2,0,3,0,0.0,0
Malayopython reticulatus,Putrajaya,2023,109.2,0,3,0,0.0,0
Naja sumatrana,Putrajaya,2023,109.2,0,3,0,0.0,0
Sus scrofa,Putrajaya,2023,109.2,0,3,0,0.0,0
Varanus salvator,Putrajaya,2023,109.2,0,3,0,0.0,0
Acridotheres tristis,Sabah,2023,3418.8,3574468,3,5,0.063291,1
Corvus splendens,Sabah,2023,3418.8,3574468,3,16,0.202532,1
Macaca fascicularis,Sabah,2023,3418.8,3574468,3,34,0.43038,1
Malayopython reticulatus,Sabah,2023,3418.8,3574468,3,0,0.0,0
Naja sumatrana,Sabah,2023,3418.8,3574468,3,0,0.0,0
Sus scrofa,Sabah,2023,3418.8,3574468,3,0,0.0,0
Varanus salvator,Sabah,2023,3418.8,3574468,3,24,0.303797,1
Acridotheres tristis,Sarawak,2023,2453.7,3939113,3,13,0.65,1
Corvus splendens,Sarawak,2023,2453.7,3939113,3,1,0.05,1
Macaca fascicularis,Sarawak,2023,2453.7,3939113,3,4,0.2,1
Malayopython reticulatus,Sarawak,2023,2453.7,3939113,3,0,0.0,0
Naja sumatrana,Sarawak,2023,2453.7,3939113,3,1,0.05,1
Sus scrofa,Sarawak,2023,2453.7,3939113,3,0,0.0,0
Varanus salvator,Sarawak,2023,2453.7,3939113,3,1,0.05,1
Acridotheres tristis,Selangor,2023,6994.4,250250,3,44,0.210526,1
Corvus splendens,Selangor,2023,6994.4,250250,3,159,0.760766,1
Macaca fascicularis,Selangor,2023,6994.4,250250,3,5,0.023923,1
Malayopython reticulatus,Selangor,2023,6994.4,250250,3,0,0.0,0
Naja sumatrana,Selangor,2023,6994.4,250250,3,0,0.0,0
Sus scrofa,Selangor,2023,6994.4,250250,3,0,0.0,0
Varanus salvator,Selangor,2023,6994.4,250250,3,1,0.004785,1
Acridotheres tristis,Johor,2023,4009.7,335003,4,9,0.191489,1
Corvus splendens,Johor,2023,4009.7,335003,4,22,0.468085,1
Macaca fascicularis,Johor,2023,4009.7,335003,4,11,0.234043,1
Malayopython reticulatus,Johor,2023,4009.7,335003,4,0,0.0,0
Naja sumatrana,Johor,2023,4009.7,335003,4,0,0.0,0
Sus scrofa,Johor,2023,4009.7,335003,4,0,0.0,0
Varanus salvator,Johor,2023,4009.7,335003,4,5,0.106383,1
Acridotheres tristis,Kedah,2023,2131.4,344175,4,12,0.631579,1
Corvus splendens,Kedah,2023,2131.4,344175,4,5,0.263158,1
Macaca fascicularis,Kedah,2023,2131.4,344175,4,2,0.105263,1
Malayopython reticulatus,Kedah,2023,2131.4,344175,4,0,0.0,0
Naja sumatrana,Kedah,2023,2131.4,344175,4,0,0.0,0
Sus scrofa,Kedah,2023,2131.4,344175,4,0,0.0,0
Varanus salvator,Kedah,2023,2131.4,344175,4,0,0.0,0
Acridotheres tristis,Kelantan,2023,1792.5,629881,4,3,1.0,1
Corvus splendens,Kelantan,2023,1792.5,629881,4,0,0.0,0
Macaca fascicularis,Kelantan,2023,1792.5,629881,4,0,0.0,0
Malayopython reticulatus,Kelantan,2023,1792.5,629881,4,0,0.0,0
Naja sumatrana,Kelantan,2023,1792.5,629881,4,0,0.0,0
Sus scrofa,Kelantan,2023,1792.5,629881,4,0,0.0,0
Varanus salvator,Kelantan,2023,1792.5,629881,4,0,0.0,0
Acridotheres tristis,Kuala Lumpur,2023,1982.1,85,4,19,0.322034,1
Corvus splendens,Kuala Lumpur,2023,1982.1,85,4,28,0.474576,1
Macaca fascicularis,Kuala Lumpur,2023,1982.1,85,4,7,0.118644,1
Malayopython reticulatus,Kuala Lumpur,2023,1982.1,85,4,1,0.016949,1
Naja sumatrana,Kuala Lumpur,2023,1982.1,85,4,0,0.0,0
Sus scrofa,Kuala Lumpur,2023,1982.1,85,4,1,0.016949,1
Varanus salvator,Kuala Lumpur,2023,1982.1,85,4,3,0.050847,1
Acridotheres tristis,Melaka,2023,998.4,5199,4,5,0.357143,1
Corvus splendens,Melaka,2023,998.4,5199,4,7,0.5,1
Macaca fascicularis,Melaka,2023,998.4,5199,4,0,0.0,0
Malayopython reticulatus,Melaka,2023,998.4,5199,4,0,0.0,0
Naja sumatrana,Melaka,2023,998.4,5199,4,0,0.0,0
Sus scrofa,Melaka,2023,998.4,5199,4,0,0.0,0
Varanus salvator,Melaka,2023,998.4,5199,4,2,0.142857,1
Acridotheres tristis,Negeri Sembilan,2023,1200.0,155087,4,30,0.483871,1
Corvus splendens,Negeri Sembilan,2023,1200.0,155087,4,30,0.483871,1
Macaca fascicularis,Negeri Sembilan,2023,1200.0,155087,4,2,0.032258,1
Malayopython reticulatus,Negeri Sembilan,2023,1200.0,155087,4,0,0.0,0
Naja sumatrana,Negeri Sembilan,2023,1200.0,155087,4,0,0.0,0
Sus scrofa,Negeri Sembilan,2023,1200.0,155087,4,0,0.0,0
Varanus salvator,Negeri Sembilan,2023,1200.0,155087,4,0,0.0,0
Acridotheres tristis,Pahang,2023,1591.3,1589092,4,15,0.833333,1
Corvus splendens,Pahang,2023,1591.3,1589092,4,2,0.111111,1
Macaca fascicularis,Pahang,2023,1591.3,1589092,4,0,0.0,0
Malayopython reticulatus,Pahang,2023,1591.3,1589092,4,1,0.055556,1
Naja sumatrana,Pahang,2023,1591.3,1589092,4,0,0.0,0
Sus scrofa,Pahang,2023,1591.3,1589092,4,0,0.0,0
Varanus salvator,Pahang,2023,1591.3,1589092,4,0,0.0,0
Acridotheres tristis,Perak,2023,2496.0,986021,4,14,0.823529,1
Corvus splendens,Perak,2023,2496.0,986021,4,2,0.117647,1
Macaca fascicularis,Perak,2023,2496.0,986021,4,1,0.058824,1
Malayopython reticulatus,Perak,2023,2496.0,986021,4,0,0.0,0
Naja sumatrana,Perak,2023,2496.0,986021,4,0,0.0,0
Sus scrofa,Perak,2023,2496.0,986021,4,0,0.0,0
Varanus salvator,Perak,2023,2496.0,986021,4,0,0.0,0
Acridotheres tristis,Perlis,2023,284.9,10854,4,2,0.666667,1
Corvus splendens,Perlis,2023,284.9,10854,4,1,0.333333,1
Macaca fascicularis,Perlis,2023,284.9,10854,4,0,0.0,0
Malayopython reticulatus,Perlis,2023,284.9,10854,4,0,0.0,0
Naja sumatrana,Perlis,2023,284.9,10854,4,0,0.0,0
Sus scrofa,Perlis,2023,284.9,10854,4,0,0.0,0
Varanus salvator,Perlis,2023,284.9,10854,4,0,0.0,0
Acridotheres tristis,Pulau Pinang,2023,1740.4,6063,4,19,0.413043,1
Corvus splendens,Pulau Pinang,2023,1740.4,6063,4,24,0.521739,1
Macaca fascicularis,Pulau Pinang,2023,1740.4,6063,4,2,0.043478,1
Malayopython reticulatus,Pulau Pinang,2023,1740.4,6063,4,0,0.0,0
Naja sumatrana,Pulau Pinang,2023,1740.4,6063,4,0,0.0,0
Sus scrofa,Pulau Pinang,2023,1740.4,6063,4,0,0.0,0
Varanus salvator,Pulau Pinang,2023,1740.4,6063,4,1,0.021739,1
Acridotheres tristis,Putrajaya,2023,109.2,0,4,0,0.0,0
Corvus splendens,Putrajaya,2023,109.2,0,4,1,1.0,1
Macaca fascicularis,Putrajaya,2023,109.2,0,4,0,0.0,0
Malayopython reticulatus,Putrajaya,2023,109.2,0,4,0,0.0,0
Naja sumatrana,Putrajaya,2023,109.2,0,4,0,0.0,0
Sus scrofa,Putrajaya,2023,109.2,0,4,0,0.0,0
Varanus salvator,Putrajaya,2023,109.2,0,4,0,0.0,0
Acridotheres tristis,Sabah,2023,3418.8,3574468,4,8,0.145455,1
Corvus splendens,Sabah,2023,3418.8,3574468,4,28,0.509091,1
Macaca fascicularis,Sabah,2023,3418.8,3574468,4,7,0.127273,1
Malayopython reticulatus,Sabah,2023,3418.8,3574468,4,3,0.054545,1
Naja sumatrana,Sabah,2023,3418.8,3574468,4,1,0.018182,1
Sus scrofa,Sabah,2023,3418.8,3574468,4,0,0.0,0
Varanus salvator,Sabah,2023,3418.8,3574468,4,8,0.145455,1
Acridotheres tristis,Sarawak,2023,2453.7,3939113,4,6,0.428571,1
Corvus splendens,Sarawak,2023,2453.7,3939113,4,1,0.071429,1
Macaca fascicularis,Sarawak,2023,2453.7,3939113,4,6,0.428571,1
Malayopython reticulatus,Sarawak,2023,2453.7,3939113,4,0,0.0,0
Naja sumatrana,Sarawak,2023,2453.7,3939113,4,0,0.0,0
Sus scrofa,Sarawak,2023,2453.7,3939113,4,0,0.0,0
Varanus salvator,Sarawak,2023,2453.7,3939113,4,1,0.071429,1
Acridotheres tristis,Selangor,2023,6994.4,250250,4,32,0.248062,1
Corvus splendens,Selangor,2023,6994.4,250250,4,88,0.682171,1
Macaca fascicularis,Selangor,2023,6994.4,250250,4,6,0.046512,1
Malayopython reticulatus,Selangor,2023,6994.4,250250,4,0,0.0,0
Naja sumatrana,Selangor,2023,6994.4,250250,4,0,0.0,0
Sus scrofa,Selangor,2023,6994.4,250250,4,1,0.007752,1
Varanus salvator,Selangor,2023,6994.4,250250,4,2,0.015504,1
Acridotheres tristis,Terengganu,2023,1149.4,540309,4,1,1.0,1
Corvus splendens,Terengganu,2023,1149.4,540309,4,0,0.0,0
Macaca fascicularis,Terengganu,2023,1149.4,540309,4,0,0.0,0
Malayopython reticulatus,Terengganu,2023,1149.4,540309,4,0,0.0,0
Naja sumatrana,Terengganu,2023,1149.4,540309,4,0,0.0,0
Sus scrofa,Terengganu,2023,1149.4,540309,4,0,0.0,0
Varanus salvator,Terengganu,2023,1149.4,540309,4,0,0.0,0
Acridotheres tristis,Johor,2023,4009.7,335003,5,24,0.375,1
Corvus splendens,Johor,2023,4009.7,335003,5,31,0.484375,1
Macaca fascicularis,Johor,2023,4009.7,335003,5,4,0.0625,1
Malayopython reticulatus,Johor,2023,4009.7,335003,5,0,0.0,0
Naja sumatrana,Johor,2023,4009.7,335003,5,1,0.015625,1
Sus scrofa,Johor,2023,4009.7,335003,5,0,0.0,0
Varanus salvator,Johor,2023,4009.7,335003,5,4,0.0625,1
Acridotheres tristis,Kedah,2023,2131.4,344175,5,16,0.695652,1
Corvus splendens,Kedah,2023,2131.4,344175,5,6,0.26087,1
Macaca fascicularis,Kedah,2023,2131.4,344175,5,0,0.0,0
Malayopython reticulatus,Kedah,2023,2131.4,344175,5,1,0.043478,1
Naja sumatrana,Kedah,2023,2131.4,344175,5,0,0.0,0
Sus scrofa,Kedah,2023,2131.4,344175,5,0,0.0,0
Varanus salvator,Kedah,2023,2131.4,344175,5,0,0.0,0
Acridotheres tristis,Kuala Lumpur,2023,1982.1,85,5,4,0.133333,1
Corvus splendens,Kuala Lumpur,2023,1982.1,85,5,19,0.633333,1
Macaca fascicularis,Kuala Lumpur,2023,1982.1,85,5,4,0.133333,1
Malayopython reticulatus,Kuala Lumpur,2023,1982.1,85,5,0,0.0,0
Naja sumatrana,Kuala Lumpur,2023,1982.1,85,5,0,0.0,0
Sus scrofa,Kuala Lumpur,2023,1982.1,85,5,0,0.0,0
Varanus salvator,Kuala Lumpur,2023,1982.1,85,5,3,0.1,1
Acridotheres tristis,Melaka,2023,998.4,5199,5,7,0.291667,1
Corvus splendens,Melaka,2023,998.4,5199,5,14,0.583333,1
Macaca fascicularis,Melaka,2023,998.4,5199,5,0,0.0,0
Malayopython reticulatus,Melaka,2023,998.4,5199,5,0,0.0,0
Naja sumatrana,Melaka,2023,998.4,5199,5,0,0.0,0
Sus scrofa,Melaka,2023,998.4,5199,5,0,0.0,0
Varanus salvator,Melaka,2023,998.4,5199,5,3,0.125,1
Acridotheres tristis,Negeri Sembilan,2023,1200.0,155087,5,28,0.54902,1
Corvus splendens,Negeri Sembilan,2023,1200.0,155087,5,23,0.45098,1
Macaca fascicularis,Negeri Sembilan,2023,1200.0,155087,5,0,0.0,0
Malayopython reticulatus,Negeri Sembilan,2023,1200.0,155087,5,0,0.0,0
Naja sumatrana,Negeri Sembilan,2023,1200.0,155087,5,0,0.0,0
Sus scrofa,Negeri Sembilan,2023,1200.0,155087,5,0,0.0,0
Varanus salvator,Negeri Sembilan,2023,1200.0,155087,5,0,0.0,0
Acridotheres tristis,Pahang,2023,1591.3,1589092,5,28,0.933333,1
Corvus splendens,Pahang,2023,1591.3,1589092,5,2,0.066667,1
Macaca fascicularis,Pahang,2023,1591.3,1589092,5,0,0.0,0
Malayopython reticulatus,Pahang,2023,1591.3,1589092,5,0,0.0,0
Naja sumatrana,Pahang,2023,1591.3,1589092,5,0,0.0,0
Sus scrofa,Pahang,2023,1591.3,1589092,5,0,0.0,0
Varanus salvator,Pahang,2023,1591.3,1589092,5,0,0.0,0
Acridotheres tristis,Perak,2023,2496.0,986021,5,24,0.857143,1
Corvus splendens,Perak,2023,2496.0,986021,5,0,0.0,0
Macaca fascicularis,Perak,2023,2496.0,986021,5,2,0.071429,1
Malayopython reticulatus,Perak,2023,2496.0,986021,5,0,0.0,0
Naja sumatrana,Perak,2023,2496.0,986021,5,0,0.0,0
Sus scrofa,Perak,2023,2496.0,986021,5,0,0.0,0
Varanus salvator,Perak,2023,2496.0,986021,5,2,0.071429,1
Acridotheres tristis,Pulau Pinang,2023,1740.4,6063,5,14,0.4,1
Corvus splendens,Pulau Pinang,2023,1740.4,6063,5,15,0.428571,1
Macaca fascicularis,Pulau Pinang,2023,1740.4,6063,5,4,0.114286,1
Malayopython reticulatus,Pulau Pinang,2023,1740.4,6063,5,0,0.0,0
Naja sumatrana,Pulau Pinang,2023,1740.4,6063,5,0,0.0,0
Sus scrofa,Pulau Pinang,2023,1740.4,6063,5,0,0.0,0
Varanus salvator,Pulau Pinang,2023,1740.4,6063,5,2,0.057143,1
Acridotheres tristis,Putrajaya,2023,109.2,0,5,3,0.1875,1
Corvus splendens,Putrajaya,2023,109.2,0,5,11,0.6875,1
Macaca fascicularis,Putrajaya,2023,109.2,0,5,0,0.0,0
Malayopython reticulatus,Putrajaya,2023,109.2,0,5,0,0.0,0
Naja sumatrana,Putrajaya,2023,109.2,0,5,0,0.0,0
Sus scrofa,Putrajaya,2023,109.2,0,5,0,0.0,0
Varanus salvator,Putrajaya,2023,109.2,0,5,2,0.125,1
Acridotheres tristis,Sabah,2023,3418.8,3574468,5,6,0.092308,1
Corvus splendens,Sabah,2023,3418.8,3574468,5,18,0.276923,1
Macaca fascicularis,Sabah,2023,3418.8,3574468,5,20,0.307692,1
Malayopython reticulatus,Sabah,2023,3418.8,3574468,5,1,0.015385,1
Naja sumatrana,Sabah,2023,3418.8,3574468,5,0,0.0,0
Sus scrofa,Sabah,2023,3418.8,3574468,5,0,0.0,0
Varanus salvator,Sabah,2023,3418.8,3574468,5,20,0.307692,1
Acridotheres tristis,Sarawak,2023,2453.7,3939113,5,7,0.4375,1
Corvus splendens,Sarawak,2023,2453.7,3939113,5,2,0.125,1
Macaca fascicularis,Sarawak,2023,2453.7,3939113,5,4,0.25,1
Malayopython reticulatus,Sarawak,2023,2453.7,3939113,5,0,0.0,0
Naja sumatrana,Sarawak,2023,2453.7,3939113,5,0,0.0,0
Sus scrofa,Sarawak,2023,2453.7,3939113,5,0,0.0,0
Varanus salvator,Sarawak,2023,2453.7,3939113,5,3,0.1875,1
Acridotheres tristis,Selangor,2023,6994.4,250250,5,37,0.253425,1
Corvus splendens,Selangor,2023,6994.4,250250,5,82,0.561644,1
Macaca fascicularis,Selangor,2023,6994.4,250250,5,24,0.164384,1
Malayopython reticulatus,Selangor,2023,6994.4,250250,5,0,0.0,0
Naja sumatrana,Selangor,2023,6994.4,250250,5,0,0.0,0
Sus scrofa,Selangor,2023,6994.4,250250,5,0,0.0,0
Varanus salvator,Selangor,2023,6994.4,250250,5,3,0.020548,1
Acridotheres tristis,Terengganu,2023,1149.4,540309,5,1,1.0,1
Corvus splendens,Terengganu,2023,1149.4,540309,5,0,0.0,0
Macaca fascicularis,Terengganu,2023,1149.4,540309,5,0,0.0,0
Malayopython reticulatus,Terengganu,2023,1149.4,540309,5,0,0.0,0
Naja sumatrana,Terengganu,2023,1149.4,540309,5,0,0.0,0
Sus scrofa,Terengganu,2023,1149.4,540309,5,0,0.0,0
Varanus salvator,Terengganu,2023,1149.4,540309,5,0,0.0,0
Acridotheres tristis,Johor,2023,4009.7,335003,6,18,0.473684,1
Corvus splendens,Johor,2023,4009.7,335003,6,11,0.289474,1
Macaca fascicularis,Johor,2023,4009.7,335003,6,2,0.052632,1
Malayopython reticulatus,Johor,2023,4009.7,335003,6,0,0.0,0
Naja sumatrana,Johor,2023,4009.7,335003,6,0,0.0,0
Sus scrofa,Johor,2023,4009.7,335003,6,0,0.0,0
Varanus salvator,Johor,2023,4009.7,335003,6,7,0.184211,1
Acridotheres tristis,Kedah,2023,2131.4,344175,6,3,0.6,1
Corvus splendens,Kedah,2023,2131.4,344175,6,2,0.4,1
Macaca fascicularis,Kedah,2023,2131.4,344175,6,0,0.0,0
Malayopython reticulatus,Kedah,2023,2131.4,344175,6,0,0.0,0
Naja sumatrana,Kedah,2023,2131.4,344175,6,0,0.0,0
Sus scrofa,Kedah,2023,2131.4,344175,6,0,0.0,0
Varanus salvator,Kedah,2023,2131.4,344175,6,0,0.0,0
Acridotheres tristis,Kelantan,2023,1792.5,629881,6,3,0.75,1
Corvus splendens,Kelantan,2023,1792.5,629881,6,0,0.0,0
Macaca fascicularis,Kelantan,2023,1792.5,629881,6,1,0.25,1
Malayopython reticulatus,Kelantan,2023,1792.5,629881,6,0,0.0,0
Naja sumatrana,Kelantan,2023,1792.5,629881,6,0,0.0,0
Sus scrofa,Kelantan,2023,1792.5,629881,6,0,0.0,0
Varanus salvator,Kelantan,2023,1792.5,629881,6,0,0.0,0
Acridotheres tristis,Kuala Lumpur,2023,1982.1,85,6,21,0.308824,1
Corvus splendens,Kuala Lumpur,2023,1982.1,85,6,42,0.617647,1
Macaca fascicularis,Kuala Lumpur,2023,1982.1,85,6,1,0.014706,1
Malayopython reticulatus,Kuala Lumpur,2023,1982.1,85,6,0,0.0,0
Naja sumatrana,Kuala Lumpur,2023,1982.1,85,6,0,0.0,0
Sus scrofa,Kuala Lumpur,2023,1982.1,85,6,0,0.0,0
Varanus salvator,Kuala Lumpur,2023,1982.1,85,6,4,0.058824,1
Acridotheres tristis,Labuan,2023,95.1,0,6,0,0.0,0
Corvus splendens,Labuan,2023,95.1,0,6,1,1.0,1
Macaca fascicularis,Labuan,2023,95.1,0,6,0,0.0,0
Malayopython reticulatus,Labuan,2023,95.1,0,6,0,0.0,0
Naja sumatrana,Labuan,2023,95.1,0,6,0,0.0,0
Sus scrofa,Labuan,2023,95.1,0,6,0,0.0,0
Varanus salvator,Labuan,2023,95.1,0,6,0,0.0,0
Acridotheres tristis,Melaka,2023,998.4,5199,6,1,0.142857,1
Corvus splendens,Melaka,2023,998.4,5199,6,2,0.285714,1
Macaca fascicularis,Melaka,2023,998.4,5199,6,0,0.0,0
Malayopython reticulatus,Melaka,2023,998.4,5199,6,2,0.285714,1
Naja sumatrana,Melaka,2023,998.4,5199,6,0,0.0,0
Sus scrofa,Melaka,2023,998.4,5199,6,0,0.0,0
Varanus salvator,Melaka,2023,998.4,5199,6,2,0.285714,1
Acridotheres tristis,Negeri Sembilan,2023,1200.0,155087,6,23,0.511111,1
Corvus splendens,Negeri Sembilan,2023,1200.0,155087,6,22,0.488889,1
Macaca fascicularis,Negeri Sembilan,2023,1200.0,155087,6,0,0.0,0
Malayopython reticulatus,Negeri Sembilan,2023,1200.0,155087,6,0,0.0,0
Naja sumatrana,Negeri Sembilan,2023,1200.0,155087,6,0,0.0,0
Sus scrofa,Negeri Sembilan,2023,1200.0,155087,6,0,0.0,0
Varanus salvator,Negeri Sembilan,2023,1200.0,155087,6,0,0.0,0
Acridotheres tristis,Pahang,2023,1591.3,1589092,6,25,0.555556,1
Corvus splendens,Pahang,2023,1591.3,1589092,6,13,0.288889,1
Macaca fascicularis,Pahang,2023,1591.3,1589092,6,4,0.088889,1
Malayopython reticulatus,Pahang,2023,1591.3,1589092,6,0,0.0,0
Naja sumatrana,Pahang,2023,1591.3,1589092,6,1,0.022222,1
Sus scrofa,Pahang,2023,1591.3,1589092,6,1,0.022222,1
Varanus salvator,Pahang,2023,1591.3,1589092,6,1,0.022222,1
Acridotheres tristis,Perak,2023,2496.0,986021,6,10,0.666667,1
Corvus splendens,Perak,2023,2496.0,986021,6,2,0.133333,1
Macaca fascicularis,Perak,2023,2496.0,986021,6,1,0.066667,1
Malayopython reticulatus,Perak,2023,2496.0,986021,6,0,0.0,0
Naja sumatrana,Perak,2023,2496.0,986021,6,0,0.0,0
Sus scrofa,Perak,2023,2496.0,986021,6,0,0.0,0
Varanus salvator,Perak,2023,2496.0,986021,6,2,0.133333,1
Acridotheres tristis,Pulau Pinang,2023,1740.4,6063,6,23,0.418182,1
Corvus splendens,Pulau Pinang,2023,1740.4,6063,6,23,0.418182,1
Macaca fascicularis,Pulau Pinang,2023,1740.4,6063,6,4,0.072727,1
Malayopython reticulatus,Pulau Pinang,2023,1740.4,6063,6,0,0.0,0
Naja sumatrana,Pulau Pinang,2023,1740.4,6063,6,0,0.0,0
Sus scrofa,Pulau Pinang,2023,1740.4,6063,6,0,0.0,0
Varanus salvator,Pulau Pinang,2023,1740.4,6063,6,5,0.090909,1
Acridotheres tristis,Putrajaya,2023,109.2,0,6,1,0.25,1
Corvus splendens,Putrajaya,2023,109.2,0,6,3,0.75,1
Macaca fascicularis,Putrajaya,2023,109.2,0,6,0,0.0,0
Malayopython reticulatus,Putrajaya,2023,109.2,0,6,0,0.0,0
Naja sumatrana,Putrajaya,2023,109.2,0,6,0,0.0,0
Sus scrofa,Putrajaya,2023,109.2,0,6,0,0.0,0
Varanus salvator,Putrajaya,2023,109.2,0,6,0,0.0,0
Acridotheres tristis,Sabah,2023,3418.8,3574468,6,4,0.068966,1
Corvus splendens,Sabah,2023,3418.8,3574468,6,30,0.517241,1
Macaca fascicularis,Sabah,2023,3418.8,3574468,6,8,0.137931,1
Malayopython reticulatus,Sabah,2023,3418.8,3574468,6,1,0.017241,1
Naja sumatrana,Sabah,2023,3418.8,3574468,6,1,0.017241,1
Sus scrofa,Sabah,2023,3418.8,3574468,6,0,0.0,0
Varanus salvator,Sabah,2023,3418.8,3574468,6,14,0.241379,1
Acridotheres tristis,Sarawak,2023,2453.7,3939113,6,11,1.0,1
Corvus splendens,Sarawak,2023,2453.7,3939113,6,0,0.0,0
Macaca fascicularis,Sarawak,2023,2453.7,3939113,6,0,0.0,0
Malayopython reticulatus,Sarawak,2023,2453.7,3939113,6,0,0.0,0
Naja sumatrana,Sarawak,2023,2453.7,3939113,6,0,0.0,0
Sus scrofa,Sarawak,2023,2453.7,3939113,6,0,0.0,0
Varanus salvator,Sarawak,2023,2453.7,3939113,6,0,0.0,0
Acridotheres tristis,Selangor,2023,6994.4,250250,6,38,0.348624,1
Corvus splendens,Selangor,2023,6994.4,250250,6,64,0.587156,1
Macaca fascicularis,Selangor,2023,6994.4,250250,6,5,0.045872,1
Malayopython reticulatus,Selangor,2023,6994.4,250250,6,0,0.0,0
Naja sumatrana,Selangor,2023,6994.4,250250,6,0,0.0,0
Sus scrofa,Selangor,2023,6994.4,250250,6,0,0.0,0
Varanus salvator,Selangor,2023,6994.4,250250,6,2,0.018349,1
Acridotheres tristis,Terengganu,2023,1149.4,540309,6,0,0.0,0
Corvus splendens,Terengganu,2023,1149.4,540309,6,0,0.0,0
Macaca fascicularis,Terengganu,2023,1149.4,540309,6,1,1.0,1
Malayopython reticulatus,Terengganu,2023,1149.4,540309,6,0,0.0,0
Naja sumatrana,Terengganu,2023,1149.4,540309,6,0,0.0,0
Sus scrofa,Terengganu,2023,1149.4,540309,6,0,0.0,0
Varanus salvator,Terengganu,2023,1149.4,540309,6,0,0.0,0
Acridotheres tristis,Johor,2023,4009.7,335003,7,12,0.315789,1
Corvus splendens,Johor,2023,4009.7,335003,7,15,0.394737,1
Macaca fascicularis,Johor,2023,4009.7,335003,7,5,0.131579,1
Malayopython reticulatus,Johor,2023,4009.7,335003,7,1,0.026316,1
Naja sumatrana,Johor,2023,4009.7,335003,7,0,0.0,0
Sus scrofa,Johor,2023,4009.7,335003,7,0,0.0,0
Varanus salvator,Johor,2023,4009.7,335003,7,5,0.131579,1
Acridotheres tristis,Kedah,2023,2131.4,344175,7,2,0.666667,1
Corvus splendens,Kedah,2023,2131.4,344175,7,0,0.0,0
Macaca fascicularis,Kedah,2023,2131.4,344175,7,1,0.333333,1
Malayopython reticulatus,Kedah,2023,2131.4,344175,7,0,0.0,0
Naja sumatrana,Kedah,2023,2131.4,344175,7,0,0.0,0
Sus scrofa,Kedah,2023,2131.4,344175,7,0,0.0,0
Varanus salvator,Kedah,2023,2131.4,344175,7,0,0.0,0
Acridotheres tristis,Kelantan,2023,1792.5,629881,7,5,0.833333,1
Corvus splendens,Kelantan,2023,1792.5,629881,7,0,0.0,0
Macaca fascicularis,Kelantan,2023,1792.5,629881,7,0,0.0,0
Malayopython reticulatus,Kelantan,2023,1792.5,629881,7,1,0.166667,1
Naja sumatrana,Kelantan,2023,1792.5,629881,7,0,0.0,0
Sus scrofa,Kelantan,2023,1792.5,629881,7,0,0.0,0
Varanus salvator,Kelantan,2023,1792.5,629881,7,0,0.0,0
Acridotheres tristis,Kuala Lumpur,2023,1982.1,85,7,28,0.329412,1
Corvus splendens,Kuala Lumpur,2023,1982.1,85,7,42,0.494118,1
Macaca fascicularis,Kuala Lumpur,2023,1982.1,85,7,10,0.117647,1
Malayopython reticulatus,Kuala Lumpur,2023,1982.1,85,7,0,0.0,0
Naja sumatrana,Kuala Lumpur,2023,1982.1,85,7,0,0.0,0
Sus scrofa,Kuala Lumpur,2023,1982.1,85,7,0,0.0,0
Varanus salvator,Kuala Lumpur,2023,1982.1,85,7,5,0.058824,1
Acridotheres tristis,Melaka,2023,998.4,5199,7,2,0.25,1
Corvus splendens,Melaka,2023,998.4,5199,7,5,0.625,1
Macaca fascicularis,Melaka,2023,998.4,5199,7,0,0.0,0
Malayopython reticulatus,Melaka,2023,998.4,5199,7,0,0.0,0
Naja sumatrana,Melaka,2023,998.4,5199,7,0,0.0,0
Sus scrofa,Melaka,2023,998.4,5199,7,0,0.0,0
Varanus salvator,Melaka,2023,998.4,5199,7,1,0.125,1
Acridotheres tristis,Negeri Sembilan,2023,1200.0,155087,7,21,0.538462,1
Corvus splendens,Negeri Sembilan,2023,1200.0,155087,7,18,0.461538,1
Macaca fascicularis,Negeri Sembilan,2023,1200.0,155087,7,0,0.0,0
Malayopython reticulatus,Negeri Sembilan,2023,1200.0,155087,7,0,0.0,0
Naja sumatrana,Negeri Sembilan,2023,1200.0,155087,7,0,0.0,0
Sus scrofa,Negeri Sembilan,2023,1200.0,155087,7,0,0.0,0
Varanus salvator,Negeri Sembilan,2023,1200.0,155087,7,0,0.0,0
Acridotheres tristis,Pahang,2023,1591.3,1589092,7,19,0.730769,1
Corvus splendens,Pahang,2023,1591.3,1589092,7,4,0.153846,1
Macaca fascicularis,Pahang,2023,1591.3,1589092,7,2,0.076923,1
Malayopython reticulatus,Pahang,2023,1591.3,1589092,7,0,0.0,0
Naja sumatrana,Pahang,2023,1591.3,1589092,7,0,0.0,0
Sus scrofa,Pahang,2023,1591.3,1589092,7,1,0.038462,1
Varanus salvator,Pahang,2023,1591.3,1589092,7,0,0.0,0
Acridotheres tristis,Perak,2023,2496.0,986021,7,16,0.551724,1
Corvus splendens,Perak,2023,2496.0,986021,7,5,0.172414,1
Macaca fascicularis,Perak,2023,2496.0,986021,7,3,0.103448,1
Malayopython reticulatus,Perak,2023,2496.0,986021,7,0,0.0,0
Naja sumatrana,Perak,2023,2496.0,986021,7,0,0.0,0
Sus scrofa,Perak,2023,2496.0,986021,7,0,0.0,0
Varanus salvator,Perak,2023,2496.0,986021,7,5,0.172414,1
Acridotheres tristis,Perlis,2023,284.9,10854,7,4,0.8,1
Corvus splendens,Perlis,2023,284.9,10854,7,1,0.2,1
Macaca fascicularis,Perlis,2023,284.9,10854,7,0,0.0,0
Malayopython reticulatus,Perlis,2023,284.9,10854,7,0,0.0,0
Naja sumatrana,Perlis,2023,284.9,10854,7,0,0.0,0
Sus scrofa,Perlis,2023,284.9,10854,7,0,0.0,0
Varanus salvator,Perlis,2023,284.9,10854,7,0,0.0,0
Acridotheres tristis,Pulau Pinang,2023,1740.4,6063,7,24,0.333333,1
Corvus splendens,Pulau Pinang,2023,1740.4,6063,7,38,0.527778,1
Macaca fascicularis,Pulau Pinang,2023,1740.4,6063,7,8,0.111111,1
Malayopython reticulatus,Pulau Pinang,2023,1740.4,6063,7,0,0.0,0
Naja sumatrana,Pulau Pinang,2023,1740.4,6063,7,0,0.0,0
Sus scrofa,Pulau Pinang,2023,1740.4,6063,7,0,0.0,0
Varanus salvator,Pulau Pinang,2023,1740.4,6063,7,2,0.027778,1
Acridotheres tristis,Putrajaya,2023,109.2,0,7,6,0.6,1
Corvus splendens,Putrajaya,2023,109.2,0,7,4,0.4,1
Macaca fascicularis,Putrajaya,2023,109.2,0,7,0,0.0,0
Malayopython reticulatus,Putrajaya,2023,109.2,0,7,0,0.0,0
Naja sumatrana,Putrajaya,2023,109.2,0,7,0,0.0,0
Sus scrofa,Putrajaya,2023,109.2,0,7,0,0.0,0
Varanus salvator,Putrajaya,2023,109.2,0,7,0,0.0,0
Acridotheres tristis,Sabah,2023,3418.8,3574468,7,22,0.305556,1
Corvus splendens,Sabah,2023,3418.8,3574468,7,8,0.111111,1
Macaca fascicularis,Sabah,2023,3418.8,3574468,7,28,0.388889,1
Malayopython reticulatus,Sabah,2023,3418.8,3574468,7,0,0.0,0
Naja sumatrana,Sabah,2023,3418.8,3574468,7,1,0.013889,1
Sus scrofa,Sabah,2023,3418.8,3574468,7,0,0.0,0
Varanus salvator,Sabah,2023,3418.8,3574468,7,13,0.180556,1
Acridotheres tristis,Sarawak,2023,2453.7,3939113,7,10,0.666667,1
Corvus splendens,Sarawak,2023,2453.7,3939113,7,2,0.133333,1
Macaca fascicularis,Sarawak,2023,2453.7,3939113,7,2,0.133333,1
Malayopython reticulatus,Sarawak,2023,2453.7,3939113,7,0,0.0,0
Naja sumatrana,Sarawak,2023,2453.7,3939113,7,0,0.0,0
Sus scrofa,Sarawak,2023,2453.7,3939113,7,0,0.0,0
Varanus salvator,Sarawak,2023,2453.7,3939113,7,1,0.066667,1
Acridotheres tristis,Selangor,2023,6994.4,250250,7,56,0.306011,1
Corvus splendens,Selangor,2023,6994.4,250250,7,108,0.590164,1
Macaca fascicularis,Selangor,2023,6994.4,250250,7,11,0.060109,1
Malayopython reticulatus,Selangor,2023,6994.4,250250,7,2,0.010929,1
Naja sumatrana,Selangor,2023,6994.4,250250,7,0,0.0,0
Sus scrofa,Selangor,2023,6994.4,250250,7,0,0.0,0
Varanus salvator,Selangor,2023,6994.4,250250,7,6,0.032787,1
Acridotheres tristis,Terengganu,2023,1149.4,540309,7,3,1.0,1
Corvus splendens,Terengganu,2023,1149.4,540309,7,0,0.0,0
Macaca fascicularis,Terengganu,2023,1149.4,540309,7,0,0.0,0
Malayopython reticulatus,Terengganu,2023,1149.4,540309,7,0,0.0,0
Naja sumatrana,Terengganu,2023,1149.4,540309,7,0,0.0,0
Sus scrofa,Terengganu,2023,1149.4,540309,7,0,0.0,0
Varanus salvator,Terengganu,2023,1149.4,540309,7,0,0.0,0
Acridotheres tristis,Johor,2023,4009.7,335003,8,10,0.344828,1
Corvus splendens,Johor,2023,4009.7,335003,8,17,0.586207,1
Macaca fascicularis,Johor,2023,4009.7,335003,8,0,0.0,0
Malayopython reticulatus,Johor,2023,4009.7,335003,8,1,0.034483,1
Naja sumatrana,Johor,2023,4009.7,335003,8,0,0.0,0
Sus scrofa,Johor,2023,4009.7,335003,8,0,0.0,0
Varanus salvator,Johor,2023,4009.7,335003,8,1,0.034483,1
Acridotheres tristis,Kedah,2023,2131.4,344175,8,28,0.682927,1
Corvus splendens,Kedah,2023,2131.4,344175,8,10,0.243902,1
Macaca fascicularis,Kedah,2023,2131.4,344175,8,1,0.02439,1
Malayopython reticulatus,Kedah,2023,2131.4,344175,8,1,0.02439,1
Naja sumatrana,Kedah,2023,2131.4,344175,8,0,0.0,0
Sus scrofa,Kedah,2023,2131.4,344175,8,0,0.0,0
Varanus salvator,Kedah,2023,2131.4,344175,8,1,0.02439,1
Acridotheres tristis,Kelantan,2023,1792.5,629881,8,1,1.0,1
Corvus splendens,Kelantan,2023,1792.5,629881,8,0,0.0,0
Macaca fascicularis,Kelantan,2023,1792.5,629881,8,0,0.0,0
Malayopython reticulatus,Kelantan,2023,1792.5,629881,8,0,0.0,0
Naja sumatrana,Kelantan,2023,1792.5,629881,8,0,0.0,0
Sus scrofa,Kelantan,2023,1792.5,629881,8,0,0.0,0
Varanus salvator,Kelantan,2023,1792.5,629881,8,0,0.0,0
Acridotheres tristis,Kuala Lumpur,2023,1982.1,85,8,35,0.318182,1
Corvus splendens,Kuala Lumpur,2023,1982.1,85,8,68,0.618182,1
Macaca fascicularis,Kuala Lumpur,2023,1982.1,85,8,6,0.054545,1
Malayopython reticulatus,Kuala Lumpur,2023,1982.1,85,8,0,0.0,0
Naja sumatrana,Kuala Lumpur,2023,1982.1,85,8,0,0.0,0
Sus scrofa,Kuala Lumpur,2023,1982.1,85,8,0,0.0,0
Varanus salvator,Kuala Lumpur,2023,1982.1,85,8,1,0.009091,1
Acridotheres tristis,Melaka,2023,998.4,5199,8,1,0.142857,1
Corvus splendens,Melaka,2023,998.4,5199,8,3,0.428571,1
Macaca fascicularis,Melaka,2023,998.4,5199,8,0,0.0,0
Malayopython reticulatus,Melaka,2023,998.4,5199,8,0,0.0,0
Naja sumatrana,Melaka,2023,998.4,5199,8,0,0.0,0
Sus scrofa,Melaka,2023,998.4,5199,8,0,0.0,0
Varanus salvator,Melaka,2023,998.4,5199,8,3,0.428571,1
Acridotheres tristis,Negeri Sembilan,2023,1200.0,155087,8,27,0.529412,1
Corvus splendens,Negeri Sembilan,2023,1200.0,155087,8,23,0.45098,1
Macaca fascicularis,Negeri Sembilan,2023,1200.0,155087,8,1,0.019608,1
Malayopython reticulatus,Negeri Sembilan,2023,1200.0,155087,8,0,0.0,0
Naja sumatrana,Negeri Sembilan,2023,1200.0,155087,8,0,0.0,0
Sus scrofa,Negeri Sembilan,2023,1200.0,155087,8,0,0.0,0
Varanus salvator,Negeri Sembilan,2023,1200.0,155087,8,0,0.0,0
Acridotheres tristis,Pahang,2023,1591.3,1589092,8,27,0.710526,1
Corvus splendens,Pahang,2023,1591.3,1589092,8,4,0.105263,1
Macaca fascicularis,Pahang,2023,1591.3,1589092,8,3,0.078947,1
Malayopython reticulatus,Pahang,2023,1591.3,1589092,8,0,0.0,0
Naja sumatrana,Pahang,2023,1591.3,1589092,8,1,0.026316,1
Sus scrofa,Pahang,2023,1591.3,1589092,8,0,0.0,0
Varanus salvator,Pahang,2023,1591.3,1589092,8,3,0.078947,1
Acridotheres tristis,Perak,2023,2496.0,986021,8,32,1.0,1
Corvus splendens,Perak,2023,2496.0,986021,8,0,0.0,0
Macaca fascicularis,Perak,2023,2496.0,986021,8,0,0.0,0
Malayopython reticulatus,Perak,2023,2496.0,986021,8,0,0.0,0
Naja sumatrana,Perak,2023,2496.0,986021,8,0,0.0,0
Sus scrofa,Perak,2023,2496.0,986021,8,0,0.0,0
Varanus salvator,Perak,2023,2496.0,986021,8,0,0.0,0
Acridotheres tristis,Perlis,2023,284.9,10854,8,9,1.0,1
Corvus splendens,Perlis,2023,284.9,10854,8,0,0.0,0
Macaca fascicularis,Perlis,2023,284.9,10854,8,0,0.0,0
Malayopython reticulatus,Perlis,2023,284.9,10854,8,0,0.0,0
Naja sumatrana,Perlis,2023,284.9,10854,8,0,0.0,0
Sus scrofa,Perlis,2023,284.9,10854,8,0,0.0,0
Varanus salvator,Perlis,2023,284.9,10854,8,0,0.0,0
Acridotheres tristis,Pulau Pinang,2023,1740.4,6063,8,53,0.348684,1
Corvus splendens,Pulau Pinang,2023,1740.4,6063,8,85,0.559211,1
Macaca fascicularis,Pulau Pinang,2023,1740.4,6063,8,6,0.039474,1
Malayopython reticulatus,Pulau Pinang,2023,1740.4,6063,8,0,0.0,0
Naja sumatrana,Pulau Pinang,2023,1740.4,6063,8,0,0.0,0
Sus scrofa,Pulau Pinang,2023,1740.4,6063,8,0,0.0,0
Varanus salvator,Pulau Pinang,2023,1740.4,6063,8,8,0.052632,1
Acridotheres tristis,Putrajaya,2023,109.2,0,8,3,0.375,1
Corvus splendens,Putrajaya,2023,109.2,0,8,5,0.625,1
Macaca fascicularis,Putrajaya,2023,109.2,0,8,0,0.0,0
Malayopython reticulatus,Putrajaya,2023,109.2,0,8,0,0.0,0
Naja sumatrana,Putrajaya,2023,109.2,0,8,0,0.0,0
Sus scrofa,Putrajaya,2023,109.2,0,8,0,0.0,0
Varanus salvator,Putrajaya,2023,109.2,0,8,0,0.0,0
Acridotheres tristis,Sabah,2023,3418.8,3574468,8,8,0.091954,1
Corvus splendens,Sabah,2023,3418.8,3574468,8,19,0.218391,1
Macaca fascicularis,Sabah,2023,3418.8,3574468,8,41,0.471264,1
Malayopython reticulatus,Sabah,2023,3418.8,3574468,8,2,0.022989,1
Naja sumatrana,Sabah,2023,3418.8,3574468,8,1,0.011494,1
Sus scrofa,Sabah,2023,3418.8,3574468,8,0,0.0,0
Varanus salvator,Sabah,2023,3418.8,3574468,8,16,0.183908,1
Acridotheres tristis,Sarawak,2023,2453.7,3939113,8,13,0.590909,1
Corvus splendens,Sarawak,2023,2453.7,3939113,8,0,0.0,0
Macaca fascicularis,Sarawak,2023,2453.7,3939113,8,4,0.181818,1
Malayopython reticulatus,Sarawak,2023,2453.7,3939113,8,0,0.0,0
Naja sumatrana,Sarawak,2023,2453.7,3939113,8,0,0.0,0
Sus scrofa,Sarawak,2023,2453.7,3939113,8,0,0.0,0
Varanus salvator,Sarawak,2023,2453.7,3939113,8,5,0.227273,1
Acridotheres tristis,Selangor,2023,6994.4,250250,8,43,0.284768,1
Corvus splendens,Selangor,2023,6994.4,250250,8,96,0.635762,1
Macaca fascicularis,Selangor,2023,6994.4,250250,8,9,0.059603,1
Malayopython reticulatus,Selangor,2023,6994.4,250250,8,0,0.0,0
Naja sumatrana,Selangor,2023,6994.4,250250,8,0,0.0,0
Sus scrofa,Selangor,2023,6994.4,250250,8,0,0.0,0
Varanus salvator,Selangor,2023,6994.4,250250,8,3,0.019868,1
Acridotheres tristis,Terengganu,2023,1149.4,540309,8,7,0.777778,1
Corvus splendens,Terengganu,2023,1149.4,540309,8,0,0.0,0
Macaca fascicularis,Terengganu,2023,1149.4,540309,8,0,0.0,0
Malayopython reticulatus,Terengganu,2023,1149.4,540309,8,0,0.0,0
Naja sumatrana,Terengganu,2023,1149.4,540309,8,0,0.0,0
Sus scrofa,Terengganu,2023,1149.4,540309,8,0,0.0,0
Varanus salvator,Terengganu,2023,1149.4,540309,8,2,0.222222,1
Acridotheres tristis,Johor,2023,4009.7,335003,9,30,0.434783,1
Corvus splendens,Johor,2023,4009.7,335003,9,33,0.478261,1
Macaca fascicularis,Johor,2023,4009.7,335003,9,5,0.072464,1
Malayopython reticulatus,Johor,2023,4009.7,335003,9,0,0.0,0
Naja sumatrana,Johor,2023,4009.7,335003,9,0,0.0,0
Sus scrofa,Johor,2023,4009.7,335003,9,0,0.0,0
Varanus salvator,Johor,2023,4009.7,335003,9,1,0.014493,1
Acridotheres tristis,Kedah,2023,2131.4,344175,9,5,0.714286,1
Corvus splendens,Kedah,2023,2131.4,344175,9,0,0.0,0
Macaca fascicularis,Kedah,2023,2131.4,344175,9,2,0.285714,1
Malayopython reticulatus,Kedah,2023,2131.4,344175,9,0,0.0,0
Naja sumatrana,Kedah,2023,2131.4,344175,9,0,0.0,0
Sus scrofa,Kedah,2023,2131.4,344175,9,0,0.0,0
Varanus salvator,Kedah,2023,2131.4,344175,9,0,0.0,0
Acridotheres tristis,Kuala Lumpur,2023,1982.1,85,9,23,0.396552,1
Corvus splendens,Kuala Lumpur,2023,1982.1,85,9,31,0.534483,1
Macaca fascicularis,Kuala Lumpur,2023,1982.1,85,9,3,0.051724,1
Malayopython reticulatus,Kuala Lumpur,2023,1982.1,85,9,0,0.0,0
Naja sumatrana,Kuala Lumpur,2023,1982.1,85,9,0,0.0,0
Sus scrofa,Kuala Lumpur,2023,1982.1,85,9,1,0.017241,1
Varanus salvator,Kuala Lumpur,2023,1982.1,85,9,0,0.0,0
Acridotheres tristis,Melaka,2023,998.4,5199,9,0,0.0,0
Corvus splendens,Melaka,2023,998.4,5199,9,0,0.0,0
Macaca fascicularis,Melaka,2023,998.4,5199,9,0,0.0,0
Malayopython reticulatus,Melaka,2023,998.4,5199,9,0,0.0,0
Naja sumatrana,Melaka,2023,998.4,5199,9,0,0.0,0
Sus scrofa,Melaka,2023,998.4,5199,9,0,0.0,0
Varanus salvator,Melaka,2023,998.4,5199,9,2,1.0,1
Acridotheres tristis,Negeri Sembilan,2023,1200.0,155087,9,18,0.5625,1
Corvus splendens,Negeri Sembilan,2023,1200.0,155087,9,13,0.40625,1
Macaca fascicularis,Negeri Sembilan,2023,1200.0,155087,9,0,0.0,0
Malayopython reticulatus,Negeri Sembilan,2023,1200.0,155087,9,0,0.0,0
Naja sumatrana,Negeri Sembilan,2023,1200.0,155087,9,0,0.0,0
Sus scrofa,Negeri Sembilan,2023,1200.0,155087,9,0,0.0,0
Varanus salvator,Negeri Sembilan,2023,1200.0,155087,9,1,0.03125,1
Acridotheres tristis,Pahang,2023,1591.3,1589092,9,13,0.65,1
Corvus splendens,Pahang,2023,1591.3,1589092,9,3,0.15,1
Macaca fascicularis,Pahang,2023,1591.3,1589092,9,4,0.2,1
Malayopython reticulatus,Pahang,2023,1591.3,1589092,9,0,0.0,0
Naja sumatrana,Pahang,2023,1591.3,1589092,9,0,0.0,0
Sus scrofa,Pahang,2023,1591.3,1589092,9,0,0.0,0
Varanus salvator,Pahang,2023,1591.3,1589092,9,0,0.0,0
Acridotheres tristis,Perak,2023,2496.0,986021,9,10,0.588235,1
Corvus splendens,Perak,2023,2496.0,986021,9,7,0.411765,1
Macaca fascicularis,Perak,2023,2496.0,986021,9,0,0.0,0
Malayopython reticulatus,Perak,2023,2496.0,986021,9,0,0.0,0
Naja sumatrana,Perak,2023,2496.0,986021,9,0,0.0,0
Sus scrofa,Perak,2023,2496.0,986021,9,0,0.0,0
Varanus salvator,Perak,2023,2496.0,986021,9,0,0.0,0
Acridotheres tristis,Pulau Pinang,2023,1740.4,6063,9,24,0.421053,1
Corvus splendens,Pulau Pinang,2023,1740.4,6063,9,32,0.561404,1
Macaca fascicularis,Pulau Pinang,2023,1740.4,6063,9,0,0.0,0
Malayopython reticulatus,Pulau Pinang,2023,1740.4,6063,9,0,0.0,0
Naja sumatrana,Pulau Pinang,2023,1740.4,6063,9,0,0.0,0
Sus scrofa,Pulau Pinang,2023,1740.4,6063,9,0,0.0,0
Varanus salvator,Pulau Pinang,2023,1740.4,6063,9,1,0.017544,1
Acridotheres tristis,Putrajaya,2023,109.2,0,9,0,0.0,0
Corvus splendens,Putrajaya,2023,109.2,0,9,4,0.666667,1
Macaca fascicularis,Putrajaya,2023,109.2,0,9,1,0.166667,1
Malayopython reticulatus,Putrajaya,2023,109.2,0,9,0,0.0,0
Naja sumatrana,Putrajaya,2023,109.2,0,9,0,0.0,0
Sus scrofa,Putrajaya,2023,109.2,0,9,0,0.0,0
Varanus salvator,Putrajaya,2023,109.2,0,9,1,0.166667,1
Acridotheres tristis,Sabah,2023,3418.8,3574468,9,8,0.156863,1
Corvus splendens,Sabah,2023,3418.8,3574468,9,12,0.235294,1
Macaca fascicularis,Sabah,2023,3418.8,3574468,9,15,0.294118,1
Malayopython reticulatus,Sabah,2023,3418.8,3574468,9,0,0.0,0
Naja sumatrana,Sabah,2023,3418.8,3574468,9,0,0.0,0
Sus scrofa,Sabah,2023,3418.8,3574468,9,0,0.0,0
Varanus salvator,Sabah,2023,3418.8,3574468,9,16,0.313725,1
Acridotheres tristis,Sarawak,2023,2453.7,3939113,9,7,0.7,1
Corvus splendens,Sarawak,2023,2453.7,3939113,9,0,0.0,0
Macaca fascicularis,Sarawak,2023,2453.7,3939113,9,0,0.0,0
Malayopython reticulatus,Sarawak,2023,2453.7,3939113,9,1,0.1,1
Naja sumatrana,Sarawak,2023,2453.7,3939113,9,0,0.0,0
Sus scrofa,Sarawak,2023,2453.7,3939113,9,0,0.0,0
Varanus salvator,Sarawak,2023,2453.7,3939113,9,2,0.2,1
Acridotheres tristis,Selangor,2023,6994.4,250250,9,19,0.206522,1
Corvus splendens,Selangor,2023,6994.4,250250,9,56,0.608696,1
Macaca fascicularis,Selangor,2023,6994.4,250250,9,8,0.086957,1
Malayopython reticulatus,Selangor,2023,6994.4,250250,9,1,0.01087,1
Naja sumatrana,Selangor,2023,6994.4,250250,9,0,0.0,0
Sus scrofa,Selangor,2023,6994.4,250250,9,1,0.01087,1
Varanus salvator,Selangor,2023,6994.4,250250,9,7,0.076087,1
Acridotheres tristis,Johor,2023,4009.7,335003,10,21,0.3,1
Corvus splendens,Johor,2023,4009.7,335003,10,49,0.7,1
Macaca fascicularis,Johor,2023,4009.7,335003,10,0,0.0,0
Malayopython reticulatus,Johor,2023,4009.7,335003,10,0,0.0,0
Naja sumatrana,Johor,2023,4009.7,335003,10,0,0.0,0
Sus scrofa,Johor,2023,4009.7,335003,10,0,0.0,0
Varanus salvator,Johor,2023,4009.7,335003,10,0,0.0,0
Acridotheres tristis,Kedah,2023,2131.4,344175,10,19,0.703704,1
Corvus splendens,Kedah,2023,2131.4,344175,10,8,0.296296,1
Macaca fascicularis,Kedah,2023,2131.4,344175,10,0,0.0,0
Malayopython reticulatus,Kedah,2023,2131.4,344175,10,0,0.0,0
Naja sumatrana,Kedah,2023,2131.4,344175,10,0,0.0,0
Sus scrofa,Kedah,2023,2131.4,344175,10,0,0.0,0
Varanus salvator,Kedah,2023,2131.4,344175,10,0,0.0,0
Acridotheres tristis,Kelantan,2023,1792.5,629881,10,1,1.0,1
Corvus splendens,Kelantan,2023,1792.5,629881,10,0,0.0,0
Macaca fascicularis,Kelantan,2023,1792.5,629881,10,0,0.0,0
Malayopython reticulatus,Kelantan,2023,1792.5,629881,10,0,0.0,0
Naja sumatrana,Kelantan,2023,1792.5,629881,10,0,0.0,0
Sus scrofa,Kelantan,2023,1792.5,629881,10,0,0.0,0
Varanus salvator,Kelantan,2023,1792.5,629881,10,0,0.0,0
Acridotheres tristis,Kuala Lumpur,2023,1982.1,85,10,20,0.384615,1
Corvus splendens,Kuala Lumpur,2023,1982.1,85,10,28,0.538462,1
Macaca fascicularis,Kuala Lumpur,2023,1982.1,85,10,2,0.038462,1
Malayopython reticulatus,Kuala Lumpur,2023,1982.1,85,10,0,0.0,0
Naja sumatrana,Kuala Lumpur,2023,1982.1,85,10,0,0.0,0
Sus scrofa,Kuala Lumpur,2023,1982.1,85,10,0,0.0,0
Varanus salvator,Kuala Lumpur,2023,1982.1,85,10,2,0.038462,1
Acridotheres tristis,Melaka,2023,998.4,5199,10,1,0.1,1
Corvus splendens,Melaka,2023,998.4,5199,10,6,0.6,1
Macaca fascicularis,Melaka,2023,998.4,5199,10,0,0.0,0
Malayopython reticulatus,Melaka,2023,998.4,5199,10,0,0.0,0
Naja sumatrana,Melaka,2023,998.4,5199,10,0,0.0,0
Sus scrofa,Melaka,2023,998.4,5199,10,0,0.0,0
Varanus salvator,Melaka,2023,998.4,5199,10,3,0.3,1
Acridotheres tristis,Negeri Sembilan,2023,1200.0,155087,10,34,0.576271,1
Corvus splendens,Negeri Sembilan,2023,1200.0,155087,10,24,0.40678,1
Macaca fascicularis,Negeri Sembilan,2023,1200.0,155087,10,0,0.0,0
Malayopython reticulatus,Negeri Sembilan,2023,1200.0,155087,10,1,0.016949,1
Naja sumatrana,Negeri Sembilan,2023,1200.0,155087,10,0,0.0,0
Sus scrofa,Negeri Sembilan,2023,1200.0,155087,10,0,0.0,0
Varanus salvator,Negeri Sembilan,2023,1200.0,155087,10,0,0.0,0
Acridotheres tristis,Pahang,2023,1591.3,1589092,10,7,0.7,1
Corvus splendens,Pahang,2023,1591.3,1589092,10,1,0.1,1
Macaca fascicularis,Pahang,2023,1591.3,1589092,10,2,0.2,1
Malayopython reticulatus,Pahang,2023,1591.3,1589092,10,0,0.0,0
Naja sumatrana,Pahang,2023,1591.3,1589092,10,0,0.0,0
Sus scrofa,Pahang,2023,1591.3,1589092,10,0,0.0,0
Varanus salvator,Pahang,2023,1591.3,1589092,10,0,0.0,0
Acridotheres tristis,Perak,2023,2496.0,986021,10,10,0.555556,1
Corvus splendens,Perak,2023,2496.0,986021,10,0,0.0,0
Macaca fascicularis,Perak,2023,2496.0,986021,10,0,0.0,0
Malayopython reticulatus,Perak,2023,2496.0,986021,10,0,0.0,0
Naja sumatrana,Perak,2023,2496.0,986021,10,0,0.0,0
Sus scrofa,Perak,2023,2496.0,986021,10,0,0.0,0
Varanus salvator,Perak,2023,2496.0,986021,10,8,0.444444,1
Acridotheres tristis,Perlis,2023,284.9,10854,10,10,1.0,1
Corvus splendens,Perlis,2023,284.9,10854,10,0,0.0,0
Macaca fascicularis,Perlis,2023,284.9,10854,10,0,0.0,0
Malayopython reticulatus,Perlis,2023,284.9,10854,10,0,0.0,0
Naja sumatrana,Perlis,2023,284.9,10854,10,0,0.0,0
Sus scrofa,Perlis,2023,284.9,10854,10,0,0.0,0
Varanus salvator,Perlis,2023,284.9,10854,10,0,0.0,0
Acridotheres tristis,Pulau Pinang,2023,1740.4,6063,10,21,0.318182,1
Corvus splendens,Pulau Pinang,2023,1740.4,6063,10,38,0.575758,1
Macaca fascicularis,Pulau Pinang,2023,1740.4,6063,10,5,0.075758,1
Malayopython reticulatus,Pulau Pinang,2023,1740.4,6063,10,1,0.015152,1
Naja sumatrana,Pulau Pinang,2023,1740.4,6063,10,0,0.0,0
Sus scrofa,Pulau Pinang,2023,1740.4,6063,10,0,0.0,0
Varanus salvator,Pulau Pinang,2023,1740.4,6063,10,1,0.015152,1
Acridotheres tristis,Putrajaya,2023,109.2,0,10,1,0.1,1
Corvus splendens,Putrajaya,2023,109.2,0,10,6,0.6,1
Macaca fascicularis,Putrajaya,2023,109.2,0,10,2,0.2,1
Malayopython reticulatus,Putrajaya,2023,109.2,0,10,0,0.0,0
Naja sumatrana,Putrajaya,2023,109.2,0,10,0,0.0,0
Sus scrofa,Putrajaya,2023,109.2,0,10,0,0.0,0
Varanus salvator,Putrajaya,2023,109.2,0,10,1,0.1,1
Acridotheres tristis,Sabah,2023,3418.8,3574468,10,4,0.076923,1
Corvus splendens,Sabah,2023,3418.8,3574468,10,21,0.403846,1
Macaca fascicularis,Sabah,2023,3418.8,3574468,10,19,0.365385,1
Malayopython reticulatus,Sabah,2023,3418.8,3574468,10,0,0.0,0
Naja sumatrana,Sabah,2023,3418.8,3574468,10,1,0.019231,1
Sus scrofa,Sabah,2023,3418.8,3574468,10,0,0.0,0
Varanus salvator,Sabah,2023,3418.8,3574468,10,7,0.134615,1
Acridotheres tristis,Sarawak,2023,2453.7,3939113,10,3,0.375,1
Corvus splendens,Sarawak,2023,2453.7,3939113,10,0,0.0,0
Macaca fascicularis,Sarawak,2023,2453.7,3939113,10,2,0.25,1
Malayopython reticulatus,Sarawak,2023,2453.7,3939113,10,0,0.0,0
Naja sumatrana,Sarawak,2023,2453.7,3939113,10,0,0.0,0
Sus scrofa,Sarawak,2023,2453.7,3939113,10,0,0.0,0
Varanus salvator,Sarawak,2023,2453.7,3939113,10,3,0.375,1
Acridotheres tristis,Selangor,2023,6994.4,250250,10,37,0.245033,1
Corvus splendens,Selangor,2023,6994.4,250250,10,94,0.622517,1
Macaca fascicularis,Selangor,2023,6994.4,250250,10,12,0.07947,1
Malayopython reticulatus,Selangor,2023,6994.4,250250,10,2,0.013245,1
Naja sumatrana,Selangor,2023,6994.4,250250,10,0,0.0,0
Sus scrofa,Selangor,2023,6994.4,250250,10,0,0.0,0
Varanus salvator,Selangor,2023,6994.4,250250,10,6,0.039735,1
Acridotheres tristis,Terengganu,2023,1149.4,540309,10,1,1.0,1
Corvus splendens,Terengganu,2023,1149.4,540309,10,0,0.0,0
Macaca fascicularis,Terengganu,2023,1149.4,540309,10,0,0.0,0
Malayopython reticulatus,Terengganu,2023,1149.4,540309,10,0,0.0,0
Naja sumatrana,Terengganu,2023,1149.4,540309,10,0,0.0,0
Sus scrofa,Terengganu,2023,1149.4,540309,10,0,0.0,0
Varanus salvator,Terengganu,2023,1149.4,540309,10,0,0.0,0
Acridotheres tristis,Johor,2023,4009.7,335003,11,13,0.393939,1
Corvus splendens,Johor,2023,4009.7,335003,11,19,0.575758,1
Macaca fascicularis,Johor,2023,4009.7,335003,11,1,0.030303,1
Malayopython reticulatus,Johor,2023,4009.7,335003,11,0,0.0,0
Naja sumatrana,Johor,2023,4009.7,335003,11,0,0.0,0
Sus scrofa,Johor,2023,4009.7,335003,11,0,0.0,0
Varanus salvator,Johor,2023,4009.7,335003,11,0,0.0,0
Acridotheres tristis,Kedah,2023,2131.4,344175,11,31,0.645833,1
Corvus splendens,Kedah,2023,2131.4,344175,11,8,0.166667,1
Macaca fascicularis,Kedah,2023,2131.4,344175,11,7,0.145833,1
Malayopython reticulatus,Kedah,2023,2131.4,344175,11,0,0.0,0
Naja sumatrana,Kedah,2023,2131.4,344175,11,0,0.0,0
Sus scrofa,Kedah,2023,2131.4,344175,11,0,0.0,0
Varanus salvator,Kedah,2023,2131.4,344175,11,2,0.041667,1
Acridotheres tristis,Kuala Lumpur,2023,1982.1,85,11,21,0.283784,1
Corvus splendens,Kuala Lumpur,2023,1982.1,85,11,49,0.662162,1
Macaca fascicularis,Kuala Lumpur,2023,1982.1,85,11,3,0.040541,1
Malayopython reticulatus,Kuala Lumpur,2023,1982.1,85,11,0,0.0,0
Naja sumatrana,Kuala Lumpur,2023,1982.1,85,11,0,0.0,0
Sus scrofa,Kuala Lumpur,2023,1982.1,85,11,0,0.0,0
Varanus salvator,Kuala Lumpur,2023,1982.1,85,11,1,0.013514,1
Acridotheres tristis,Melaka,2023,998.4,5199,11,0,0.0,0
Corvus splendens,Melaka,2023,998.4,5199,11,4,0.666667,1
Macaca fascicularis,Melaka,2023,998.4,5199,11,0,0.0,0
Malayopython reticulatus,Melaka,2023,998.4,5199,11,0,0.0,0
Naja sumatrana,Melaka,2023,998.4,5199,11,0,0.0,0
Sus scrofa,Melaka,2023,998.4,5199,11,0,0.0,0
Varanus salvator,Melaka,2023,998.4,5199,11,2,0.333333,1
Acridotheres tristis,Negeri Sembilan,2023,1200.0,155087,11,33,0.611111,1
Corvus splendens,Negeri Sembilan,2023,1200.0,155087,11,21,0.388889,1
Macaca fascicularis,Negeri Sembilan,2023,1200.0,155087,11,0,0.0,0
Malayopython reticulatus,Negeri Sembilan,2023,1200.0,155087,11,0,0.0,0
Naja sumatrana,Negeri Sembilan,2023,1200.0,155087,11,0,0.0,0
Sus scrofa,Negeri Sembilan,2023,1200.0,155087,11,0,0.0,0
Varanus salvator,Negeri Sembilan,2023,1200.0,155087,11,0,0.0,0
Acridotheres tristis,Pahang,2023,1591.3,1589092,11,10,0.625,1
Corvus splendens,Pahang,2023,1591.3,1589092,11,4,0.25,1
Macaca fascicularis,Pahang,2023,1591.3,1589092,11,1,0.0625,1
Malayopython reticulatus,Pahang,2023,1591.3,1589092,11,0,0.0,0
Naja sumatrana,Pahang,2023,1591.3,1589092,11,0,0.0,0
Sus scrofa,Pahang,2023,1591.3,1589092,11,0,0.0,0
Varanus salvator,Pahang,2023,1591.3,1589092,11,1,0.0625,1
Acridotheres tristis,Perak,2023,2496.0,986021,11,12,0.705882,1
Corvus splendens,Perak,2023,2496.0,986021,11,3,0.176471,1
Macaca fascicularis,Perak,2023,2496.0,986021,11,0,0.0,0
Malayopython reticulatus,Perak,2023,2496.0,986021,11,0,0.0,0
Naja sumatrana,Perak,2023,2496.0,986021,11,0,0.0,0
Sus scrofa,Perak,2023,2496.0,986021,11,1,0.058824,1
Varanus salvator,Perak,2023,2496.0,986021,11,1,0.058824,1
Acridotheres tristis,Perlis,2023,284.9,10854,11,4,1.0,1
Corvus splendens,Perlis,2023,284.9,10854,11,0,0.0,0
Macaca fascicularis,Perlis,2023,284.9,10854,11,0,0.0,0
Malayopython reticulatus,Perlis,2023,284.9,10854,11,0,0.0,0
Naja sumatrana,Perlis,2023,284.9,10854,11,0,0.0,0
Sus scrofa,Perlis,2023,284.9,10854,11,0,0.0,0
Varanus salvator,Perlis,2023,284.9,10854,11,0,0.0,0
Acridotheres tristis,Pulau Pinang,2023,1740.4,6063,11,57,0.410072,1
Corvus splendens,Pulau Pinang,2023,1740.4,6063,11,81,0.582734,1
Macaca fascicularis,Pulau Pinang,2023,1740.4,6063,11,0,0.0,0
Malayopython reticulatus,Pulau Pinang,2023,1740.4,6063,11,0,0.0,0
Naja sumatrana,Pulau Pinang,2023,1740.4,6063,11,0,0.0,0
Sus scrofa,Pulau Pinang,2023,1740.4,6063,11,0,0.0,0
Varanus salvator,Pulau Pinang,2023,1740.4,6063,11,1,0.007194,1
Acridotheres tristis,Putrajaya,2023,109.2,0,11,3,0.5,1
Corvus splendens,Putrajaya,2023,109.2,0,11,3,0.5,1
Macaca fascicularis,Putrajaya,2023,109.2,0,11,0,0.0,0
Malayopython reticulatus,Putrajaya,2023,109.2,0,11,0,0.0,0
Naja sumatrana,Putrajaya,2023,109.2,0,11,0,0.0,0
Sus scrofa,Putrajaya,2023,109.2,0,11,0,0.0,0
Varanus salvator,Putrajaya,2023,109.2,0,11,0,0.0,0
Acridotheres tristis,Sabah,2023,3418.8,3574468,11,0,0.0,0
Corvus splendens,Sabah,2023,3418.8,3574468,11,7,0.411765,1
Macaca fascicularis,Sabah,2023,3418.8,3574468,11,3,0.176471,1
Malayopython reticulatus,Sabah,2023,3418.8,3574468,11,2,0.117647,1
Naja sumatrana,Sabah,2023,3418.8,3574468,11,0,0.0,0
Sus scrofa,Sabah,2023,3418.8,3574468,11,0,0.0,0
Varanus salvator,Sabah,2023,3418.8,3574468,11,5,0.294118,1
Acridotheres tristis,Sarawak,2023,2453.7,3939113,11,4,0.571429,1
Corvus splendens,Sarawak,2023,2453.7,3939113,11,0,0.0,0
Macaca fascicularis,Sarawak,2023,2453.7,3939113,11,0,0.0,0
Malayopython reticulatus,Sarawak,2023,2453.7,3939113,11,0,0.0,0
Naja sumatrana,Sarawak,2023,2453.7,3939113,11,0,0.0,0
Sus scrofa,Sarawak,2023,2453.7,3939113,11,0,0.0,0
Varanus salvator,Sarawak,2023,2453.7,3939113,11,3,0.428571,1
Acridotheres tristis,Selangor,2023,6994.4,250250,11,20,0.238095,1
Corvus splendens,Selangor,2023,6994.4,250250,11,50,0.595238,1
Macaca fascicularis,Selangor,2023,6994.4,250250,11,7,0.083333,1
Malayopython reticulatus,Selangor,2023,6994.4,250250,11,0,0.0,0
Naja sumatrana,Selangor,2023,6994.4,250250,11,0,0.0,0
Sus scrofa,Selangor,2023,6994.4,250250,11,1,0.011905,1
Varanus salvator,Selangor,2023,6994.4,250250,11,6,0.071429,1
Acridotheres tristis,Johor,2023,4009.7,335003,12,27,0.201493,1
Corvus splendens,Johor,2023,4009.7,335003,12,105,0.783582,1
Macaca fascicularis,Johor,2023,4009.7,335003,12,0,0.0,0
Malayopython reticulatus,Johor,2023,4009.7,335003,12,1,0.007463,1
Naja sumatrana,Johor,2023,4009.7,335003,12,0,0.0,0
Sus scrofa,Johor,2023,4009.7,335003,12,0,0.0,0
Varanus salvator,Johor,2023,4009.7,335003,12,1,0.007463,1
Acridotheres tristis,Kedah,2023,2131.4,344175,12,20,0.512821,1
Corvus splendens,Kedah,2023,2131.4,344175,12,12,0.307692,1
Macaca fascicularis,Kedah,2023,2131.4,344175,12,3,0.076923,1
Malayopython reticulatus,Kedah,2023,2131.4,344175,12,1,0.025641,1
Naja sumatrana,Kedah,2023,2131.4,344175,12,0,0.0,0
Sus scrofa,Kedah,2023,2131.4,344175,12,0,0.0,0
Varanus salvator,Kedah,2023,2131.4,344175,12,3,0.076923,1
Acridotheres tristis,Kelantan,2023,1792.5,629881,12,0,0.0,0
Corvus splendens,Kelantan,2023,1792.5,629881,12,0,0.0,0
Macaca fascicularis,Kelantan,2023,1792.5,629881,12,0,0.0,0
Malayopython reticulatus,Kelantan,2023,1792.5,629881,12,0,0.0,0
Naja sumatrana,Kelantan,2023,1792.5,629881,12,0,0.0,0
Sus scrofa,Kelantan,2023,1792.5,629881,12,0,0.0,0
Varanus salvator,Kelantan,2023,1792.5,629881,12,1,1.0,1
Acridotheres tristis,Kuala Lumpur,2023,1982.1,85,12,21,0.291667,1
Corvus splendens,Kuala Lumpur,2023,1982.1,85,12,39,0.541667,1
Macaca fascicularis,Kuala Lumpur,2023,1982.1,85,12,9,0.125,1
Malayopython reticulatus,Kuala Lumpur,2023,1982.1,85,12,0,0.0,0
Naja sumatrana,Kuala Lumpur,2023,1982.1,85,12,1,0.013889,1
Sus scrofa,Kuala Lumpur,2023,1982.1,85,12,0,0.0,0
Varanus salvator,Kuala Lumpur,2023,1982.1,85,12,2,0.027778,1
Acridotheres tristis,Melaka,2023,998.4,5199,12,0,0.0,0
Corvus splendens,Melaka,2023,998.4,5199,12,10,0.909091,1
Macaca fascicularis,Melaka,2023,998.4,5199,12,0,0.0,0
Malayopython reticulatus,Melaka,2023,998.4,5199,12,0,0.0,0
Naja sumatrana,Melaka,2023,998.4,5199,12,0,0.0,0
Sus scrofa,Melaka,2023,998.4,5199,12,0,0.0,0
Varanus salvator,Melaka,2023,998.4,5199,12,1,0.090909,1
Acridotheres tristis,Negeri Sembilan,2023,1200.0,155087,12,26,0.52,1
Corvus splendens,Negeri Sembilan,2023,1200.0,155087,12,23,0.46,1
Macaca fascicularis,Negeri Sembilan,2023,1200.0,155087,12,0,0.0,0
Malayopython reticulatus,Negeri Sembilan,2023,1200.0,155087,12,0,0.0,0
Naja sumatrana,Negeri Sembilan,2023,1200.0,155087,12,1,0.02,1
Sus scrofa,Negeri Sembilan,2023,1200.0,155087,12,0,0.0,0
Varanus salvator,Negeri Sembilan,2023,1200.0,155087,12,0,0.0,0
Acridotheres tristis,Pahang,2023,1591.3,1589092,12,9,0.692308,1
Corvus splendens,Pahang,2023,1591.3,1589092,12,2,0.153846,1
Macaca fascicularis,Pahang,2023,1591.3,1589092,12,0,0.0,0
Malayopython reticulatus,Pahang,2023,1591.3,1589092,12,1,0.076923,1
Naja sumatrana,Pahang,2023,1591.3,1589092,12,0,0.0,0
Sus scrofa,Pahang,2023,1591.3,1589092,12,0,0.0,0
Varanus salvator,Pahang,2023,1591.3,1589092,12,1,0.076923,1
Acridotheres tristis,Perak,2023,2496.0,986021,12,34,0.772727,1
Corvus splendens,Perak,2023,2496.0,986021,12,9,0.204545,1
Macaca fascicularis,Perak,2023,2496.0,986021,12,0,0.0,0
Malayopython reticulatus,Perak,2023,2496.0,986021,12,0,0.0,0
Naja sumatrana,Perak,2023,2496.0,986021,12,0,0.0,0
Sus scrofa,Perak,2023,2496.0,986021,12,0,0.0,0
Varanus salvator,Perak,2023,2496.0,986021,12,1,0.022727,1
Acridotheres tristis,Perlis,2023,284.9,10854,12,4,0.666667,1
Corvus splendens,Perlis,2023,284.9,10854,12,1,0.166667,1
Macaca fascicularis,Perlis,2023,284.9,10854,12,0,0.0,0
Malayopython reticulatus,Perlis,2023,284.9,10854,12,0,0.0,0
Naja sumatrana,Perlis,2023,284.9,10854,12,0,0.0,0
Sus scrofa,Perlis,2023,284.9,10854,12,0,0.0,0
Varanus salvator,Perlis,2023,284.9,10854,12,1,0.166667,1
Acridotheres tristis,Pulau Pinang,2023,1740.4,6063,12,45,0.378151,1
Corvus splendens,Pulau Pinang,2023,1740.4,6063,12,63,0.529412,1
Macaca fascicularis,Pulau Pinang,2023,1740.4,6063,12,7,0.058824,1
Malayopython reticulatus,Pulau Pinang,2023,1740.4,6063,12,0,0.0,0
Naja sumatrana,Pulau Pinang,2023,1740.4,6063,12,0,0.0,0
Sus scrofa,Pulau Pinang,2023,1740.4,6063,12,0,0.0,0
Varanus salvator,Pulau Pinang,2023,1740.4,6063,12,4,0.033613,1
Acridotheres tristis,Putrajaya,2023,109.2,0,12,4,0.666667,1
Corvus splendens,Putrajaya,2023,109.2,0,12,2,0.333333,1
Macaca fascicularis,Putrajaya,2023,109.2,0,12,0,0.0,0
Malayopython reticulatus,Putrajaya,2023,109.2,0,12,0,0.0,0
Naja sumatrana,Putrajaya,2023,109.2,0,12,0,0.0,0
Sus scrofa,Putrajaya,2023,109.2,0,12,0,0.0,0
Varanus salvator,Putrajaya,2023,109.2,0,12,0,0.0,0
Acridotheres tristis,Sabah,2023,3418.8,3574468,12,2,0.111111,1
Corvus splendens,Sabah,2023,3418.8,3574468,12,5,0.277778,1
Macaca fascicularis,Sabah,2023,3418.8,3574468,12,6,0.333333,1
Malayopython reticulatus,Sabah,2023,3418.8,3574468,12,0,0.0,0
Naja sumatrana,Sabah,2023,3418.8,3574468,12,0,0.0,0
Sus scrofa,Sabah,2023,3418.8,3574468,12,0,0.0,0
Varanus salvator,Sabah,2023,3418.8,3574468,12,5,0.277778,1
Acridotheres tristis,Sarawak,2023,2453.7,3939113,12,2,0.333333,1
Corvus splendens,Sarawak,2023,2453.7,3939113,12,0,0.0,0
Macaca fascicularis,Sarawak,2023,2453.7,3939113,12,2,0.333333,1
Malayopython reticulatus,Sarawak,2023,2453.7,3939113,12,0,0.0,0
Naja sumatrana,Sarawak,2023,2453.7,3939113,12,0,0.0,0
Sus scrofa,Sarawak,2023,2453.7,3939113,12,0,0.0,0
Varanus salvator,Sarawak,2023,2453.7,3939113,12,2,0.333333,1
Acridotheres tristis,Selangor,2023,6994.4,250250,12,29,0.245763,1
Corvus splendens,Selangor,2023,6994.4,250250,12,67,0.567797,1
Macaca fascicularis,Selangor,2023,6994.4,250250,12,14,0.118644,1
Malayopython reticulatus,Selangor,2023,6994.4,250250,12,2,0.016949,1
Naja sumatrana,Selangor,2023,6994.4,250250,12,1,0.008475,1
Sus scrofa,Selangor,2023,6994.4,250250,12,0,0.0,0
Varanus salvator,Selangor,2023,6994.4,250250,12,5,0.042373,1
Acridotheres tristis,Johor,2024,4009.7,335003,1,7,0.291667,1
Corvus splendens,Johor,2024,4009.7,335003,1,14,0.583333,1
Macaca fascicularis,Johor,2024,4009.7,335003,1,1,0.041667,1
Malayopython reticulatus,Johor,2024,4009.7,335003,1,0,0.0,0
Naja sumatrana,Johor,2024,4009.7,335003,1,0,0.0,0
Sus scrofa,Johor,2024,4009.7,335003,1,0,0.0,0
Varanus salvator,Johor,2024,4009.7,335003,1,2,0.083333,1
Acridotheres tristis,Kedah,2024,2131.4,344175,1,56,0.7,1
Corvus splendens,Kedah,2024,2131.4,344175,1,20,0.25,1
Macaca fascicularis,Kedah,2024,2131.4,344175,1,1,0.0125,1
Malayopython reticulatus,Kedah,2024,2131.4,344175,1,0,0.0,0
Naja sumatrana,Kedah,2024,2131.4,344175,1,0,0.0,0
Sus scrofa,Kedah,2024,2131.4,344175,1,0,0.0,0
Varanus salvator,Kedah,2024,2131.4,344175,1,3,0.0375,1
Acridotheres tristis,Kelantan,2024,1792.5,629881,1,6,1.0,1
Corvus splendens,Kelantan,2024,1792.5,629881,1,0,0.0,0
Macaca fascicularis,Kelantan,2024,1792.5,629881,1,0,0.0,0
Malayopython reticulatus,Kelantan,2024,1792.5,629881,1,0,0.0,0
Naja sumatrana,Kelantan,2024,1792.5,629881,1,0,0.0,0
Sus scrofa,Kelantan,2024,1792.5,629881,1,0,0.0,0
Varanus salvator,Kelantan,2024,1792.5,629881,1,0,0.0,0
Acridotheres tristis,Kuala Lumpur,2024,1982.1,85,1,20,0.307692,1
Corvus splendens,Kuala Lumpur,2024,1982.1,85,1,40,0.615385,1
Macaca fascicularis,Kuala Lumpur,2024,1982.1,85,1,4,0.061538,1
Malayopython reticulatus,Kuala Lumpur,2024,1982.1,85,1,0,0.0,0
Naja sumatrana,Kuala Lumpur,2024,1982.1,85,1,0,0.0,0
Sus scrofa,Kuala Lumpur,2024,1982.1,85,1,0,0.0,0
Varanus salvator,Kuala Lumpur,2024,1982.1,85,1,1,0.015385,1
Acridotheres tristis,Melaka,2024,998.4,5199,1,2,0.333333,1
Corvus splendens,Melaka,2024,998.4,5199,1,1,0.166667,1
Macaca fascicularis,Melaka,2024,998.4,5199,1,0,0.0,0
Malayopython reticulatus,Melaka,2024,998.4,5199,1,0,0.0,0
Naja sumatrana,Melaka,2024,998.4,5199,1,0,0.0,0
Sus scrofa,Melaka,2024,998.4,5199,1,0,0.0,0
Varanus salvator,Melaka,2024,998.4,5199,1,3,0.5,1
Acridotheres tristis,Negeri Sembilan,2024,1200.0,155087,1,28,0.430769,1
Corvus splendens,Negeri Sembilan,2024,1200.0,155087,1,37,0.569231,1
Macaca fascicularis,Negeri Sembilan,2024,1200.0,155087,1,0,0.0,0
Malayopython reticulatus,Negeri Sembilan,2024,1200.0,155087,1,0,0.0,0
Naja sumatrana,Negeri Sembilan,2024,1200.0,155087,1,0,0.0,0
Sus scrofa,Negeri Sembilan,2024,1200.0,155087,1,0,0.0,0
Varanus salvator,Negeri Sembilan,2024,1200.0,155087,1,0,0.0,0
Acridotheres tristis,Pahang,2024,1591.3,1589092,1,10,0.47619,1
Corvus splendens,Pahang,2024,1591.3,1589092,1,4,0.190476,1
Macaca fascicularis,Pahang,2024,1591.3,1589092,1,3,0.142857,1
Malayopython reticulatus,Pahang,2024,1591.3,1589092,1,0,0.0,0
Naja sumatrana,Pahang,2024,1591.3,1589092,1,0,0.0,0
Sus scrofa,Pahang,2024,1591.3,1589092,1,0,0.0,0
Varanus salvator,Pahang,2024,1591.3,1589092,1,4,0.190476,1
Acridotheres tristis,Perak,2024,2496.0,986021,1,25,0.462963,1
Corvus splendens,Perak,2024,2496.0,986021,1,13,0.240741,1
Macaca fascicularis,Perak,2024,2496.0,986021,1,8,0.148148,1
Malayopython reticulatus,Perak,2024,2496.0,986021,1,0,0.0,0
Naja sumatrana,Perak,2024,2496.0,986021,1,0,0.0,0
Sus scrofa,Perak,2024,2496.0,986021,1,0,0.0,0
Varanus salvator,Perak,2024,2496.0,986021,1,8,0.148148,1
Acridotheres tristis,Perlis,2024,284.9,10854,1,5,0.833333,1
Corvus splendens,Perlis,2024,284.9,10854,1,0,0.0,0
Macaca fascicularis,Perlis,2024,284.9,10854,1,0,0.0,0
Malayopython reticulatus,Perlis,2024,284.9,10854,1,1,0.166667,1
Naja sumatrana,Perlis,2024,284.9,10854,1,0,0.0,0
Sus scrofa,Perlis,2024,284.9,10854,1,0,0.0,0
Varanus salvator,Perlis,2024,284.9,10854,1,0,0.0,0
Acridotheres tristis,Pulau Pinang,2024,1740.4,6063,1,40,0.36036,1
Corvus splendens,Pulau Pinang,2024,1740.4,6063,1,42,0.378378,1
Macaca fascicularis,Pulau Pinang,2024,1740.4,6063,1,7,0.063063,1
Malayopython reticulatus,Pulau Pinang,2024,1740.4,6063,1,0,0.0,0
Naja sumatrana,Pulau Pinang,2024,1740.4,6063,1,0,0.0,0
Sus scrofa,Pulau Pinang,2024,1740.4,6063,1,0,0.0,0
Varanus salvator,Pulau Pinang,2024,1740.4,6063,1,22,0.198198,1
Acridotheres tristis,Putrajaya,2024,109.2,0,1,3,0.375,1
Corvus splendens,Putrajaya,2024,109.2,0,1,5,0.625,1
Macaca fascicularis,Putrajaya,2024,109.2,0,1,0,0.0,0
Malayopython reticulatus,Putrajaya,2024,109.2,0,1,0,0.0,0
Naja sumatrana,Putrajaya,2024,109.2,0,1,0,0.0,0
Sus scrofa,Putrajaya,2024,109.2,0,1,0,0.0,0
Varanus salvator,Putrajaya,2024,109.2,0,1,0,0.0,0
Acridotheres tristis,Sabah,2024,3418.8,3574468,1,2,0.095238,1
Corvus splendens,Sabah,2024,3418.8,3574468,1,5,0.238095,1
Macaca fascicularis,Sabah,2024,3418.8,3574468,1,3,0.142857,1
Malayopython reticulatus,Sabah,2024,3418.8,3574468,1,0,0.0,0
Naja sumatrana,Sabah,2024,3418.8,3574468,1,1,0.047619,1
Sus scrofa,Sabah,2024,3418.8,3574468,1,0,0.0,0
Varanus salvator,Sabah,2024,3418.8,3574468,1,10,0.47619,1
Acridotheres tristis,Sarawak,2024,2453.7,3939113,1,10,0.5,1
Corvus splendens,Sarawak,2024,2453.7,3939113,1,0,0.0,0
Macaca fascicularis,Sarawak,2024,2453.7,3939113,1,1,0.05,1
Malayopython reticulatus,Sarawak,2024,2453.7,3939113,1,0,0.0,0
Naja sumatrana,Sarawak,2024,2453.7,3939113,1,0,0.0,0
Sus scrofa,Sarawak,2024,2453.7,3939113,1,0,0.0,0
Varanus salvator,Sarawak,2024,2453.7,3939113,1,9,0.45,1
Acridotheres tristis,Selangor,2024,6994.4,250250,1,36,0.270677,1
Corvus splendens,Selangor,2024,6994.4,250250,1,76,0.571429,1
Macaca fascicularis,Selangor,2024,6994.4,250250,1,12,0.090226,1
Malayopython reticulatus,Selangor,2024,6994.4,250250,1,1,0.007519,1
Naja sumatrana,Selangor,2024,6994.4,250250,1,0,0.0,0
Sus scrofa,Selangor,2024,6994.4,250250,1,1,0.007519,1
Varanus salvator,Selangor,2024,6994.4,250250,1,7,0.052632,1
Acridotheres tristis,Johor,2024,4009.7,335003,2,14,0.411765,1
Corvus splendens,Johor,2024,4009.7,335003,2,11,0.323529,1
Macaca fascicularis,Johor,2024,4009.7,335003,2,0,0.0,0
Malayopython reticulatus,Johor,2024,4009.7,335003,2,1,0.029412,1
Naja sumatrana,Johor,2024,4009.7,335003,2,0,0.0,0
Sus scrofa,Johor,2024,4009.7,335003,2,0,0.0,0
Varanus salvator,Johor,2024,4009.7,335003,2,8,0.235294,1
Acridotheres tristis,Kedah,2024,2131.4,344175,2,42,0.677419,1
Corvus splendens,Kedah,2024,2131.4,344175,2,12,0.193548,1
Macaca fascicularis,Kedah,2024,2131.4,344175,2,6,0.096774,1
Malayopython reticulatus,Kedah,2024,2131.4,344175,2,0,0.0,0
Naja sumatrana,Kedah,2024,2131.4,344175,2,0,0.0,0
Sus scrofa,Kedah,2024,2131.4,344175,2,0,0.0,0
Varanus salvator,Kedah,2024,2131.4,344175,2,2,0.032258,1
Acridotheres tristis,Kelantan,2024,1792.5,629881,2,1,1.0,1
Corvus splendens,Kelantan,2024,1792.5,629881,2,0,0.0,0
Macaca fascicularis,Kelantan,2024,1792.5,629881,2,0,0.0,0
Malayopython reticulatus,Kelantan,2024,1792.5,629881,2,0,0.0,0
Naja sumatrana,Kelantan,2024,1792.5,629881,2,0,0.0,0
Sus scrofa,Kelantan,2024,1792.5,629881,2,0,0.0,0
Varanus salvator,Kelantan,2024,1792.5,629881,2,0,0.0,0
Acridotheres tristis,Kuala Lumpur,2024,1982.1,85,2,24,0.380952,1
Corvus splendens,Kuala Lumpur,2024,1982.1,85,2,34,0.539683,1
Macaca fascicularis,Kuala Lumpur,2024,1982.1,85,2,1,0.015873,1
Malayopython reticulatus,Kuala Lumpur,2024,1982.1,85,2,0,0.0,0
Naja sumatrana,Kuala Lumpur,2024,1982.1,85,2,0,0.0,0
Sus scrofa,Kuala Lumpur,2024,1982.1,85,2,0,0.0,0
Varanus salvator,Kuala Lumpur,2024,1982.1,85,2,4,0.063492,1
Acridotheres tristis,Melaka,2024,998.4,5199,2,5,0.294118,1
Corvus splendens,Melaka,2024,998.4,5199,2,12,0.705882,1
Macaca fascicularis,Melaka,2024,998.4,5199,2,0,0.0,0
Malayopython reticulatus,Melaka,2024,998.4,5199,2,0,0.0,0
Naja sumatrana,Melaka,2024,998.4,5199,2,0,0.0,0
Sus scrofa,Melaka,2024,998.4,5199,2,0,0.0,0
Varanus salvator,Melaka,2024,998.4,5199,2,0,0.0,0
Acridotheres tristis,Negeri Sembilan,2024,1200.0,155087,2,4,0.333333,1
Corvus splendens,Negeri Sembilan,2024,1200.0,155087,2,5,0.416667,1
Macaca fascicularis,Negeri Sembilan,2024,1200.0,155087,2,2,0.166667,1
Malayopython reticulatus,Negeri Sembilan,2024,1200.0,155087,2,0,0.0,0
Naja sumatrana,Negeri Sembilan,2024,1200.0,155087,2,0,0.0,0
Sus scrofa,Negeri Sembilan,2024,1200.0,155087,2,0,0.0,0
Varanus salvator,Negeri Sembilan,2024,1200.0,155087,2,1,0.083333,1
Acridotheres tristis,Pahang,2024,1591.3,1589092,2,10,0.769231,1
Corvus splendens,Pahang,2024,1591.3,1589092,2,0,0.0,0
Macaca fascicularis,Pahang,2024,1591.3,1589092,2,3,0.230769,1
Malayopython reticulatus,Pahang,2024,1591.3,1589092,2,0,0.0,0
Naja sumatrana,Pahang,2024,1591.3,1589092,2,0,0.0,0
Sus scrofa,Pahang,2024,1591.3,1589092,2,0,0.0,0
Varanus salvator,Pahang,2024,1591.3,1589092,2,0,0.0,0
Acridotheres tristis,Perak,2024,2496.0,986021,2,43,0.704918,1
Corvus splendens,Perak,2024,2496.0,986021,2,7,0.114754,1
Macaca fascicularis,Perak,2024,2496.0,986021,2,5,0.081967,1
Malayopython reticulatus,Perak,2024,2496.0,986021,2,0,0.0,0
Naja sumatrana,Perak,2024,2496.0,986021,2,0,0.0,0
Sus scrofa,Perak,2024,2496.0,986021,2,2,0.032787,1
Varanus salvator,Perak,2024,2496.0,986021,2,4,0.065574,1
Acridotheres tristis,Perlis,2024,284.9,10854,2,9,0.75,1
Corvus splendens,Perlis,2024,284.9,10854,2,0,0.0,0
Macaca fascicularis,Perlis,2024,284.9,10854,2,0,0.0,0
Malayopython reticulatus,Perlis,2024,284.9,10854,2,0,0.0,0
Naja sumatrana,Perlis,2024,284.9,10854,2,0,0.0,0
Sus scrofa,Perlis,2024,284.9,10854,2,3,0.25,1
Varanus salvator,Perlis,2024,284.9,10854,2,0,0.0,0
Acridotheres tristis,Pulau Pinang,2024,1740.4,6063,2,45,0.401786,1
Corvus splendens,Pulau Pinang,2024,1740.4,6063,2,58,0.517857,1
Macaca fascicularis,Pulau Pinang,2024,1740.4,6063,2,2,0.017857,1
Malayopython reticulatus,Pulau Pinang,2024,1740.4,6063,2,0,0.0,0
Naja sumatrana,Pulau Pinang,2024,1740.4,6063,2,0,0.0,0
Sus scrofa,Pulau Pinang,2024,1740.4,6063,2,1,0.008929,1
Varanus salvator,Pulau Pinang,2024,1740.4,6063,2,6,0.053571,1
Acridotheres tristis,Putrajaya,2024,109.2,0,2,3,0.5,1
Corvus splendens,Putrajaya,2024,109.2,0,2,3,0.5,1
Macaca fascicularis,Putrajaya,2024,109.2,0,2,0,0.0,0
Malayopython reticulatus,Putrajaya,2024,109.2,0,2,0,0.0,0
Naja sumatrana,Putrajaya,2024,109.2,0,2,0,0.0,0
Sus scrofa,Putrajaya,2024,109.2,0,2,0,0.0,0
Varanus salvator,Putrajaya,2024,109.2,0,2,0,0.0,0
Acridotheres tristis,Sabah,2024,3418.8,3574468,2,4,0.093023,1
Corvus splendens,Sabah,2024,3418.8,3574468,2,17,0.395349,1
Macaca fascicularis,Sabah,2024,3418.8,3574468,2,13,0.302326,1
Malayopython reticulatus,Sabah,2024,3418.8,3574468,2,0,0.0,0
Naja sumatrana,Sabah,2024,3418.8,3574468,2,0,0.0,0
Sus scrofa,Sabah,2024,3418.8,3574468,2,0,0.0,0
Varanus salvator,Sabah,2024,3418.8,3574468,2,9,0.209302,1
Acridotheres tristis,Sarawak,2024,2453.7,3939113,2,12,0.666667,1
Corvus splendens,Sarawak,2024,2453.7,3939113,2,0,0.0,0
Macaca fascicularis,Sarawak,2024,2453.7,3939113,2,2,0.111111,1
Malayopython reticulatus,Sarawak,2024,2453.7,3939113,2,1,0.055556,1
Naja sumatrana,Sarawak,2024,2453.7,3939113,2,0,0.0,0
Sus scrofa,Sarawak,2024,2453.7,3939113,2,0,0.0,0
Varanus salvator,Sarawak,2024,2453.7,3939113,2,3,0.166667,1
Acridotheres tristis,Selangor,2024,6994.4,250250,2,40,0.273973,1
Corvus splendens,Selangor,2024,6994.4,250250,2,97,0.664384,1
Macaca fascicularis,Selangor,2024,6994.4,250250,2,7,0.047945,1
Malayopython reticulatus,Selangor,2024,6994.4,250250,2,1,0.006849,1
Naja sumatrana,Selangor,2024,6994.4,250250,2,0,0.0,0
Sus scrofa,Selangor,2024,6994.4,250250,2,0,0.0,0
Varanus salvator,Selangor,2024,6994.4,250250,2,1,0.006849,1
Acridotheres tristis,Terengganu,2024,1149.4,540309,2,1,0.333333,1
Corvus splendens,Terengganu,2024,1149.4,540309,2,0,0.0,0
Macaca fascicularis,Terengganu,2024,1149.4,540309,2,0,0.0,0
Malayopython reticulatus,Terengganu,2024,1149.4,540309,2,0,0.0,0
Naja sumatrana,Terengganu,2024,1149.4,540309,2,0,0.0,0
Sus scrofa,Terengganu,2024,1149.4,540309,2,2,0.666667,1
Varanus salvator,Terengganu,2024,1149.4,540309,2,0,0.0,0
Acridotheres tristis,Johor,2024,4009.7,335003,3,21,0.304348,1
Corvus splendens,Johor,2024,4009.7,335003,3,36,0.521739,1
Macaca fascicularis,Johor,2024,4009.7,335003,3,4,0.057971,1
Malayopython reticulatus,Johor,2024,4009.7,335003,3,3,0.043478,1
Naja sumatrana,Johor,2024,4009.7,335003,3,0,0.0,0
Sus scrofa,Johor,2024,4009.7,335003,3,0,0.0,0
Varanus salvator,Johor,2024,4009.7,335003,3,5,0.072464,1
Acridotheres tristis,Kedah,2024,2131.4,344175,3,23,0.605263,1
Corvus splendens,Kedah,2024,2131.4,344175,3,13,0.342105,1
Macaca fascicularis,Kedah,2024,2131.4,344175,3,2,0.052632,1
Malayopython reticulatus,Kedah,2024,2131.4,344175,3,0,0.0,0
Naja sumatrana,Kedah,2024,2131.4,344175,3,0,0.0,0
Sus scrofa,Kedah,2024,2131.4,344175,3,0,0.0,0
Varanus salvator,Kedah,2024,2131.4,344175,3,0,0.0,0
Acridotheres tristis,Kuala Lumpur,2024,1982.1,85,3,32,0.363636,1
Corvus splendens,Kuala Lumpur,2024,1982.1,85,3,44,0.5,1
Macaca fascicularis,Kuala Lumpur,2024,1982.1,85,3,8,0.090909,1
Malayopython reticulatus,Kuala Lumpur,2024,1982.1,85,3,0,0.0,0
Naja sumatrana,Kuala Lumpur,2024,1982.1,85,3,0,0.0,0
Sus scrofa,Kuala Lumpur,2024,1982.1,85,3,0,0.0,0
Varanus salvator,Kuala Lumpur,2024,1982.1,85,3,4,0.045455,1
Acridotheres tristis,Melaka,2024,998.4,5199,3,2,0.083333,1
Corvus splendens,Melaka,2024,998.4,5199,3,17,0.708333,1
Macaca fascicularis,Melaka,2024,998.4,5199,3,0,0.0,0
Malayopython reticulatus,Melaka,2024,998.4,5199,3,0,0.0,0
Naja sumatrana,Melaka,2024,998.4,5199,3,0,0.0,0
Sus scrofa,Melaka,2024,998.4,5199,3,0,0.0,0
Varanus salvator,Melaka,2024,998.4,5199,3,5,0.208333,1
Acridotheres tristis,Negeri Sembilan,2024,1200.0,155087,3,19,0.387755,1
Corvus splendens,Negeri Sembilan,2024,1200.0,155087,3,30,0.612245,1
Macaca fascicularis,Negeri Sembilan,2024,1200.0,155087,3,0,0.0,0
Malayopython reticulatus,Negeri Sembilan,2024,1200.0,155087,3,0,0.0,0
Naja sumatrana,Negeri Sembilan,2024,1200.0,155087,3,0,0.0,0
Sus scrofa,Negeri Sembilan,2024,1200.0,155087,3,0,0.0,0
Varanus salvator,Negeri Sembilan,2024,1200.0,155087,3,0,0.0,0
Acridotheres tristis,Pahang,2024,1591.3,1589092,3,32,0.695652,1
Corvus splendens,Pahang,2024,1591.3,1589092,3,10,0.217391,1
Macaca fascicularis,Pahang,2024,1591.3,1589092,3,2,0.043478,1
Malayopython reticulatus,Pahang,2024,1591.3,1589092,3,0,0.0,0
Naja sumatrana,Pahang,2024,1591.3,1589092,3,0,0.0,0
Sus scrofa,Pahang,2024,1591.3,1589092,3,2,0.043478,1
Varanus salvator,Pahang,2024,1591.3,1589092,3,0,0.0,0
Acridotheres tristis,Perak,2024,2496.0,986021,3,10,0.625,1
Corvus splendens,Perak,2024,2496.0,986021,3,3,0.1875,1
Macaca fascicularis,Perak,2024,2496.0,986021,3,2,0.125,1
Malayopython reticulatus,Perak,2024,2496.0,986021,3,0,0.0,0
Naja sumatrana,Perak,2024,2496.0,986021,3,0,0.0,0
Sus scrofa,Perak,2024,2496.0,986021,3,0,0.0,0
Varanus salvator,Perak,2024,2496.0,986021,3,1,0.0625,1
Acridotheres tristis,Perlis,2024,284.9,10854,3,3,1.0,1
Corvus splendens,Perlis,2024,284.9,10854,3,0,0.0,0
Macaca fascicularis,Perlis,2024,284.9,10854,3,0,0.0,0
Malayopython reticulatus,Perlis,2024,284.9,10854,3,0,0.0,0
Naja sumatrana,Perlis,2024,284.9,10854,3,0,0.0,0
Sus scrofa,Perlis,2024,284.9,10854,3,0,0.0,0
Varanus salvator,Perlis,2024,284.9,10854,3,0,0.0,0
Acridotheres tristis,Pulau Pinang,2024,1740.4,6063,3,28,0.388889,1
Corvus splendens,Pulau Pinang,2024,1740.4,6063,3,32,0.444444,1
Macaca fascicularis,Pulau Pinang,2024,1740.4,6063,3,5,0.069444,1
Malayopython reticulatus,Pulau Pinang,2024,1740.4,6063,3,1,0.013889,1
Naja sumatrana,Pulau Pinang,2024,1740.4,6063,3,1,0.013889,1
Sus scrofa,Pulau Pinang,2024,1740.4,6063,3,0,0.0,0
Varanus salvator,Pulau Pinang,2024,1740.4,6063,3,5,0.069444,1
Acridotheres tristis,Putrajaya,2024,109.2,0,3,3,0.428571,1
Corvus splendens,Putrajaya,2024,109.2,0,3,4,0.571429,1
Macaca fascicularis,Putrajaya,2024,109.2,0,3,0,0.0,0
Malayopython reticulatus,Putrajaya,2024,109.2,0,3,0,0.0,0
Naja sumatrana,Putrajaya,2024,109.2,0,3,0,0.0,0
Sus scrofa,Putrajaya,2024,109.2,0,3,0,0.0,0
Varanus salvator,Putrajaya,2024,109.2,0,3,0,0.0,0
Acridotheres tristis,Sabah,2024,3418.8,3574468,3,6,0.117647,1
Corvus splendens,Sabah,2024,3418.8,3574468,3,13,0.254902,1
Macaca fascicularis,Sabah,2024,3418.8,3574468,3,17,0.333333,1
Malayopython reticulatus,Sabah,2024,3418.8,3574468,3,4,0.078431,1
Naja sumatrana,Sabah,2024,3418.8,3574468,3,0,0.0,0
Sus scrofa,Sabah,2024,3418.8,3574468,3,0,0.0,0
Varanus salvator,Sabah,2024,3418.8,3574468,3,11,0.215686,1
Acridotheres tristis,Sarawak,2024,2453.7,3939113,3,17,0.772727,1
Corvus splendens,Sarawak,2024,2453.7,3939113,3,0,0.0,0
Macaca fascicularis,Sarawak,2024,2453.7,3939113,3,1,0.045455,1
Malayopython reticulatus,Sarawak,2024,2453.7,3939113,3,1,0.045455,1
Naja sumatrana,Sarawak,2024,2453.7,3939113,3,2,0.090909,1
Sus scrofa,Sarawak,2024,2453.7,3939113,3,0,0.0,0
Varanus salvator,Sarawak,2024,2453.7,3939113,3,1,0.045455,1
Acridotheres tristis,Selangor,2024,6994.4,250250,3,43,0.263804,1
Corvus splendens,Selangor,2024,6994.4,250250,3,104,0.638037,1
Macaca fascicularis,Selangor,2024,6994.4,250250,3,12,0.07362,1
Malayopython reticulatus,Selangor,2024,6994.4,250250,3,0,0.0,0
Naja sumatrana,Selangor,2024,6994.4,250250,3,0,0.0,0
Sus scrofa,Selangor,2024,6994.4,250250,3,0,0.0,0
Varanus salvator,Selangor,2024,6994.4,250250,3,4,0.02454,1
Acridotheres tristis,Terengganu,2024,1149.4,540309,3,0,0.0,0
Corvus splendens,Terengganu,2024,1149.4,540309,3,0,0.0,0
Macaca fascicularis,Terengganu,2024,1149.4,540309,3,1,0.5,1
Malayopython reticulatus,Terengganu,2024,1149.4,540309,3,0,0.0,0
Naja sumatrana,Terengganu,2024,1149.4,540309,3,0,0.0,0
Sus scrofa,Terengganu,2024,1149.4,540309,3,0,0.0,0
Varanus salvator,Terengganu,2024,1149.4,540309,3,1,0.5,1
Acridotheres tristis,Johor,2024,4009.7,335003,4,14,0.175,1
Corvus splendens,Johor,2024,4009.7,335003,4,40,0.5,1
Macaca fascicularis,Johor,2024,4009.7,335003,4,9,0.1125,1
Malayopython reticulatus,Johor,2024,4009.7,335003,4,0,0.0,0
Naja sumatrana,Johor,2024,4009.7,335003,4,0,0.0,0
Sus scrofa,Johor,2024,4009.7,335003,4,2,0.025,1
Varanus salvator,Johor,2024,4009.7,335003,4,15,0.1875,1
Acridotheres tristis,Kedah,2024,2131.4,344175,4,18,0.782609,1
Corvus splendens,Kedah,2024,2131.4,344175,4,4,0.173913,1
Macaca fascicularis,Kedah,2024,2131.4,344175,4,0,0.0,0
Malayopython reticulatus,Kedah,2024,2131.4,344175,4,0,0.0,0
Naja sumatrana,Kedah,2024,2131.4,344175,4,0,0.0,0
Sus scrofa,Kedah,2024,2131.4,344175,4,0,0.0,0
Varanus salvator,Kedah,2024,2131.4,344175,4,1,0.043478,1
Acridotheres tristis,Kelantan,2024,1792.5,629881,4,2,0.5,1
Corvus splendens,Kelantan,2024,1792.5,629881,4,0,0.0,0
Macaca fascicularis,Kelantan,2024,1792.5,629881,4,0,0.0,0
Malayopython reticulatus,Kelantan,2024,1792.5,629881,4,0,0.0,0
Naja sumatrana,Kelantan,2024,1792.5,629881,4,0,0.0,0
Sus scrofa,Kelantan,2024,1792.5,629881,4,0,0.0,0
Varanus salvator,Kelantan,2024,1792.5,629881,4,2,0.5,1
Acridotheres tristis,Kuala Lumpur,2024,1982.1,85,4,27,0.435484,1
Corvus splendens,Kuala Lumpur,2024,1982.1,85,4,33,0.532258,1
Macaca fascicularis,Kuala Lumpur,2024,1982.1,85,4,1,0.016129,1
Malayopython reticulatus,Kuala Lumpur,2024,1982.1,85,4,0,0.0,0
Naja sumatrana,Kuala Lumpur,2024,1982.1,85,4,0,0.0,0
Sus scrofa,Kuala Lumpur,2024,1982.1,85,4,0,0.0,0
Varanus salvator,Kuala Lumpur,2024,1982.1,85,4,1,0.016129,1
Acridotheres tristis,Melaka,2024,998.4,5199,4,7,0.538462,1
Corvus splendens,Melaka,2024,998.4,5199,4,5,0.384615,1
Macaca fascicularis,Melaka,2024,998.4,5199,4,0,0.0,0
Malayopython reticulatus,Melaka,2024,998.4,5199,4,0,0.0,0
Naja sumatrana,Melaka,2024,998.4,5199,4,0,0.0,0
Sus scrofa,Melaka,2024,998.4,5199,4,0,0.0,0
Varanus salvator,Melaka,2024,998.4,5199,4,1,0.076923,1
Acridotheres tristis,Negeri Sembilan,2024,1200.0,155087,4,18,0.375,1
Corvus splendens,Negeri Sembilan,2024,1200.0,155087,4,30,0.625,1
Macaca fascicularis,Negeri Sembilan,2024,1200.0,155087,4,0,0.0,0
Malayopython reticulatus,Negeri Sembilan,2024,1200.0,155087,4,0,0.0,0
Naja sumatrana,Negeri Sembilan,2024,1200.0,155087,4,0,0.0,0
Sus scrofa,Negeri Sembilan,2024,1200.0,155087,4,0,0.0,0
Varanus salvator,Negeri Sembilan,2024,1200.0,155087,4,0,0.0,0
Acridotheres tristis,Pahang,2024,1591.3,1589092,4,22,0.916667,1
Corvus splendens,Pahang,2024,1591.3,1589092,4,2,0.083333,1
Macaca fascicularis,Pahang,2024,1591.3,1589092,4,0,0.0,0
Malayopython reticulatus,Pahang,2024,1591.3,1589092,4,0,0.0,0
Naja sumatrana,Pahang,2024,1591.3,1589092,4,0,0.0,0
Sus scrofa,Pahang,2024,1591.3,1589092,4,0,0.0,0
Varanus salvator,Pahang,2024,1591.3,1589092,4,0,0.0,0
Acridotheres tristis,Perak,2024,2496.0,986021,4,15,0.9375,1
Corvus splendens,Perak,2024,2496.0,986021,4,1,0.0625,1
Macaca fascicularis,Perak,2024,2496.0,986021,4,0,0.0,0
Malayopython reticulatus,Perak,2024,2496.0,986021,4,0,0.0,0
Naja sumatrana,Perak,2024,2496.0,986021,4,0,0.0,0
Sus scrofa,Perak,2024,2496.0,986021,4,0,0.0,0
Varanus salvator,Perak,2024,2496.0,986021,4,0,0.0,0
Acridotheres tristis,Pulau Pinang,2024,1740.4,6063,4,33,0.428571,1
Corvus splendens,Pulau Pinang,2024,1740.4,6063,4,39,0.506494,1
Macaca fascicularis,Pulau Pinang,2024,1740.4,6063,4,3,0.038961,1
Malayopython reticulatus,Pulau Pinang,2024,1740.4,6063,4,0,0.0,0
Naja sumatrana,Pulau Pinang,2024,1740.4,6063,4,0,0.0,0
Sus scrofa,Pulau Pinang,2024,1740.4,6063,4,0,0.0,0
Varanus salvator,Pulau Pinang,2024,1740.4,6063,4,2,0.025974,1
Acridotheres tristis,Putrajaya,2024,109.2,0,4,3,0.375,1
Corvus splendens,Putrajaya,2024,109.2,0,4,5,0.625,1
Macaca fascicularis,Putrajaya,2024,109.2,0,4,0,0.0,0
Malayopython reticulatus,Putrajaya,2024,109.2,0,4,0,0.0,0
Naja sumatrana,Putrajaya,2024,109.2,0,4,0,0.0,0
Sus scrofa,Putrajaya,2024,109.2,0,4,0,0.0,0
Varanus salvator,Putrajaya,2024,109.2,0,4,0,0.0,0
Acridotheres tristis,Sabah,2024,3418.8,3574468,4,2,0.0625,1
Corvus splendens,Sabah,2024,3418.8,3574468,4,15,0.46875,1
Macaca fascicularis,Sabah,2024,3418.8,3574468,4,6,0.1875,1
Malayopython reticulatus,Sabah,2024,3418.8,3574468,4,0,0.0,0
Naja sumatrana,Sabah,2024,3418.8,3574468,4,0,0.0,0
Sus scrofa,Sabah,2024,3418.8,3574468,4,0,0.0,0
Varanus salvator,Sabah,2024,3418.8,3574468,4,9,0.28125,1
Acridotheres tristis,Sarawak,2024,2453.7,3939113,4,19,0.76,1
Corvus splendens,Sarawak,2024,2453.7,3939113,4,0,0.0,0
Macaca fascicularis,Sarawak,2024,2453.7,3939113,4,4,0.16,1
Malayopython reticulatus,Sarawak,2024,2453.7,3939113,4,0,0.0,0
Naja sumatrana,Sarawak,2024,2453.7,3939113,4,0,0.0,0
Sus scrofa,Sarawak,2024,2453.7,3939113,4,0,0.0,0
Varanus salvator,Sarawak,2024,2453.7,3939113,4,2,0.08,1
Acridotheres tristis,Selangor,2024,6994.4,250250,4,30,0.26087,1
Corvus splendens,Selangor,2024,6994.4,250250,4,76,0.66087,1
Macaca fascicularis,Selangor,2024,6994.4,250250,4,6,0.052174,1
Malayopython reticulatus,Selangor,2024,6994.4,250250,4,0,0.0,0
Naja sumatrana,Selangor,2024,6994.4,250250,4,0,0.0,0
Sus scrofa,Selangor,2024,6994.4,250250,4,0,0.0,0
Varanus salvator,Selangor,2024,6994.4,250250,4,3,0.026087,1
Acridotheres tristis,Terengganu,2024,1149.4,540309,4,0,0.0,0
Corvus splendens,Terengganu,2024,1149.4,540309,4,0,0.0,0
Macaca fascicularis,Terengganu,2024,1149.4,540309,4,0,0.0,0
Malayopython reticulatus,Terengganu,2024,1149.4,540309,4,0,0.0,0
Naja sumatrana,Terengganu,2024,1149.4,540309,4,0,0.0,0
Sus scrofa,Terengganu,2024,1149.4,540309,4,0,0.0,0
Varanus salvator,Terengganu,2024,1149.4,540309,4,1,1.0,1
Acridotheres tristis,Johor,2024,4009.7,335003,5,14,0.304348,1
Corvus splendens,Johor,2024,4009.7,335003,5,26,0.565217,1
Macaca fascicularis,Johor,2024,4009.7,335003,5,2,0.043478,1
Malayopython reticulatus,Johor,2024,4009.7,335003,5,0,0.0,0
Naja sumatrana,Johor,2024,4009.7,335003,5,0,0.0,0
Sus scrofa,Johor,2024,4009.7,335003,5,0,0.0,0
Varanus salvator,Johor,2024,4009.7,335003,5,4,0.086957,1
Acridotheres tristis,Kedah,2024,2131.4,344175,5,14,0.823529,1
Corvus splendens,Kedah,2024,2131.4,344175,5,2,0.117647,1
Macaca fascicularis,Kedah,2024,2131.4,344175,5,1,0.058824,1
Malayopython reticulatus,Kedah,2024,2131.4,344175,5,0,0.0,0
Naja sumatrana,Kedah,2024,2131.4,344175,5,0,0.0,0
Sus scrofa,Kedah,2024,2131.4,344175,5,0,0.0,0
Varanus salvator,Kedah,2024,2131.4,344175,5,0,0.0,0
Acridotheres tristis,Kuala Lumpur,2024,1982.1,85,5,24,0.352941,1
Corvus splendens,Kuala Lumpur,2024,1982.1,85,5,41,0.602941,1
Macaca fascicularis,Kuala Lumpur,2024,1982.1,85,5,2,0.029412,1
Malayopython reticulatus,Kuala Lumpur,2024,1982.1,85,5,0,0.0,0
Naja sumatrana,Kuala Lumpur,2024,1982.1,85,5,0,0.0,0
Sus scrofa,Kuala Lumpur,2024,1982.1,85,5,0,0.0,0
Varanus salvator,Kuala Lumpur,2024,1982.1,85,5,1,0.014706,1
Acridotheres tristis,Melaka,2024,998.4,5199,5,1,0.166667,1
Corvus splendens,Melaka,2024,998.4,5199,5,3,0.5,1
Macaca fascicularis,Melaka,2024,998.4,5199,5,0,0.0,0
Malayopython reticulatus,Melaka,2024,998.4,5199,5,0,0.0,0
Naja sumatrana,Melaka,2024,998.4,5199,5,0,0.0,0
Sus scrofa,Melaka,2024,998.4,5199,5,0,0.0,0
Varanus salvator,Melaka,2024,998.4,5199,5,2,0.333333,1
Acridotheres tristis,Negeri Sembilan,2024,1200.0,155087,5,9,0.333333,1
Corvus splendens,Negeri Sembilan,2024,1200.0,155087,5,18,0.666667,1
Macaca fascicularis,Negeri Sembilan,2024,1200.0,155087,5,0,0.0,0
Malayopython reticulatus,Negeri Sembilan,2024,1200.0,155087,5,0,0.0,0
Naja sumatrana,Negeri Sembilan,2024,1200.0,155087,5,0,0.0,0
Sus scrofa,Negeri Sembilan,2024,1200.0,155087,5,0,0.0,0
Varanus salvator,Negeri Sembilan,2024,1200.0,155087,5,0,0.0,0
Acridotheres tristis,Pahang,2024,1591.3,1589092,5,17,0.73913,1
Corvus splendens,Pahang,2024,1591.3,1589092,5,1,0.043478,1
Macaca fascicularis,Pahang,2024,1591.3,1589092,5,0,0.0,0
Malayopython reticulatus,Pahang,2024,1591.3,1589092,5,0,0.0,0
Naja sumatrana,Pahang,2024,1591.3,1589092,5,0,0.0,0
Sus scrofa,Pahang,2024,1591.3,1589092,5,0,0.0,0
Varanus salvator,Pahang,2024,1591.3,1589092,5,5,0.217391,1
Acridotheres tristis,Perak,2024,2496.0,986021,5,11,0.578947,1
Corvus splendens,Perak,2024,2496.0,986021,5,3,0.157895,1
Macaca fascicularis,Perak,2024,2496.0,986021,5,2,0.105263,1
Malayopython reticulatus,Perak,2024,2496.0,986021,5,0,0.0,0
Naja sumatrana,Perak,2024,2496.0,986021,5,1,0.052632,1
Sus scrofa,Perak,2024,2496.0,986021,5,0,0.0,0
Varanus salvator,Perak,2024,2496.0,986021,5,2,0.105263,1
Acridotheres tristis,Perlis,2024,284.9,10854,5,1,1.0,1
Corvus splendens,Perlis,2024,284.9,10854,5,0,0.0,0
Macaca fascicularis,Perlis,2024,284.9,10854,5,0,0.0,0
Malayopython reticulatus,Perlis,2024,284.9,10854,5,0,0.0,0
Naja sumatrana,Perlis,2024,284.9,10854,5,0,0.0,0
Sus scrofa,Perlis,2024,284.9,10854,5,0,0.0,0
Varanus salvator,Perlis,2024,284.9,10854,5,0,0.0,0
Acridotheres tristis,Pulau Pinang,2024,1740.4,6063,5,24,0.387097,1
Corvus splendens,Pulau Pinang,2024,1740.4,6063,5,30,0.483871,1
Macaca fascicularis,Pulau Pinang,2024,1740.4,6063,5,6,0.096774,1
Malayopython reticulatus,Pulau Pinang,2024,1740.4,6063,5,0,0.0,0
Naja sumatrana,Pulau Pinang,2024,1740.4,6063,5,0,0.0,0
Sus scrofa,Pulau Pinang,2024,1740.4,6063,5,0,0.0,0
Varanus salvator,Pulau Pinang,2024,1740.4,6063,5,2,0.032258,1
Acridotheres tristis,Putrajaya,2024,109.2,0,5,0,0.0,0
Corvus splendens,Putrajaya,2024,109.2,0,5,3,1.0,1
Macaca fascicularis,Putrajaya,2024,109.2,0,5,0,0.0,0
Malayopython reticulatus,Putrajaya,2024,109.2,0,5,0,0.0,0
Naja sumatrana,Putrajaya,2024,109.2,0,5,0,0.0,0
Sus scrofa,Putrajaya,2024,109.2,0,5,0,0.0,0
Varanus salvator,Putrajaya,2024,109.2,0,5,0,0.0,0
Acridotheres tristis,Sabah,2024,3418.8,3574468,5,7,0.097222,1
Corvus splendens,Sabah,2024,3418.8,3574468,5,13,0.180556,1
Macaca fascicularis,Sabah,2024,3418.8,3574468,5,38,0.527778,1
Malayopython reticulatus,Sabah,2024,3418.8,3574468,5,3,0.041667,1
Naja sumatrana,Sabah,2024,3418.8,3574468,5,1,0.013889,1
Sus scrofa,Sabah,2024,3418.8,3574468,5,0,0.0,0
Varanus salvator,Sabah,2024,3418.8,3574468,5,10,0.138889,1
Acridotheres tristis,Sarawak,2024,2453.7,3939113,5,15,0.882353,1
Corvus splendens,Sarawak,2024,2453.7,3939113,5,0,0.0,0
Macaca fascicularis,Sarawak,2024,2453.7,3939113,5,1,0.058824,1
Malayopython reticulatus,Sarawak,2024,2453.7,3939113,5,0,0.0,0
Naja sumatrana,Sarawak,2024,2453.7,3939113,5,1,0.058824,1
Sus scrofa,Sarawak,2024,2453.7,3939113,5,0,0.0,0
Varanus salvator,Sarawak,2024,2453.7,3939113,5,0,0.0,0
Acridotheres tristis,Selangor,2024,6994.4,250250,5,33,0.24812,1
Corvus splendens,Selangor,2024,6994.4,250250,5,85,0.639098,1
Macaca fascicularis,Selangor,2024,6994.4,250250,5,9,0.067669,1
Malayopython reticulatus,Selangor,2024,6994.4,250250,5,1,0.007519,1
Naja sumatrana,Selangor,2024,6994.4,250250,5,0,0.0,0
Sus scrofa,Selangor,2024,6994.4,250250,5,0,0.0,0
Varanus salvator,Selangor,2024,6994.4,250250,5,5,0.037594,1
Acridotheres tristis,Terengganu,2024,1149.4,540309,5,3,0.375,1
Corvus splendens,Terengganu,2024,1149.4,540309,5,0,0.0,0
Macaca fascicularis,Terengganu,2024,1149.4,540309,5,1,0.125,1
Malayopython reticulatus,Terengganu,2024,1149.4,540309,5,0,0.0,0
Naja sumatrana,Terengganu,2024,1149.4,540309,5,0,0.0,0
Sus scrofa,Terengganu,2024,1149.4,540309,5,1,0.125,1
Varanus salvator,Terengganu,2024,1149.4,540309,5,3,0.375,1
Acridotheres tristis,Johor,2024,4009.7,335003,6,6,0.206897,1
Corvus splendens,Johor,2024,4009.7,335003,6,22,0.758621,1
Macaca fascicularis,Johor,2024,4009.7,335003,6,0,0.0,0
Malayopython reticulatus,Johor,2024,4009.7,335003,6,0,0.0,0
Naja sumatrana,Johor,2024,4009.7,335003,6,0,0.0,0
Sus scrofa,Johor,2024,4009.7,335003,6,0,0.0,0
Varanus salvator,Johor,2024,4009.7,335003,6,1,0.034483,1
Acridotheres tristis,Kedah,2024,2131.4,344175,6,21,0.552632,1
Corvus splendens,Kedah,2024,2131.4,344175,6,11,0.289474,1
Macaca fascicularis,Kedah,2024,2131.4,344175,6,4,0.105263,1
Malayopython reticulatus,Kedah,2024,2131.4,344175,6,0,0.0,0
Naja sumatrana,Kedah,2024,2131.4,344175,6,0,0.0,0
Sus scrofa,Kedah,2024,2131.4,344175,6,0,0.0,0
Varanus salvator,Kedah,2024,2131.4,344175,6,2,0.052632,1
Acridotheres tristis,Kelantan,2024,1792.5,629881,6,1,0.5,1
Corvus splendens,Kelantan,2024,1792.5,629881,6,0,0.0,0
Macaca fascicularis,Kelantan,2024,1792.5,629881,6,0,0.0,0
Malayopython reticulatus,Kelantan,2024,1792.5,629881,6,0,0.0,0
Naja sumatrana,Kelantan,2024,1792.5,629881,6,1,0.5,1
Sus scrofa,Kelantan,2024,1792.5,629881,6,0,0.0,0
Varanus salvator,Kelantan,2024,1792.5,629881,6,0,0.0,0
Acridotheres tristis,Kuala Lumpur,2024,1982.1,85,6,15,0.326087,1
Corvus splendens,Kuala Lumpur,2024,1982.1,85,6,25,0.543478,1
Macaca fascicularis,Kuala Lumpur,2024,1982.1,85,6,4,0.086957,1
Malayopython reticulatus,Kuala Lumpur,2024,1982.1,85,6,0,0.0,0
Naja sumatrana,Kuala Lumpur,2024,1982.1,85,6,0,0.0,0
Sus scrofa,Kuala Lumpur,2024,1982.1,85,6,0,0.0,0
Varanus salvator,Kuala Lumpur,2024,1982.1,85,6,2,0.043478,1
Acridotheres tristis,Melaka,2024,998.4,5199,6,5,0.227273,1
Corvus splendens,Melaka,2024,998.4,5199,6,16,0.727273,1
Macaca fascicularis,Melaka,2024,998.4,5199,6,0,0.0,0
Malayopython reticulatus,Melaka,2024,998.4,5199,6,0,0.0,0
Naja sumatrana,Melaka,2024,998.4,5199,6,0,0.0,0
Sus scrofa,Melaka,2024,998.4,5199,6,0,0.0,0
Varanus salvator,Melaka,2024,998.4,5199,6,1,0.045455,1
Acridotheres tristis,Negeri Sembilan,2024,1200.0,155087,6,8,0.32,1
Corvus splendens,Negeri Sembilan,2024,1200.0,155087,6,15,0.6,1
Macaca fascicularis,Negeri Sembilan,2024,1200.0,155087,6,0,0.0,0
Malayopython reticulatus,Negeri Sembilan,2024,1200.0,155087,6,0,0.0,0
Naja sumatrana,Negeri Sembilan,2024,1200.0,155087,6,1,0.04,1
Sus scrofa,Negeri Sembilan,2024,1200.0,155087,6,0,0.0,0
Varanus salvator,Negeri Sembilan,2024,1200.0,155087,6,1,0.04,1
Acridotheres tristis,Pahang,2024,1591.3,1589092,6,23,0.605263,1
Corvus splendens,Pahang,2024,1591.3,1589092,6,7,0.184211,1
Macaca fascicularis,Pahang,2024,1591.3,1589092,6,5,0.131579,1
Malayopython reticulatus,Pahang,2024,1591.3,1589092,6,1,0.026316,1
Naja sumatrana,Pahang,2024,1591.3,1589092,6,0,0.0,0
Sus scrofa,Pahang,2024,1591.3,1589092,6,1,0.026316,1
Varanus salvator,Pahang,2024,1591.3,1589092,6,1,0.026316,1
Acridotheres tristis,Perak,2024,2496.0,986021,6,15,0.576923,1
Corvus splendens,Perak,2024,2496.0,986021,6,7,0.269231,1
Macaca fascicularis,Perak,2024,2496.0,986021,6,1,0.038462,1
Malayopython reticulatus,Perak,2024,2496.0,986021,6,0,0.0,0
Naja sumatrana,Perak,2024,2496.0,986021,6,0,0.0,0
Sus scrofa,Perak,2024,2496.0,986021,6,0,0.0,0
Varanus salvator,Perak,2024,2496.0,986021,6,3,0.115385,1
Acridotheres tristis,Pulau Pinang,2024,1740.4,6063,6,15,0.365854,1
Corvus splendens,Pulau Pinang,2024,1740.4,6063,6,16,0.390244,1
Macaca fascicularis,Pulau Pinang,2024,1740.4,6063,6,8,0.195122,1
Malayopython reticulatus,Pulau Pinang,2024,1740.4,6063,6,0,0.0,0
Naja sumatrana,Pulau Pinang,2024,1740.4,6063,6,0,0.0,0
Sus scrofa,Pulau Pinang,2024,1740.4,6063,6,0,0.0,0
Varanus salvator,Pulau Pinang,2024,1740.4,6063,6,2,0.04878,1
Acridotheres tristis,Putrajaya,2024,109.2,0,6,5,0.5,1
Corvus splendens,Putrajaya,2024,109.2,0,6,5,0.5,1
Macaca fascicularis,Putrajaya,2024,109.2,0,6,0,0.0,0
Malayopython reticulatus,Putrajaya,2024,109.2,0,6,0,0.0,0
Naja sumatrana,Putrajaya,2024,109.2,0,6,0,0.0,0
Sus scrofa,Putrajaya,2024,109.2,0,6,0,0.0,0
Varanus salvator,Putrajaya,2024,109.2,0,6,0,0.0,0
Acridotheres tristis,Sabah,2024,3418.8,3574468,6,8,0.114286,1
Corvus splendens,Sabah,2024,3418.8,3574468,6,37,0.528571,1
Macaca fascicularis,Sabah,2024,3418.8,3574468,6,8,0.114286,1
Malayopython reticulatus,Sabah,2024,3418.8,3574468,6,0,0.0,0
Naja sumatrana,Sabah,2024,3418.8,3574468,6,0,0.0,0
Sus scrofa,Sabah,2024,3418.8,3574468,6,0,0.0,0
Varanus salvator,Sabah,2024,3418.8,3574468,6,17,0.242857,1
Acridotheres tristis,Sarawak,2024,2453.7,3939113,6,15,0.625,1
Corvus splendens,Sarawak,2024,2453.7,3939113,6,1,0.041667,1
Macaca fascicularis,Sarawak,2024,2453.7,3939113,6,4,0.166667,1
Malayopython reticulatus,Sarawak,2024,2453.7,3939113,6,0,0.0,0
Naja sumatrana,Sarawak,2024,2453.7,3939113,6,0,0.0,0
Sus scrofa,Sarawak,2024,2453.7,3939113,6,0,0.0,0
Varanus salvator,Sarawak,2024,2453.7,3939113,6,4,0.166667,1
Acridotheres tristis,Selangor,2024,6994.4,250250,6,79,0.355856,1
Corvus splendens,Selangor,2024,6994.4,250250,6,128,0.576577,1
Macaca fascicularis,Selangor,2024,6994.4,250250,6,7,0.031532,1
Malayopython reticulatus,Selangor,2024,6994.4,250250,6,0,0.0,0
Naja sumatrana,Selangor,2024,6994.4,250250,6,0,0.0,0
Sus scrofa,Selangor,2024,6994.4,250250,6,0,0.0,0
Varanus salvator,Selangor,2024,6994.4,250250,6,8,0.036036,1
Acridotheres tristis,Terengganu,2024,1149.4,540309,6,1,1.0,1
Corvus splendens,Terengganu,2024,1149.4,540309,6,0,0.0,0
Macaca fascicularis,Terengganu,2024,1149.4,540309,6,0,0.0,0
Malayopython reticulatus,Terengganu,2024,1149.4,540309,6,0,0.0,0
Naja sumatrana,Terengganu,2024,1149.4,540309,6,0,0.0,0
Sus scrofa,Terengganu,2024,1149.4,540309,6,0,0.0,0
Varanus salvator,Terengganu,2024,1149.4,540309,6,0,0.0,0
Acridotheres tristis,Johor,2024,4009.7,335003,7,49,0.401639,1
Corvus splendens,Johor,2024,4009.7,335003,7,70,0.57377,1
Macaca fascicularis,Johor,2024,4009.7,335003,7,1,0.008197,1
Malayopython reticulatus,Johor,2024,4009.7,335003,7,0,0.0,0
Naja sumatrana,Johor,2024,4009.7,335003,7,0,0.0,0
Sus scrofa,Johor,2024,4009.7,335003,7,0,0.0,0
Varanus salvator,Johor,2024,4009.7,335003,7,2,0.016393,1
Acridotheres tristis,Kedah,2024,2131.4,344175,7,25,0.595238,1
Corvus splendens,Kedah,2024,2131.4,344175,7,11,0.261905,1
Macaca fascicularis,Kedah,2024,2131.4,344175,7,3,0.071429,1
Malayopython reticulatus,Kedah,2024,2131.4,344175,7,0,0.0,0
Naja sumatrana,Kedah,2024,2131.4,344175,7,0,0.0,0
Sus scrofa,Kedah,2024,2131.4,344175,7,0,0.0,0
Varanus salvator,Kedah,2024,2131.4,344175,7,3,0.071429,1
Acridotheres tristis,Kuala Lumpur,2024,1982.1,85,7,28,0.282828,1
Corvus splendens,Kuala Lumpur,2024,1982.1,85,7,58,0.585859,1
Macaca fascicularis,Kuala Lumpur,2024,1982.1,85,7,5,0.050505,1
Malayopython reticulatus,Kuala Lumpur,2024,1982.1,85,7,0,0.0,0
Naja sumatrana,Kuala Lumpur,2024,1982.1,85,7,0,0.0,0
Sus scrofa,Kuala Lumpur,2024,1982.1,85,7,0,0.0,0
Varanus salvator,Kuala Lumpur,2024,1982.1,85,7,8,0.080808,1
Acridotheres tristis,Melaka,2024,998.4,5199,7,19,0.527778,1
Corvus splendens,Melaka,2024,998.4,5199,7,12,0.333333,1
Macaca fascicularis,Melaka,2024,998.4,5199,7,2,0.055556,1
Malayopython reticulatus,Melaka,2024,998.4,5199,7,0,0.0,0
Naja sumatrana,Melaka,2024,998.4,5199,7,0,0.0,0
Sus scrofa,Melaka,2024,998.4,5199,7,0,0.0,0
Varanus salvator,Melaka,2024,998.4,5199,7,3,0.083333,1
Acridotheres tristis,Negeri Sembilan,2024,1200.0,155087,7,20,0.322581,1
Corvus splendens,Negeri Sembilan,2024,1200.0,155087,7,42,0.677419,1
Macaca fascicularis,Negeri Sembilan,2024,1200.0,155087,7,0,0.0,0
Malayopython reticulatus,Negeri Sembilan,2024,1200.0,155087,7,0,0.0,0
Naja sumatrana,Negeri Sembilan,2024,1200.0,155087,7,0,0.0,0
Sus scrofa,Negeri Sembilan,2024,1200.0,155087,7,0,0.0,0
Varanus salvator,Negeri Sembilan,2024,1200.0,155087,7,0,0.0,0
Acridotheres tristis,Pahang,2024,1591.3,1589092,7,29,0.659091,1
Corvus splendens,Pahang,2024,1591.3,1589092,7,0,0.0,0
Macaca fascicularis,Pahang,2024,1591.3,1589092,7,13,0.295455,1
Malayopython reticulatus,Pahang,2024,1591.3,1589092,7,1,0.022727,1
Naja sumatrana,Pahang,2024,1591.3,1589092,7,0,0.0,0
Sus scrofa,Pahang,2024,1591.3,1589092,7,1,0.022727,1
Varanus salvator,Pahang,2024,1591.3,1589092,7,0,0.0,0
Acridotheres tristis,Perak,2024,2496.0,986021,7,14,0.56,1
Corvus splendens,Perak,2024,2496.0,986021,7,8,0.32,1
Macaca fascicularis,Perak,2024,2496.0,986021,7,2,0.08,1
Malayopython reticulatus,Perak,2024,2496.0,986021,7,0,0.0,0
Naja sumatrana,Perak,2024,2496.0,986021,7,0,0.0,0
Sus scrofa,Perak,2024,2496.0,986021,7,0,0.0,0
Varanus salvator,Perak,2024,2496.0,986021,7,1,0.04,1
Acridotheres tristis,Perlis,2024,284.9,10854,7,8,1.0,1
Corvus splendens,Perlis,2024,284.9,10854,7,0,0.0,0
Macaca fascicularis,Perlis,2024,284.9,10854,7,0,0.0,0
Malayopython reticulatus,Perlis,2024,284.9,10854,7,0,0.0,0
Naja sumatrana,Perlis,2024,284.9,10854,7,0,0.0,0
Sus scrofa,Perlis,2024,284.9,10854,7,0,0.0,0
Varanus salvator,Perlis,2024,284.9,10854,7,0,0.0,0
Acridotheres tristis,Pulau Pinang,2024,1740.4,6063,7,25,0.301205,1
Corvus splendens,Pulau Pinang,2024,1740.4,6063,7,45,0.542169,1
Macaca fascicularis,Pulau Pinang,2024,1740.4,6063,7,7,0.084337,1
Malayopython reticulatus,Pulau Pinang,2024,1740.4,6063,7,0,0.0,0
Naja sumatrana,Pulau Pinang,2024,1740.4,6063,7,0,0.0,0
Sus scrofa,Pulau Pinang,2024,1740.4,6063,7,0,0.0,0
Varanus salvator,Pulau Pinang,2024,1740.4,6063,7,6,0.072289,1
Acridotheres tristis,Putrajaya,2024,109.2,0,7,7,0.368421,1
Corvus splendens,Putrajaya,2024,109.2,0,7,12,0.631579,1
Macaca fascicularis,Putrajaya,2024,109.2,0,7,0,0.0,0
Malayopython reticulatus,Putrajaya,2024,109.2,0,7,0,0.0,0
Naja sumatrana,Putrajaya,2024,109.2,0,7,0,0.0,0
Sus scrofa,Putrajaya,2024,109.2,0,7,0,0.0,0
Varanus salvator,Putrajaya,2024,109.2,0,7,0,0.0,0
Acridotheres tristis,Sabah,2024,3418.8,3574468,7,7,0.044304,1
Corvus splendens,Sabah,2024,3418.8,3574468,7,41,0.259494,1
Macaca fascicularis,Sabah,2024,3418.8,3574468,7,67,0.424051,1
Malayopython reticulatus,Sabah,2024,3418.8,3574468,7,0,0.0,0
Naja sumatrana,Sabah,2024,3418.8,3574468,7,1,0.006329,1
Sus scrofa,Sabah,2024,3418.8,3574468,7,0,0.0,0
Varanus salvator,Sabah,2024,3418.8,3574468,7,42,0.265823,1
Acridotheres tristis,Sarawak,2024,2453.7,3939113,7,25,0.595238,1
Corvus splendens,Sarawak,2024,2453.7,3939113,7,0,0.0,0
Macaca fascicularis,Sarawak,2024,2453.7,3939113,7,10,0.238095,1
Malayopython reticulatus,Sarawak,2024,2453.7,3939113,7,1,0.02381,1
Naja sumatrana,Sarawak,2024,2453.7,3939113,7,0,0.0,0
Sus scrofa,Sarawak,2024,2453.7,3939113,7,0,0.0,0
Varanus salvator,Sarawak,2024,2453.7,3939113,7,6,0.142857,1
Acridotheres tristis,Selangor,2024,6994.4,250250,7,45,0.244565,1
Corvus splendens,Selangor,2024,6994.4,250250,7,93,0.505435,1
Macaca fascicularis,Selangor,2024,6994.4,250250,7,26,0.141304,1
Malayopython reticulatus,Selangor,2024,6994.4,250250,7,0,0.0,0
Naja sumatrana,Selangor,2024,6994.4,250250,7,0,0.0,0
Sus scrofa,Selangor,2024,6994.4,250250,7,0,0.0,0
Varanus salvator,Selangor,2024,6994.4,250250,7,20,0.108696,1
Acridotheres tristis,Johor,2024,4009.7,335003,8,6,0.193548,1
Corvus splendens,Johor,2024,4009.7,335003,8,19,0.612903,1
Macaca fascicularis,Johor,2024,4009.7,335003,8,0,0.0,0
Malayopython reticulatus,Johor,2024,4009.7,335003,8,1,0.032258,1
Naja sumatrana,Johor,2024,4009.7,335003,8,0,0.0,0
Sus scrofa,Johor,2024,4009.7,335003,8,1,0.032258,1
Varanus salvator,Johor,2024,4009.7,335003,8,4,0.129032,1
Acridotheres tristis,Kedah,2024,2131.4,344175,8,18,0.461538,1
Corvus splendens,Kedah,2024,2131.4,344175,8,7,0.179487,1
Macaca fascicularis,Kedah,2024,2131.4,344175,8,5,0.128205,1
Malayopython reticulatus,Kedah,2024,2131.4,344175,8,1,0.025641,1
Naja sumatrana,Kedah,2024,2131.4,344175,8,0,0.0,0
Sus scrofa,Kedah,2024,2131.4,344175,8,0,0.0,0
Varanus salvator,Kedah,2024,2131.4,344175,8,8,0.205128,1
Acridotheres tristis,Kelantan,2024,1792.5,629881,8,6,1.0,1
Corvus splendens,Kelantan,2024,1792.5,629881,8,0,0.0,0
Macaca fascicularis,Kelantan,2024,1792.5,629881,8,0,0.0,0
Malayopython reticulatus,Kelantan,2024,1792.5,629881,8,0,0.0,0
Naja sumatrana,Kelantan,2024,1792.5,629881,8,0,0.0,0
Sus scrofa,Kelantan,2024,1792.5,629881,8,0,0.0,0
Varanus salvator,Kelantan,2024,1792.5,629881,8,0,0.0,0
Acridotheres tristis,Kuala Lumpur,2024,1982.1,85,8,25,0.280899,1
Corvus splendens,Kuala Lumpur,2024,1982.1,85,8,53,0.595506,1
Macaca fascicularis,Kuala Lumpur,2024,1982.1,85,8,8,0.089888,1
Malayopython reticulatus,Kuala Lumpur,2024,1982.1,85,8,0,0.0,0
Naja sumatrana,Kuala Lumpur,2024,1982.1,85,8,0,0.0,0
Sus scrofa,Kuala Lumpur,2024,1982.1,85,8,0,0.0,0
Varanus salvator,Kuala Lumpur,2024,1982.1,85,8,3,0.033708,1
Acridotheres tristis,Labuan,2024,95.1,0,8,0,0.0,0
Corvus splendens,Labuan,2024,95.1,0,8,0,0.0,0
Macaca fascicularis,Labuan,2024,95.1,0,8,0,0.0,0
Malayopython reticulatus,Labuan,2024,95.1,0,8,0,0.0,0
Naja sumatrana,Labuan,2024,95.1,0,8,0,0.0,0
Sus scrofa,Labuan,2024,95.1,0,8,0,0.0,0
Varanus salvator,Labuan,2024,95.1,0,8,1,1.0,1
Acridotheres tristis,Melaka,2024,998.4,5199,8,5,0.217391,1
Corvus splendens,Melaka,2024,998.4,5199,8,15,0.652174,1
Macaca fascicularis,Melaka,2024,998.4,5199,8,2,0.086957,1
Malayopython reticulatus,Melaka,2024,998.4,5199,8,0,0.0,0
Naja sumatrana,Melaka,2024,998.4,5199,8,0,0.0,0
Sus scrofa,Melaka,2024,998.4,5199,8,0,0.0,0
Varanus salvator,Melaka,2024,998.4,5199,8,1,0.043478,1
Acridotheres tristis,Negeri Sembilan,2024,1200.0,155087,8,17,0.404762,1
Corvus splendens,Negeri Sembilan,2024,1200.0,155087,8,24,0.571429,1
Macaca fascicularis,Negeri Sembilan,2024,1200.0,155087,8,0,0.0,0
Malayopython reticulatus,Negeri Sembilan,2024,1200.0,155087,8,1,0.02381,1
Naja sumatrana,Negeri Sembilan,2024,1200.0,155087,8,0,0.0,0
Sus scrofa,Negeri Sembilan,2024,1200.0,155087,8,0,0.0,0
Varanus salvator,Negeri Sembilan,2024,1200.0,155087,8,0,0.0,0
Acridotheres tristis,Pahang,2024,1591.3,1589092,8,14,0.538462,1
Corvus splendens,Pahang,2024,1591.3,1589092,8,7,0.269231,1
Macaca fascicularis,Pahang,2024,1591.3,1589092,8,3,0.115385,1
Malayopython reticulatus,Pahang,2024,1591.3,1589092,8,0,0.0,0
Naja sumatrana,Pahang,2024,1591.3,1589092,8,0,0.0,0
Sus scrofa,Pahang,2024,1591.3,1589092,8,2,0.076923,1
Varanus salvator,Pahang,2024,1591.3,1589092,8,0,0.0,0
Acridotheres tristis,Perak,2024,2496.0,986021,8,15,0.714286,1
Corvus splendens,Perak,2024,2496.0,986021,8,3,0.142857,1
Macaca fascicularis,Perak,2024,2496.0,986021,8,0,0.0,0
Malayopython reticulatus,Perak,2024,2496.0,986021,8,2,0.095238,1
Naja sumatrana,Perak,2024,2496.0,986021,8,0,0.0,0
Sus scrofa,Perak,2024,2496.0,986021,8,0,0.0,0
Varanus salvator,Perak,2024,2496.0,986021,8,1,0.047619,1
Acridotheres tristis,Pulau Pinang,2024,1740.4,6063,8,28,0.337349,1
Corvus splendens,Pulau Pinang,2024,1740.4,6063,8,43,0.518072,1
Macaca fascicularis,Pulau Pinang,2024,1740.4,6063,8,8,0.096386,1
Malayopython reticulatus,Pulau Pinang,2024,1740.4,6063,8,0,0.0,0
Naja sumatrana,Pulau Pinang,2024,1740.4,6063,8,0,0.0,0
Sus scrofa,Pulau Pinang,2024,1740.4,6063,8,0,0.0,0
Varanus salvator,Pulau Pinang,2024,1740.4,6063,8,4,0.048193,1
Acridotheres tristis,Putrajaya,2024,109.2,0,8,4,0.363636,1
Corvus splendens,Putrajaya,2024,109.2,0,8,6,0.545455,1
Macaca fascicularis,Putrajaya,2024,109.2,0,8,1,0.090909,1
Malayopython reticulatus,Putrajaya,2024,109.2,0,8,0,0.0,0
Naja sumatrana,Putrajaya,2024,109.2,0,8,0,0.0,0
Sus scrofa,Putrajaya,2024,109.2,0,8,0,0.0,0
Varanus salvator,Putrajaya,2024,109.2,0,8,0,0.0,0
Acridotheres tristis,Sabah,2024,3418.8,3574468,8,29,0.25,1
Corvus splendens,Sabah,2024,3418.8,3574468,8,30,0.258621,1
Macaca fascicularis,Sabah,2024,3418.8,3574468,8,22,0.189655,1
Malayopython reticulatus,Sabah,2024,3418.8,3574468,8,3,0.025862,1
Naja sumatrana,Sabah,2024,3418.8,3574468,8,2,0.017241,1
Sus scrofa,Sabah,2024,3418.8,3574468,8,0,0.0,0
Varanus salvator,Sabah,2024,3418.8,3574468,8,30,0.258621,1
Acridotheres tristis,Sarawak,2024,2453.7,3939113,8,81,0.45,1
Corvus splendens,Sarawak,2024,2453.7,3939113,8,0,0.0,0
Macaca fascicularis,Sarawak,2024,2453.7,3939113,8,48,0.266667,1
Malayopython reticulatus,Sarawak,2024,2453.7,3939113,8,3,0.016667,1
Naja sumatrana,Sarawak,2024,2453.7,3939113,8,6,0.033333,1
Sus scrofa,Sarawak,2024,2453.7,3939113,8,0,0.0,0
Varanus salvator,Sarawak,2024,2453.7,3939113,8,42,0.233333,1
Acridotheres tristis,Selangor,2024,6994.4,250250,8,50,0.326797,1
Corvus splendens,Selangor,2024,6994.4,250250,8,82,0.535948,1
Macaca fascicularis,Selangor,2024,6994.4,250250,8,13,0.084967,1
Malayopython reticulatus,Selangor,2024,6994.4,250250,8,0,0.0,0
Naja sumatrana,Selangor,2024,6994.4,250250,8,1,0.006536,1
Sus scrofa,Selangor,2024,6994.4,250250,8,0,0.0,0
Varanus salvator,Selangor,2024,6994.4,250250,8,7,0.045752,1
Acridotheres tristis,Johor,2024,4009.7,335003,9,21,0.446809,1
Corvus splendens,Johor,2024,4009.7,335003,9,22,0.468085,1
Macaca fascicularis,Johor,2024,4009.7,335003,9,3,0.06383,1
Malayopython reticulatus,Johor,2024,4009.7,335003,9,0,0.0,0
Naja sumatrana,Johor,2024,4009.7,335003,9,0,0.0,0
Sus scrofa,Johor,2024,4009.7,335003,9,0,0.0,0
Varanus salvator,Johor,2024,4009.7,335003,9,1,0.021277,1
Acridotheres tristis,Kedah,2024,2131.4,344175,9,9,0.428571,1
Corvus splendens,Kedah,2024,2131.4,344175,9,5,0.238095,1
Macaca fascicularis,Kedah,2024,2131.4,344175,9,5,0.238095,1
Malayopython reticulatus,Kedah,2024,2131.4,344175,9,0,0.0,0
Naja sumatrana,Kedah,2024,2131.4,344175,9,0,0.0,0
Sus scrofa,Kedah,2024,2131.4,344175,9,0,0.0,0
Varanus salvator,Kedah,2024,2131.4,344175,9,2,0.095238,1
Acridotheres tristis,Kelantan,2024,1792.5,629881,9,1,0.5,1
Corvus splendens,Kelantan,2024,1792.5,629881,9,0,0.0,0
Macaca fascicularis,Kelantan,2024,1792.5,629881,9,0,0.0,0
Malayopython reticulatus,Kelantan,2024,1792.5,629881,9,0,0.0,0
Naja sumatrana,Kelantan,2024,1792.5,629881,9,0,0.0,0
Sus scrofa,Kelantan,2024,1792.5,629881,9,0,0.0,0
Varanus salvator,Kelantan,2024,1792.5,629881,9,1,0.5,1
Acridotheres tristis,Kuala Lumpur,2024,1982.1,85,9,21,0.328125,1
Corvus splendens,Kuala Lumpur,2024,1982.1,85,9,38,0.59375,1
Macaca fascicularis,Kuala Lumpur,2024,1982.1,85,9,4,0.0625,1
Malayopython reticulatus,Kuala Lumpur,2024,1982.1,85,9,0,0.0,0
Naja sumatrana,Kuala Lumpur,2024,1982.1,85,9,0,0.0,0
Sus scrofa,Kuala Lumpur,2024,1982.1,85,9,0,0.0,0
Varanus salvator,Kuala Lumpur,2024,1982.1,85,9,1,0.015625,1
Acridotheres tristis,Melaka,2024,998.4,5199,9,1,0.111111,1
Corvus splendens,Melaka,2024,998.4,5199,9,6,0.666667,1
Macaca fascicularis,Melaka,2024,998.4,5199,9,0,0.0,0
Malayopython reticulatus,Melaka,2024,998.4,5199,9,0,0.0,0
Naja sumatrana,Melaka,2024,998.4,5199,9,0,0.0,0
Sus scrofa,Melaka,2024,998.4,5199,9,0,0.0,0
Varanus salvator,Melaka,2024,998.4,5199,9,2,0.222222,1
Acridotheres tristis,Negeri Sembilan,2024,1200.0,155087,9,10,0.37037,1
Corvus splendens,Negeri Sembilan,2024,1200.0,155087,9,17,0.62963,1
Macaca fascicularis,Negeri Sembilan,2024,1200.0,155087,9,0,0.0,0
Malayopython reticulatus,Negeri Sembilan,2024,1200.0,155087,9,0,0.0,0
Naja sumatrana,Negeri Sembilan,2024,1200.0,155087,9,0,0.0,0
Sus scrofa,Negeri Sembilan,2024,1200.0,155087,9,0,0.0,0
Varanus salvator,Negeri Sembilan,2024,1200.0,155087,9,0,0.0,0
Acridotheres tristis,Pahang,2024,1591.3,1589092,9,14,0.777778,1
Corvus splendens,Pahang,2024,1591.3,1589092,9,2,0.111111,1
Macaca fascicularis,Pahang,2024,1591.3,1589092,9,1,0.055556,1
Malayopython reticulatus,Pahang,2024,1591.3,1589092,9,0,0.0,0
Naja sumatrana,Pahang,2024,1591.3,1589092,9,1,0.055556,1
Sus scrofa,Pahang,2024,1591.3,1589092,9,0,0.0,0
Varanus salvator,Pahang,2024,1591.3,1589092,9,0,0.0,0
Acridotheres tristis,Perak,2024,2496.0,986021,9,7,0.411765,1
Corvus splendens,Perak,2024,2496.0,986021,9,2,0.117647,1
Macaca fascicularis,Perak,2024,2496.0,986021,9,3,0.176471,1
Malayopython reticulatus,Perak,2024,2496.0,986021,9,0,0.0,0
Naja sumatrana,Perak,2024,2496.0,986021,9,0,0.0,0
Sus scrofa,Perak,2024,2496.0,986021,9,0,0.0,0
Varanus salvator,Perak,2024,2496.0,986021,9,5,0.294118,1
Acridotheres tristis,Perlis,2024,284.9,10854,9,1,1.0,1
Corvus splendens,Perlis,2024,284.9,10854,9,0,0.0,0
Macaca fascicularis,Perlis,2024,284.9,10854,9,0,0.0,0
Malayopython reticulatus,Perlis,2024,284.9,10854,9,0,0.0,0
Naja sumatrana,Perlis,2024,284.9,10854,9,0,0.0,0
Sus scrofa,Perlis,2024,284.9,10854,9,0,0.0,0
Varanus salvator,Perlis,2024,284.9,10854,9,0,0.0,0
Acridotheres tristis,Pulau Pinang,2024,1740.4,6063,9,14,0.35,1
Corvus splendens,Pulau Pinang,2024,1740.4,6063,9,23,0.575,1
Macaca fascicularis,Pulau Pinang,2024,1740.4,6063,9,3,0.075,1
Malayopython reticulatus,Pulau Pinang,2024,1740.4,6063,9,0,0.0,0
Naja sumatrana,Pulau Pinang,2024,1740.4,6063,9,0,0.0,0
Sus scrofa,Pulau Pinang,2024,1740.4,6063,9,0,0.0,0
Varanus salvator,Pulau Pinang,2024,1740.4,6063,9,0,0.0,0
Acridotheres tristis,Putrajaya,2024,109.2,0,9,1,0.25,1
Corvus splendens,Putrajaya,2024,109.2,0,9,3,0.75,1
Macaca fascicularis,Putrajaya,2024,109.2,0,9,0,0.0,0
Malayopython reticulatus,Putrajaya,2024,109.2,0,9,0,0.0,0
Naja sumatrana,Putrajaya,2024,109.2,0,9,0,0.0,0
Sus scrofa,Putrajaya,2024,109.2,0,9,0,0.0,0
Varanus salvator,Putrajaya,2024,109.2,0,9,0,0.0,0
Acridotheres tristis,Sabah,2024,3418.8,3574468,9,8,0.121212,1
Corvus splendens,Sabah,2024,3418.8,3574468,9,25,0.378788,1
Macaca fascicularis,Sabah,2024,3418.8,3574468,9,17,0.257576,1
Malayopython reticulatus,Sabah,2024,3418.8,3574468,9,1,0.015152,1
Naja sumatrana,Sabah,2024,3418.8,3574468,9,0,0.0,0
Sus scrofa,Sabah,2024,3418.8,3574468,9,0,0.0,0
Varanus salvator,Sabah,2024,3418.8,3574468,9,15,0.227273,1
Acridotheres tristis,Sarawak,2024,2453.7,3939113,9,25,0.862069,1
Corvus splendens,Sarawak,2024,2453.7,3939113,9,0,0.0,0
Macaca fascicularis,Sarawak,2024,2453.7,3939113,9,3,0.103448,1
Malayopython reticulatus,Sarawak,2024,2453.7,3939113,9,0,0.0,0
Naja sumatrana,Sarawak,2024,2453.7,3939113,9,0,0.0,0
Sus scrofa,Sarawak,2024,2453.7,3939113,9,0,0.0,0
Varanus salvator,Sarawak,2024,2453.7,3939113,9,1,0.034483,1
Acridotheres tristis,Selangor,2024,6994.4,250250,9,44,0.316547,1
Corvus splendens,Selangor,2024,6994.4,250250,9,81,0.582734,1
Macaca fascicularis,Selangor,2024,6994.4,250250,9,8,0.057554,1
Malayopython reticulatus,Selangor,2024,6994.4,250250,9,0,0.0,0
Naja sumatrana,Selangor,2024,6994.4,250250,9,0,0.0,0
Sus scrofa,Selangor,2024,6994.4,250250,9,0,0.0,0
Varanus salvator,Selangor,2024,6994.4,250250,9,6,0.043165,1
Acridotheres tristis,Terengganu,2024,1149.4,540309,9,1,1.0,1
Corvus splendens,Terengganu,2024,1149.4,540309,9,0,0.0,0
Macaca fascicularis,Terengganu,2024,1149.4,540309,9,0,0.0,0
Malayopython reticulatus,Terengganu,2024,1149.4,540309,9,0,0.0,0
Naja sumatrana,Terengganu,2024,1149.4,540309,9,0,0.0,0
Sus scrofa,Terengganu,2024,1149.4,540309,9,0,0.0,0
Varanus salvator,Terengganu,2024,1149.4,540309,9,0,0.0,0
Acridotheres tristis,Johor,2024,4009.7,335003,10,16,0.372093,1
Corvus splendens,Johor,2024,4009.7,335003,10,25,0.581395,1
Macaca fascicularis,Johor,2024,4009.7,335003,10,1,0.023256,1
Malayopython reticulatus,Johor,2024,4009.7,335003,10,1,0.023256,1
Naja sumatrana,Johor,2024,4009.7,335003,10,0,0.0,0
Sus scrofa,Johor,2024,4009.7,335003,10,0,0.0,0
Varanus salvator,Johor,2024,4009.7,335003,10,0,0.0,0
Acridotheres tristis,Kedah,2024,2131.4,344175,10,8,0.4,1
Corvus splendens,Kedah,2024,2131.4,344175,10,8,0.4,1
Macaca fascicularis,Kedah,2024,2131.4,344175,10,3,0.15,1
Malayopython reticulatus,Kedah,2024,2131.4,344175,10,0,0.0,0
Naja sumatrana,Kedah,2024,2131.4,344175,10,0,0.0,0
Sus scrofa,Kedah,2024,2131.4,344175,10,0,0.0,0
Varanus salvator,Kedah,2024,2131.4,344175,10,1,0.05,1
Acridotheres tristis,Kelantan,2024,1792.5,629881,10,0,0.0,0
Corvus splendens,Kelantan,2024,1792.5,629881,10,0,0.0,0
Macaca fascicularis,Kelantan,2024,1792.5,629881,10,0,0.0,0
Malayopython reticulatus,Kelantan,2024,1792.5,629881,10,0,0.0,0
Naja sumatrana,Kelantan,2024,1792.5,629881,10,1,1.0,1
Sus scrofa,Kelantan,2024,1792.5,629881,10,0,0.0,0
Varanus salvator,Kelantan,2024,1792.5,629881,10,0,0.0,0
Acridotheres tristis,Kuala Lumpur,2024,1982.1,85,10,32,0.359551,1
Corvus splendens,Kuala Lumpur,2024,1982.1,85,10,51,0.573034,1
Macaca fascicularis,Kuala Lumpur,2024,1982.1,85,10,3,0.033708,1
Malayopython reticulatus,Kuala Lumpur,2024,1982.1,85,10,1,0.011236,1
Naja sumatrana,Kuala Lumpur,2024,1982.1,85,10,0,0.0,0
Sus scrofa,Kuala Lumpur,2024,1982.1,85,10,0,0.0,0
Varanus salvator,Kuala Lumpur,2024,1982.1,85,10,2,0.022472,1
Acridotheres tristis,Melaka,2024,998.4,5199,10,5,0.294118,1
Corvus splendens,Melaka,2024,998.4,5199,10,11,0.647059,1
Macaca fascicularis,Melaka,2024,998.4,5199,10,0,0.0,0
Malayopython reticulatus,Melaka,2024,998.4,5199,10,0,0.0,0
Naja sumatrana,Melaka,2024,998.4,5199,10,0,0.0,0
Sus scrofa,Melaka,2024,998.4,5199,10,0,0.0,0
Varanus salvator,Melaka,2024,998.4,5199,10,1,0.058824,1
Acridotheres tristis,Negeri Sembilan,2024,1200.0,155087,10,22,0.431373,1
Corvus splendens,Negeri Sembilan,2024,1200.0,155087,10,28,0.54902,1
Macaca fascicularis,Negeri Sembilan,2024,1200.0,155087,10,1,0.019608,1
Malayopython reticulatus,Negeri Sembilan,2024,1200.0,155087,10,0,0.0,0
Naja sumatrana,Negeri Sembilan,2024,1200.0,155087,10,0,0.0,0
Sus scrofa,Negeri Sembilan,2024,1200.0,155087,10,0,0.0,0
Varanus salvator,Negeri Sembilan,2024,1200.0,155087,10,0,0.0,0
Acridotheres tristis,Pahang,2024,1591.3,1589092,10,19,0.678571,1
Corvus splendens,Pahang,2024,1591.3,1589092,10,3,0.107143,1
Macaca fascicularis,Pahang,2024,1591.3,1589092,10,6,0.214286,1
Malayopython reticulatus,Pahang,2024,1591.3,1589092,10,0,0.0,0
Naja sumatrana,Pahang,2024,1591.3,1589092,10,0,0.0,0
Sus scrofa,Pahang,2024,1591.3,1589092,10,0,0.0,0
Varanus salvator,Pahang,2024,1591.3,1589092,10,0,0.0,0
Acridotheres tristis,Perak,2024,2496.0,986021,10,16,0.5,1
Corvus splendens,Perak,2024,2496.0,986021,10,12,0.375,1
Macaca fascicularis,Perak,2024,2496.0,986021,10,2,0.0625,1
Malayopython reticulatus,Perak,2024,2496.0,986021,10,0,0.0,0
Naja sumatrana,Perak,2024,2496.0,986021,10,0,0.0,0
Sus scrofa,Perak,2024,2496.0,986021,10,0,0.0,0
Varanus salvator,Perak,2024,2496.0,986021,10,2,0.0625,1
Acridotheres tristis,Perlis,2024,284.9,10854,10,7,0.875,1
Corvus splendens,Perlis,2024,284.9,10854,10,0,0.0,0
Macaca fascicularis,Perlis,2024,284.9,10854,10,1,0.125,1
Malayopython reticulatus,Perlis,2024,284.9,10854,10,0,0.0,0
Naja sumatrana,Perlis,2024,284.9,10854,10,0,0.0,0
Sus scrofa,Perlis,2024,284.9,10854,10,0,0.0,0
Varanus salvator,Perlis,2024,284.9,10854,10,0,0.0,0
Acridotheres tristis,Pulau Pinang,2024,1740.4,6063,10,33,0.362637,1
Corvus splendens,Pulau Pinang,2024,1740.4,6063,10,42,0.461538,1
Macaca fascicularis,Pulau Pinang,2024,1740.4,6063,10,10,0.10989,1
Malayopython reticulatus,Pulau Pinang,2024,1740.4,6063,10,0,0.0,0
Naja sumatrana,Pulau Pinang,2024,1740.4,6063,10,0,0.0,0
Sus scrofa,Pulau Pinang,2024,1740.4,6063,10,0,0.0,0
Varanus salvator,Pulau Pinang,2024,1740.4,6063,10,6,0.065934,1
Acridotheres tristis,Putrajaya,2024,109.2,0,10,1,0.25,1
Corvus splendens,Putrajaya,2024,109.2,0,10,3,0.75,1
Macaca fascicularis,Putrajaya,2024,109.2,0,10,0,0.0,0
Malayopython reticulatus,Putrajaya,2024,109.2,0,10,0,0.0,0
Naja sumatrana,Putrajaya,2024,109.2,0,10,0,0.0,0
Sus scrofa,Putrajaya,2024,109.2,0,10,0,0.0,0
Varanus salvator,Putrajaya,2024,109.2,0,10,0,0.0,0
Acridotheres tristis,Sabah,2024,3418.8,3574468,10,12,0.118812,1
Corvus splendens,Sabah,2024,3418.8,3574468,10,40,0.39604,1
Macaca fascicularis,Sabah,2024,3418.8,3574468,10,14,0.138614,1
Malayopython reticulatus,Sabah,2024,3418.8,3574468,10,0,0.0,0
Naja sumatrana,Sabah,2024,3418.8,3574468,10,1,0.009901,1
Sus scrofa,Sabah,2024,3418.8,3574468,10,0,0.0,0
Varanus salvator,Sabah,2024,3418.8,3574468,10,34,0.336634,1
Acridotheres tristis,Sarawak,2024,2453.7,3939113,10,26,0.83871,1
Corvus splendens,Sarawak,2024,2453.7,3939113,10,0,0.0,0
Macaca fascicularis,Sarawak,2024,2453.7,3939113,10,2,0.064516,1
Malayopython reticulatus,Sarawak,2024,2453.7,3939113,10,1,0.032258,1
Naja sumatrana,Sarawak,2024,2453.7,3939113,10,1,0.032258,1
Sus scrofa,Sarawak,2024,2453.7,3939113,10,0,0.0,0
Varanus salvator,Sarawak,2024,2453.7,3939113,10,1,0.032258,1
Acridotheres tristis,Selangor,2024,6994.4,250250,10,46,0.300654,1
Corvus splendens,Selangor,2024,6994.4,250250,10,83,0.542484,1
Macaca fascicularis,Selangor,2024,6994.4,250250,10,15,0.098039,1
Malayopython reticulatus,Selangor,2024,6994.4,250250,10,1,0.006536,1
Naja sumatrana,Selangor,2024,6994.4,250250,10,0,0.0,0
Sus scrofa,Selangor,2024,6994.4,250250,10,0,0.0,0
Varanus salvator,Selangor,2024,6994.4,250250,10,8,0.052288,1
Acridotheres tristis,Johor,2024,4009.7,335003,11,21,0.35,1
Corvus splendens,Johor,2024,4009.7,335003,11,37,0.616667,1
Macaca fascicularis,Johor,2024,4009.7,335003,11,1,0.016667,1
Malayopython reticulatus,Johor,2024,4009.7,335003,11,1,0.016667,1
Naja sumatrana,Johor,2024,4009.7,335003,11,0,0.0,0
Sus scrofa,Johor,2024,4009.7,335003,11,0,0.0,0
Varanus salvator,Johor,2024,4009.7,335003,11,0,0.0,0
Acridotheres tristis,Kedah,2024,2131.4,344175,11,19,0.612903,1
Corvus splendens,Kedah,2024,2131.4,344175,11,6,0.193548,1
Macaca fascicularis,Kedah,2024,2131.4,344175,11,4,0.129032,1
Malayopython reticulatus,Kedah,2024,2131.4,344175,11,0,0.0,0
Naja sumatrana,Kedah,2024,2131.4,344175,11,0,0.0,0
Sus scrofa,Kedah,2024,2131.4,344175,11,0,0.0,0
Varanus salvator,Kedah,2024,2131.4,344175,11,2,0.064516,1
Acridotheres tristis,Kuala Lumpur,2024,1982.1,85,11,15,0.294118,1
Corvus splendens,Kuala Lumpur,2024,1982.1,85,11,30,0.588235,1
Macaca fascicularis,Kuala Lumpur,2024,1982.1,85,11,3,0.058824,1
Malayopython reticulatus,Kuala Lumpur,2024,1982.1,85,11,0,0.0,0
Naja sumatrana,Kuala Lumpur,2024,1982.1,85,11,0,0.0,0
Sus scrofa,Kuala Lumpur,2024,1982.1,85,11,0,0.0,0
Varanus salvator,Kuala Lumpur,2024,1982.1,85,11,3,0.058824,1
Acridotheres tristis,Labuan,2024,95.1,0,11,0,0.0,0
Corvus splendens,Labuan,2024,95.1,0,11,0,0.0,0
Macaca fascicularis,Labuan,2024,95.1,0,11,0,0.0,0
Malayopython reticulatus,Labuan,2024,95.1,0,11,0,0.0,0
Naja sumatrana,Labuan,2024,95.1,0,11,0,0.0,0
Sus scrofa,Labuan,2024,95.1,0,11,0,0.0,0
Varanus salvator,Labuan,2024,95.1,0,11,1,1.0,1
Acridotheres tristis,Melaka,2024,998.4,5199,11,22,0.511628,1
Corvus splendens,Melaka,2024,998.4,5199,11,18,0.418605,1
Macaca fascicularis,Melaka,2024,998.4,5199,11,0,0.0,0
Malayopython reticulatus,Melaka,2024,998.4,5199,11,0,0.0,0
Naja sumatrana,Melaka,2024,998.4,5199,11,0,0.0,0
Sus scrofa,Melaka,2024,998.4,5199,11,0,0.0,0
Varanus salvator,Melaka,2024,998.4,5199,11,3,0.069767,1
Acridotheres tristis,Negeri Sembilan,2024,1200.0,155087,11,10,0.322581,1
Corvus splendens,Negeri Sembilan,2024,1200.0,155087,11,21,0.677419,1
Macaca fascicularis,Negeri Sembilan,2024,1200.0,155087,11,0,0.0,0
Malayopython reticulatus,Negeri Sembilan,2024,1200.0,155087,11,0,0.0,0
Naja sumatrana,Negeri Sembilan,2024,1200.0,155087,11,0,0.0,0
Sus scrofa,Negeri Sembilan,2024,1200.0,155087,11,0,0.0,0
Varanus salvator,Negeri Sembilan,2024,1200.0,155087,11,0,0.0,0
Acridotheres tristis,Pahang,2024,1591.3,1589092,11,5,0.714286,1
Corvus splendens,Pahang,2024,1591.3,1589092,11,2,0.285714,1
Macaca fascicularis,Pahang,2024,1591.3,1589092,11,0,0.0,0
Malayopython reticulatus,Pahang,2024,1591.3,1589092,11,0,0.0,0
Naja sumatrana,Pahang,2024,1591.3,1589092,11,0,0.0,0
Sus scrofa,Pahang,2024,1591.3,1589092,11,0,0.0,0
Varanus salvator,Pahang,2024,1591.3,1589092,11,0,0.0,0
Acridotheres tristis,Perak,2024,2496.0,986021,11,17,0.653846,1
Corvus splendens,Perak,2024,2496.0,986021,11,4,0.153846,1
Macaca fascicularis,Perak,2024,2496.0,986021,11,4,0.153846,1
Malayopython reticulatus,Perak,2024,2496.0,986021,11,0,0.0,0
Naja sumatrana,Perak,2024,2496.0,986021,11,0,0.0,0
Sus scrofa,Perak,2024,2496.0,986021,11,0,0.0,0
Varanus salvator,Perak,2024,2496.0,986021,11,1,0.038462,1
Acridotheres tristis,Perlis,2024,284.9,10854,11,1,1.0,1
Corvus splendens,Perlis,2024,284.9,10854,11,0,0.0,0
Macaca fascicularis,Perlis,2024,284.9,10854,11,0,0.0,0
Malayopython reticulatus,Perlis,2024,284.9,10854,11,0,0.0,0
Naja sumatrana,Perlis,2024,284.9,10854,11,0,0.0,0
Sus scrofa,Perlis,2024,284.9,10854,11,0,0.0,0
Varanus salvator,Perlis,2024,284.9,10854,11,0,0.0,0
Acridotheres tristis,Pulau Pinang,2024,1740.4,6063,11,18,0.305085,1
Corvus splendens,Pulau Pinang,2024,1740.4,6063,11,32,0.542373,1
Macaca fascicularis,Pulau Pinang,2024,1740.4,6063,11,2,0.033898,1
Malayopython reticulatus,Pulau Pinang,2024,1740.4,6063,11,0,0.0,0
Naja sumatrana,Pulau Pinang,2024,1740.4,6063,11,0,0.0,0
Sus scrofa,Pulau Pinang,2024,1740.4,6063,11,0,0.0,0
Varanus salvator,Pulau Pinang,2024,1740.4,6063,11,7,0.118644,1
Acridotheres tristis,Putrajaya,2024,109.2,0,11,1,0.333333,1
Corvus splendens,Putrajaya,2024,109.2,0,11,2,0.666667,1
Macaca fascicularis,Putrajaya,2024,109.2,0,11,0,0.0,0
Malayopython reticulatus,Putrajaya,2024,109.2,0,11,0,0.0,0
Naja sumatrana,Putrajaya,2024,109.2,0,11,0,0.0,0
Sus scrofa,Putrajaya,2024,109.2,0,11,0,0.0,0
Varanus salvator,Putrajaya,2024,109.2,0,11,0,0.0,0
Acridotheres tristis,Sabah,2024,3418.8,3574468,11,3,0.068182,1
Corvus splendens,Sabah,2024,3418.8,3574468,11,13,0.295455,1
Macaca fascicularis,Sabah,2024,3418.8,3574468,11,15,0.340909,1
Malayopython reticulatus,Sabah,2024,3418.8,3574468,11,0,0.0,0
Naja sumatrana,Sabah,2024,3418.8,3574468,11,0,0.0,0
Sus scrofa,Sabah,2024,3418.8,3574468,11,0,0.0,0
Varanus salvator,Sabah,2024,3418.8,3574468,11,13,0.295455,1
Acridotheres tristis,Sarawak,2024,2453.7,3939113,11,11,0.611111,1
Corvus splendens,Sarawak,2024,2453.7,3939113,11,0,0.0,0
Macaca fascicularis,Sarawak,2024,2453.7,3939113,11,3,0.166667,1
Malayopython reticulatus,Sarawak,2024,2453.7,3939113,11,3,0.166667,1
Naja sumatrana,Sarawak,2024,2453.7,3939113,11,0,0.0,0
Sus scrofa,Sarawak,2024,2453.7,3939113,11,0,0.0,0
Varanus salvator,Sarawak,2024,2453.7,3939113,11,1,0.055556,1
Acridotheres tristis,Selangor,2024,6994.4,250250,11,31,0.215278,1
Corvus splendens,Selangor,2024,6994.4,250250,11,90,0.625,1
Macaca fascicularis,Selangor,2024,6994.4,250250,11,16,0.111111,1
Malayopython reticulatus,Selangor,2024,6994.4,250250,11,0,0.0,0
Naja sumatrana,Selangor,2024,6994.4,250250,11,0,0.0,0
Sus scrofa,Selangor,2024,6994.4,250250,11,0,0.0,0
Varanus salvator,Selangor,2024,6994.4,250250,11,7,0.048611,1
Acridotheres tristis,Terengganu,2024,1149.4,540309,11,2,1.0,1
Corvus splendens,Terengganu,2024,1149.4,540309,11,0,0.0,0
Macaca fascicularis,Terengganu,2024,1149.4,540309,11,0,0.0,0
Malayopython reticulatus,Terengganu,2024,1149.4,540309,11,0,0.0,0
Naja sumatrana,Terengganu,2024,1149.4,540309,11,0,0.0,0
Sus scrofa,Terengganu,2024,1149.4,540309,11,0,0.0,0
Varanus salvator,Terengganu,2024,1149.4,540309,11,0,0.0,0
Acridotheres tristis,Johor,2024,4009.7,335003,12,21,0.323077,1
Corvus splendens,Johor,2024,4009.7,335003,12,43,0.661538,1
Macaca fascicularis,Johor,2024,4009.7,335003,12,0,0.0,0
Malayopython reticulatus,Johor,2024,4009.7,335003,12,0,0.0,0
Naja sumatrana,Johor,2024,4009.7,335003,12,0,0.0,0
Sus scrofa,Johor,2024,4009.7,335003,12,0,0.0,0
Varanus salvator,Johor,2024,4009.7,335003,12,1,0.015385,1
Acridotheres tristis,Kedah,2024,2131.4,344175,12,30,0.461538,1
Corvus splendens,Kedah,2024,2131.4,344175,12,28,0.430769,1
Macaca fascicularis,Kedah,2024,2131.4,344175,12,3,0.046154,1
Malayopython reticulatus,Kedah,2024,2131.4,344175,12,0,0.0,0
Naja sumatrana,Kedah,2024,2131.4,344175,12,0,0.0,0
Sus scrofa,Kedah,2024,2131.4,344175,12,0,0.0,0
Varanus salvator,Kedah,2024,2131.4,344175,12,4,0.061538,1
Acridotheres tristis,Kuala Lumpur,2024,1982.1,85,12,19,0.211111,1
Corvus splendens,Kuala Lumpur,2024,1982.1,85,12,51,0.566667,1
Macaca fascicularis,Kuala Lumpur,2024,1982.1,85,12,9,0.1,1
Malayopython reticulatus,Kuala Lumpur,2024,1982.1,85,12,0,0.0,0
Naja sumatrana,Kuala Lumpur,2024,1982.1,85,12,0,0.0,0
Sus scrofa,Kuala Lumpur,2024,1982.1,85,12,0,0.0,0
Varanus salvator,Kuala Lumpur,2024,1982.1,85,12,11,0.122222,1
Acridotheres tristis,Melaka,2024,998.4,5199,12,7,0.259259,1
Corvus splendens,Melaka,2024,998.4,5199,12,19,0.703704,1
Macaca fascicularis,Melaka,2024,998.4,5199,12,0,0.0,0
Malayopython reticulatus,Melaka,2024,998.4,5199,12,0,0.0,0
Naja sumatrana,Melaka,2024,998.4,5199,12,0,0.0,0
Sus scrofa,Melaka,2024,998.4,5199,12,0,0.0,0
Varanus salvator,Melaka,2024,998.4,5199,12,1,0.037037,1
Acridotheres tristis,Negeri Sembilan,2024,1200.0,155087,12,9,0.310345,1
Corvus splendens,Negeri Sembilan,2024,1200.0,155087,12,20,0.689655,1
Macaca fascicularis,Negeri Sembilan,2024,1200.0,155087,12,0,0.0,0
Malayopython reticulatus,Negeri Sembilan,2024,1200.0,155087,12,0,0.0,0
Naja sumatrana,Negeri Sembilan,2024,1200.0,155087,12,0,0.0,0
Sus scrofa,Negeri Sembilan,2024,1200.0,155087,12,0,0.0,0
Varanus salvator,Negeri Sembilan,2024,1200.0,155087,12,0,0.0,0
Acridotheres tristis,Pahang,2024,1591.3,1589092,12,15,0.652174,1
Corvus splendens,Pahang,2024,1591.3,1589092,12,2,0.086957,1
Macaca fascicularis,Pahang,2024,1591.3,1589092,12,5,0.217391,1
Malayopython reticulatus,Pahang,2024,1591.3,1589092,12,0,0.0,0
Naja sumatrana,Pahang,2024,1591.3,1589092,12,0,0.0,0
Sus scrofa,Pahang,2024,1591.3,1589092,12,0,0.0,0
Varanus salvator,Pahang,2024,1591.3,1589092,12,1,0.043478,1
Acridotheres tristis,Perak,2024,2496.0,986021,12,35,0.555556,1
Corvus splendens,Perak,2024,2496.0,986021,12,22,0.349206,1
Macaca fascicularis,Perak,2024,2496.0,986021,12,4,0.063492,1
Malayopython reticulatus,Perak,2024,2496.0,986021,12,0,0.0,0
Naja sumatrana,Perak,2024,2496.0,986021,12,0,0.0,0
Sus scrofa,Perak,2024,2496.0,986021,12,0,0.0,0
Varanus salvator,Perak,2024,2496.0,986021,12,2,0.031746,1
Acridotheres tristis,Perlis,2024,284.9,10854,12,16,0.941176,1
Corvus splendens,Perlis,2024,284.9,10854,12,1,0.058824,1
Macaca fascicularis,Perlis,2024,284.9,10854,12,0,0.0,0
Malayopython reticulatus,Perlis,2024,284.9,10854,12,0,0.0,0
Naja sumatrana,Perlis,2024,284.9,10854,12,0,0.0,0
Sus scrofa,Perlis,2024,284.9,10854,12,0,0.0,0
Varanus salvator,Perlis,2024,284.9,10854,12,0,0.0,0
Acridotheres tristis,Pulau Pinang,2024,1740.4,6063,12,55,0.364238,1
Corvus splendens,Pulau Pinang,2024,1740.4,6063,12,75,0.496689,1
Macaca fascicularis,Pulau Pinang,2024,1740.4,6063,12,7,0.046358,1
Malayopython reticulatus,Pulau Pinang,2024,1740.4,6063,12,0,0.0,0
Naja sumatrana,Pulau Pinang,2024,1740.4,6063,12,0,0.0,0
Sus scrofa,Pulau Pinang,2024,1740.4,6063,12,0,0.0,0
Varanus salvator,Pulau Pinang,2024,1740.4,6063,12,14,0.092715,1
Acridotheres tristis,Putrajaya,2024,109.2,0,12,0,0.0,0
Corvus splendens,Putrajaya,2024,109.2,0,12,1,1.0,1
Macaca fascicularis,Putrajaya,2024,109.2,0,12,0,0.0,0
Malayopython reticulatus,Putrajaya,2024,109.2,0,12,0,0.0,0
Naja sumatrana,Putrajaya,2024,109.2,0,12,0,0.0,0
Sus scrofa,Putrajaya,2024,109.2,0,12,0,0.0,0
Varanus salvator,Putrajaya,2024,109.2,0,12,0,0.0,0
Acridotheres tristis,Sabah,2024,3418.8,3574468,12,1,0.029412,1
Corvus splendens,Sabah,2024,3418.8,3574468,12,9,0.264706,1
Macaca fascicularis,Sabah,2024,3418.8,3574468,12,12,0.352941,1
Malayopython reticulatus,Sabah,2024,3418.8,3574468,12,0,0.0,0
Naja sumatrana,Sabah,2024,3418.8,3574468,12,0,0.0,0
Sus scrofa,Sabah,2024,3418.8,3574468,12,0,0.0,0
Varanus salvator,Sabah,2024,3418.8,3574468,12,12,0.352941,1
Acridotheres tristis,Sarawak,2024,2453.7,3939113,12,4,0.333333,1
Corvus splendens,Sarawak,2024,2453.7,3939113,12,1,0.083333,1
Macaca fascicularis,Sarawak,2024,2453.7,3939113,12,4,0.333333,1
Malayopython reticulatus,Sarawak,2024,2453.7,3939113,12,0,0.0,0
Naja sumatrana,Sarawak,2024,2453.7,3939113,12,0,0.0,0
Sus scrofa,Sarawak,2024,2453.7,3939113,12,0,0.0,0
Varanus salvator,Sarawak,2024,2453.7,3939113,12,3,0.25,1
Acridotheres tristis,Selangor,2024,6994.4,250250,12,34,0.241135,1
Corvus splendens,Selangor,2024,6994.4,250250,12,91,0.64539,1
Macaca fascicularis,Selangor,2024,6994.4,250250,12,7,0.049645,1
Malayopython reticulatus,Selangor,2024,6994.4,250250,12,1,0.007092,1
Naja sumatrana,Selangor,2024,6994.4,250250,12,0,0.0,0
Sus scrofa,Selangor,2024,6994.4,250250,12,1,0.007092,1
Varanus salvator,Selangor,2024,6994.4,250250,12,7,0.049645,1
Acridotheres tristis,Terengganu,2024,1149.4,540309,12,6,0.857143,1
Corvus splendens,Terengganu,2024,1149.4,540309,12,0,0.0,0
Macaca fascicularis,Terengganu,2024,1149.4,540309,12,0,0.0,0
Malayopython reticulatus,Terengganu,2024,1149.4,540309,12,0,0.0,0
Naja sumatrana,Terengganu,2024,1149.4,540309,12,0,0.0,0
Sus scrofa,Terengganu,2024,1149.4,540309,12,1,0.142857,1
Varanus salvator,Terengganu,2024,1149.4,540309,12,0,0.0,0
Acridotheres tristis,Johor,2025,4009.7,335003,1,2,0.4,1
Corvus splendens,Johor,2025,4009.7,335003,1,1,0.2,1
Macaca fascicularis,Johor,2025,4009.7,335003,1,0,0.0,0
Malayopython reticulatus,Johor,2025,4009.7,335003,1,0,0.0,0
Naja sumatrana,Johor,2025,4009.7,335003,1,0,0.0,0
Sus scrofa,Johor,2025,4009.7,335003,1,0,0.0,0
Varanus salvator,Johor,2025,4009.7,335003,1,2,0.4,1
Acridotheres tristis,Kedah,2025,2131.4,344175,1,2,0.222222,1
Corvus splendens,Kedah,2025,2131.4,344175,1,0,0.0,0
Macaca fascicularis,Kedah,2025,2131.4,344175,1,5,0.555556,1
Malayopython reticulatus,Kedah,2025,2131.4,344175,1,0,0.0,0
Naja sumatrana,Kedah,2025,2131.4,344175,1,0,0.0,0
Sus scrofa,Kedah,2025,2131.4,344175,1,0,0.0,0
Varanus salvator,Kedah,2025,2131.4,344175,1,2,0.222222,1
Acridotheres tristis,Kuala Lumpur,2025,1982.1,85,1,0,0.0,0
Corvus splendens,Kuala Lumpur,2025,1982.1,85,1,5,0.5,1
Macaca fascicularis,Kuala Lumpur,2025,1982.1,85,1,3,0.3,1
Malayopython reticulatus,Kuala Lumpur,2025,1982.1,85,1,0,0.0,0
Naja sumatrana,Kuala Lumpur,2025,1982.1,85,1,0,0.0,0
Sus scrofa,Kuala Lumpur,2025,1982.1,85,1,0,0.0,0
Varanus salvator,Kuala Lumpur,2025,1982.1,85,1,2,0.2,1
Acridotheres tristis,Melaka,2025,998.4,5199,1,0,0.0,0
Corvus splendens,Melaka,2025,998.4,5199,1,3,1.0,1
Macaca fascicularis,Melaka,2025,998.4,5199,1,0,0.0,0
Malayopython reticulatus,Melaka,2025,998.4,5199,1,0,0.0,0
Naja sumatrana,Melaka,2025,998.4,5199,1,0,0.0,0
Sus scrofa,Melaka,2025,998.4,5199,1,0,0.0,0
Varanus salvator,Melaka,2025,998.4,5199,1,0,0.0,0
Acridotheres tristis,Negeri Sembilan,2025,1200.0,155087,1,0,0.0,0
Corvus splendens,Negeri Sembilan,2025,1200.0,155087,1,0,0.0,0
Macaca fascicularis,Negeri Sembilan,2025,1200.0,155087,1,1,0.333333,1
Malayopython reticulatus,Negeri Sembilan,2025,1200.0,155087,1,0,0.0,0
Naja sumatrana,Negeri Sembilan,2025,1200.0,155087,1,0,0.0,0
Sus scrofa,Negeri Sembilan,2025,1200.0,155087,1,0,0.0,0
Varanus salvator,Negeri Sembilan,2025,1200.0,155087,1,2,0.666667,1
Acridotheres tristis,Perak,2025,2496.0,986021,1,0,0.0,0
Corvus splendens,Perak,2025,2496.0,986021,1,0,0.0,0
Macaca fascicularis,Perak,2025,2496.0,986021,1,0,0.0,0
Malayopython reticulatus,Perak,2025,2496.0,986021,1,0,0.0,0
Naja sumatrana,Perak,2025,2496.0,986021,1,0,0.0,0
Sus scrofa,Perak,2025,2496.0,986021,1,0,0.0,0
Varanus salvator,Perak,2025,2496.0,986021,1,2,1.0,1
Acridotheres tristis,Pulau Pinang,2025,1740.4,6063,1,7,0.269231,1
Corvus splendens,Pulau Pinang,2025,1740.4,6063,1,6,0.230769,1
Macaca fascicularis,Pulau Pinang,2025,1740.4,6063,1,3,0.115385,1
Malayopython reticulatus,Pulau Pinang,2025,1740.4,6063,1,0,0.0,0
Naja sumatrana,Pulau Pinang,2025,1740.4,6063,1,0,0.0,0
Sus scrofa,Pulau Pinang,2025,1740.4,6063,1,0,0.0,0
Varanus salvator,Pulau Pinang,2025,1740.4,6063,1,10,0.384615,1
Acridotheres tristis,Sabah,2025,3418.8,3574468,1,0,0.0,0
Corvus splendens,Sabah,2025,3418.8,3574468,1,3,0.083333,1
Macaca fascicularis,Sabah,2025,3418.8,3574468,1,13,0.361111,1
Malayopython reticulatus,Sabah,2025,3418.8,3574468,1,1,0.027778,1
Naja sumatrana,Sabah,2025,3418.8,3574468,1,0,0.0,0
Sus scrofa,Sabah,2025,3418.8,3574468,1,0,0.0,0
Varanus salvator,Sabah,2025,3418.8,3574468,1,19,0.527778,1
Acridotheres tristis,Sarawak,2025,2453.7,3939113,1,1,0.052632,1
Corvus splendens,Sarawak,2025,2453.7,3939113,1,0,0.0,0
Macaca fascicularis,Sarawak,2025,2453.7,3939113,1,10,0.526316,1
Malayopython reticulatus,Sarawak,2025,2453.7,3939113,1,1,0.052632,1
Naja sumatrana,Sarawak,2025,2453.7,3939113,1,0,0.0,0
Sus scrofa,Sarawak,2025,2453.7,3939113,1,0,0.0,0
Varanus salvator,Sarawak,2025,2453.7,3939113,1,7,0.368421,1
Acridotheres tristis,Selangor,2025,6994.4,250250,1,2,0.068966,1
Corvus splendens,Selangor,2025,6994.4,250250,1,3,0.103448,1
Macaca fascicularis,Selangor,2025,6994.4,250250,1,10,0.344828,1
Malayopython reticulatus,Selangor,2025,6994.4,250250,1,1,0.034483,1
Naja sumatrana,Selangor,2025,6994.4,250250,1,0,0.0,0
Sus scrofa,Selangor,2025,6994.4,250250,1,0,0.0,0
Varanus salvator,Selangor,2025,6994.4,250250,1,13,0.448276,1
Acridotheres tristis,Kedah,2025,2131.4,344175,2,2,0.333333,1
Corvus splendens,Kedah,2025,2131.4,344175,2,0,0.0,0
Macaca fascicularis,Kedah,2025,2131.4,344175,2,4,0.666667,1
Malayopython reticulatus,Kedah,2025,2131.4,344175,2,0,0.0,0
Naja sumatrana,Kedah,2025,2131.4,344175,2,0,0.0,0
Sus scrofa,Kedah,2025,2131.4,344175,2,0,0.0,0
Varanus salvator,Kedah,2025,2131.4,344175,2,0,0.0,0
Acridotheres tristis,Kuala Lumpur,2025,1982.1,85,2,0,0.0,0
Corvus splendens,Kuala Lumpur,2025,1982.1,85,2,3,0.230769,1
Macaca fascicularis,Kuala Lumpur,2025,1982.1,85,2,6,0.461538,1
Malayopython reticulatus,Kuala Lumpur,2025,1982.1,85,2,0,0.0,0
Naja sumatrana,Kuala Lumpur,2025,1982.1,85,2,0,0.0,0
Sus scrofa,Kuala Lumpur,2025,1982.1,85,2,0,0.0,0
Varanus salvator,Kuala Lumpur,2025,1982.1,85,2,4,0.307692,1
Acridotheres tristis,Melaka,2025,998.4,5199,2,0,0.0,0
Corvus splendens,Melaka,2025,998.4,5199,2,0,0.0,0
Macaca fascicularis,Melaka,2025,998.4,5199,2,0,0.0,0
Malayopython reticulatus,Melaka,2025,998.4,5199,2,0,0.0,0
Naja sumatrana,Melaka,2025,998.4,5199,2,0,0.0,0
Sus scrofa,Melaka,2025,998.4,5199,2,0,0.0,0
Varanus salvator,Melaka,2025,998.4,5199,2,1,1.0,1
Acridotheres tristis,Negeri Sembilan,2025,1200.0,155087,2,0,0.0,0
Corvus splendens,Negeri Sembilan,2025,1200.0,155087,2,0,0.0,0
Macaca fascicularis,Negeri Sembilan,2025,1200.0,155087,2,0,0.0,0
Malayopython reticulatus,Negeri Sembilan,2025,1200.0,155087,2,0,0.0,0
Naja sumatrana,Negeri Sembilan,2025,1200.0,155087,2,0,0.0,0
Sus scrofa,Negeri Sembilan,2025,1200.0,155087,2,0,0.0,0
Varanus salvator,Negeri Sembilan,2025,1200.0,155087,2,1,1.0,1
Acridotheres tristis,Pahang,2025,1591.3,1589092,2,1,0.166667,1
Corvus splendens,Pahang,2025,1591.3,1589092,2,0,0.0,0
Macaca fascicularis,Pahang,2025,1591.3,1589092,2,2,0.333333,1
Malayopython reticulatus,Pahang,2025,1591.3,1589092,2,0,0.0,0
Naja sumatrana,Pahang,2025,1591.3,1589092,2,0,0.0,0
Sus scrofa,Pahang,2025,1591.3,1589092,2,1,0.166667,1
Varanus salvator,Pahang,2025,1591.3,1589092,2,2,0.333333,1
Acridotheres tristis,Perak,2025,2496.0,986021,2,1,0.2,1
Corvus splendens,Perak,2025,2496.0,986021,2,0,0.0,0
Macaca fascicularis,Perak,2025,2496.0,986021,2,0,0.0,0
Malayopython reticulatus,Perak,2025,2496.0,986021,2,0,0.0,0
Naja sumatrana,Perak,2025,2496.0,986021,2,0,0.0,0
Sus scrofa,Perak,2025,2496.0,986021,2,0,0.0,0
Varanus salvator,Perak,2025,2496.0,986021,2,4,0.8,1
Acridotheres tristis,Pulau Pinang,2025,1740.4,6063,2,2,0.2,1
Corvus splendens,Pulau Pinang,2025,1740.4,6063,2,3,0.3,1
Macaca fascicularis,Pulau Pinang,2025,1740.4,6063,2,5,0.5,1
Malayopython reticulatus,Pulau Pinang,2025,1740.4,6063,2,0,0.0,0
Naja sumatrana,Pulau Pinang,2025,1740.4,6063,2,0,0.0,0
Sus scrofa,Pulau Pinang,2025,1740.4,6063,2,0,0.0,0
Varanus salvator,Pulau Pinang,2025,1740.4,6063,2,0,0.0,0
Acridotheres tristis,Sabah,2025,3418.8,3574468,2,0,0.0,0
Corvus splendens,Sabah,2025,3418.8,3574468,2,3,0.061224,1
Macaca fascicularis,Sabah,2025,3418.8,3574468,2,20,0.408163,1
Malayopython reticulatus,Sabah,2025,3418.8,3574468,2,2,0.040816,1
Naja sumatrana,Sabah,2025,3418.8,3574468,2,1,0.020408,1
Sus scrofa,Sabah,2025,3418.8,3574468,2,0,0.0,0
Varanus salvator,Sabah,2025,3418.8,3574468,2,23,0.469388,1
Acridotheres tristis,Sarawak,2025,2453.7,3939113,2,0,0.0,0
Corvus splendens,Sarawak,2025,2453.7,3939113,2,0,0.0,0
Macaca fascicularis,Sarawak,2025,2453.7,3939113,2,6,0.6,1
Malayopython reticulatus,Sarawak,2025,2453.7,3939113,2,0,0.0,0
Naja sumatrana,Sarawak,2025,2453.7,3939113,2,0,0.0,0
Sus scrofa,Sarawak,2025,2453.7,3939113,2,0,0.0,0
Varanus salvator,Sarawak,2025,2453.7,3939113,2,4,0.4,1
Acridotheres tristis,Selangor,2025,6994.4,250250,2,4,0.108108,1
Corvus splendens,Selangor,2025,6994.4,250250,2,7,0.189189,1
Macaca fascicularis,Selangor,2025,6994.4,250250,2,23,0.621622,1
Malayopython reticulatus,Selangor,2025,6994.4,250250,2,0,0.0,0
Naja sumatrana,Selangor,2025,6994.4,250250,2,0,0.0,0
Sus scrofa,Selangor,2025,6994.4,250250,2,1,0.027027,1
Varanus salvator,Selangor,2025,6994.4,250250,2,2,0.054054,1
Acridotheres tristis,Johor,2025,4009.7,335003,3,2,1.0,1
Corvus splendens,Johor,2025,4009.7,335003,3,0,0.0,0
Macaca fascicularis,Johor,2025,4009.7,335003,3,0,0.0,0
Malayopython reticulatus,Johor,2025,4009.7,335003,3,0,0.0,0
Naja sumatrana,Johor,2025,4009.7,335003,3,0,0.0,0
Sus scrofa,Johor,2025,4009.7,335003,3,0,0.0,0
Varanus salvator,Johor,2025,4009.7,335003,3,0,0.0,0
Acridotheres tristis,Kedah,2025,2131.4,344175,3,4,0.266667,1
Corvus splendens,Kedah,2025,2131.4,344175,3,0,0.0,0
Macaca fascicularis,Kedah,2025,2131.4,344175,3,11,0.733333,1
Malayopython reticulatus,Kedah,2025,2131.4,344175,3,0,0.0,0
Naja sumatrana,Kedah,2025,2131.4,344175,3,0,0.0,0
Sus scrofa,Kedah,2025,2131.4,344175,3,0,0.0,0
Varanus salvator,Kedah,2025,2131.4,344175,3,0,0.0,0
Acridotheres tristis,Kelantan,2025,1792.5,629881,3,0,0.0,0
Corvus splendens,Kelantan,2025,1792.5,629881,3,0,0.0,0
Macaca fascicularis,Kelantan,2025,1792.5,629881,3,0,0.0,0
Malayopython reticulatus,Kelantan,2025,1792.5,629881,3,0,0.0,0
Naja sumatrana,Kelantan,2025,1792.5,629881,3,0,0.0,0
Sus scrofa,Kelantan,2025,1792.5,629881,3,0,0.0,0
Varanus salvator,Kelantan,2025,1792.5,629881,3,1,1.0,1
Acridotheres tristis,Kuala Lumpur,2025,1982.1,85,3,1,0.111111,1
Corvus splendens,Kuala Lumpur,2025,1982.1,85,3,4,0.444444,1
Macaca fascicularis,Kuala Lumpur,2025,1982.1,85,3,2,0.222222,1
Malayopython reticulatus,Kuala Lumpur,2025,1982.1,85,3,0,0.0,0
Naja sumatrana,Kuala Lumpur,2025,1982.1,85,3,0,0.0,0
Sus scrofa,Kuala Lumpur,2025,1982.1,85,3,0,0.0,0
Varanus salvator,Kuala Lumpur,2025,1982.1,85,3,2,0.222222,1
Acridotheres tristis,Melaka,2025,998.4,5199,3,0,0.0,0
Corvus splendens,Melaka,2025,998.4,5199,3,1,0.25,1
Macaca fascicularis,Melaka,2025,998.4,5199,3,0,0.0,0
Malayopython reticulatus,Melaka,2025,998.4,5199,3,0,0.0,0
Naja sumatrana,Melaka,2025,998.4,5199,3,0,0.0,0
Sus scrofa,Melaka,2025,998.4,5199,3,0,0.0,0
Varanus salvator,Melaka,2025,998.4,5199,3,3,0.75,1
Acridotheres tristis,Negeri Sembilan,2025,1200.0,155087,3,0,0.0,0
Corvus splendens,Negeri Sembilan,2025,1200.0,155087,3,1,0.166667,1
Macaca fascicularis,Negeri Sembilan,2025,1200.0,155087,3,3,0.5,1
Malayopython reticulatus,Negeri Sembilan,2025,1200.0,155087,3,0,0.0,0
Naja sumatrana,Negeri Sembilan,2025,1200.0,155087,3,0,0.0,0
Sus scrofa,Negeri Sembilan,2025,1200.0,155087,3,0,0.0,0
Varanus salvator,Negeri Sembilan,2025,1200.0,155087,3,2,0.333333,1
Acridotheres tristis,Pahang,2025,1591.3,1589092,3,0,0.0,0
Corvus splendens,Pahang,2025,1591.3,1589092,3,0,0.0,0
Macaca fascicularis,Pahang,2025,1591.3,1589092,3,2,0.222222,1
Malayopython reticulatus,Pahang,2025,1591.3,1589092,3,0,0.0,0
Naja sumatrana,Pahang,2025,1591.3,1589092,3,0,0.0,0
Sus scrofa,Pahang,2025,1591.3,1589092,3,5,0.555556,1
Varanus salvator,Pahang,2025,1591.3,1589092,3,2,0.222222,1
Acridotheres tristis,Perak,2025,2496.0,986021,3,1,0.111111,1
Corvus splendens,Perak,2025,2496.0,986021,3,0,0.0,0
Macaca fascicularis,Perak,2025,2496.0,986021,3,1,0.111111,1
Malayopython reticulatus,Perak,2025,2496.0,986021,3,4,0.444444,1
Naja sumatrana,Perak,2025,2496.0,986021,3,0,0.0,0
Sus scrofa,Perak,2025,2496.0,986021,3,0,0.0,0
Varanus salvator,Perak,2025,2496.0,986021,3,3,0.333333,1
Acridotheres tristis,Pulau Pinang,2025,1740.4,6063,3,3,0.142857,1
Corvus splendens,Pulau Pinang,2025,1740.4,6063,3,3,0.142857,1
Macaca fascicularis,Pulau Pinang,2025,1740.4,6063,3,10,0.47619,1
Malayopython reticulatus,Pulau Pinang,2025,1740.4,6063,3,0,0.0,0
Naja sumatrana,Pulau Pinang,2025,1740.4,6063,3,0,0.0,0
Sus scrofa,Pulau Pinang,2025,1740.4,6063,3,0,0.0,0
Varanus salvator,Pulau Pinang,2025,1740.4,6063,3,5,0.238095,1
Acridotheres tristis,Sabah,2025,3418.8,3574468,3,0,0.0,0
Corvus splendens,Sabah,2025,3418.8,3574468,3,2,0.039216,1
Macaca fascicularis,Sabah,2025,3418.8,3574468,3,24,0.470588,1
Malayopython reticulatus,Sabah,2025,3418.8,3574468,3,3,0.058824,1
Naja sumatrana,Sabah,2025,3418.8,3574468,3,1,0.019608,1
Sus scrofa,Sabah,2025,3418.8,3574468,3,0,0.0,0
Varanus salvator,Sabah,2025,3418.8,3574468,3,21,0.411765,1
Acridotheres tristis,Sarawak,2025,2453.7,3939113,3,3,0.166667,1
Corvus splendens,Sarawak,2025,2453.7,3939113,3,1,0.055556,1
Macaca fascicularis,Sarawak,2025,2453.7,3939113,3,6,0.333333,1
Malayopython reticulatus,Sarawak,2025,2453.7,3939113,3,1,0.055556,1
Naja sumatrana,Sarawak,2025,2453.7,3939113,3,0,0.0,0
Sus scrofa,Sarawak,2025,2453.7,3939113,3,0,0.0,0
Varanus salvator,Sarawak,2025,2453.7,3939113,3,7,0.388889,1
Acridotheres tristis,Selangor,2025,6994.4,250250,3,6,0.15,1
Corvus splendens,Selangor,2025,6994.4,250250,3,4,0.1,1
Macaca fascicularis,Selangor,2025,6994.4,250250,3,20,0.5,1
Malayopython reticulatus,Selangor,2025,6994.4,250250,3,0,0.0,0
Naja sumatrana,Selangor,2025,6994.4,250250,3,1,0.025,1
Sus scrofa,Selangor,2025,6994.4,250250,3,0,0.0,0
Varanus salvator,Selangor,2025,6994.4,250250,3,9,0.225,1
Acridotheres tristis,Terengganu,2025,1149.4,540309,3,1,0.333333,1
Corvus splendens,Terengganu,2025,1149.4,540309,3,0,0.0,0
Macaca fascicularis,Terengganu,2025,1149.4,540309,3,0,0.0,0
Malayopython reticulatus,Terengganu,2025,1149.4,540309,3,0,0.0,0
Naja sumatrana,Terengganu,2025,1149.4,540309,3,0,0.0,0
Sus scrofa,Terengganu,2025,1149.4,540309,3,0,0.0,0
Varanus salvator,Terengganu,2025,1149.4,540309,3,2,0.666667,1
Acridotheres tristis,Johor,2025,4009.7,335003,4,1,0.076923,1
Corvus splendens,Johor,2025,4009.7,335003,4,2,0.153846,1
Macaca fascicularis,Johor,2025,4009.7,335003,4,2,0.153846,1
Malayopython reticulatus,Johor,2025,4009.7,335003,4,5,0.384615,1
Naja sumatrana,Johor,2025,4009.7,335003,4,0,0.0,0
Sus scrofa,Johor,2025,4009.7,335003,4,0,0.0,0
Varanus salvator,Johor,2025,4009.7,335003,4,3,0.230769,1
Acridotheres tristis,Kedah,2025,2131.4,344175,4,2,0.285714,1
Corvus splendens,Kedah,2025,2131.4,344175,4,0,0.0,0
Macaca fascicularis,Kedah,2025,2131.4,344175,4,2,0.285714,1
Malayopython reticulatus,Kedah,2025,2131.4,344175,4,1,0.142857,1
Naja sumatrana,Kedah,2025,2131.4,344175,4,0,0.0,0
Sus scrofa,Kedah,2025,2131.4,344175,4,0,0.0,0
Varanus salvator,Kedah,2025,2131.4,344175,4,2,0.285714,1
Acridotheres tristis,Kuala Lumpur,2025,1982.1,85,4,3,0.09375,1
Corvus splendens,Kuala Lumpur,2025,1982.1,85,4,6,0.1875,1
Macaca fascicularis,Kuala Lumpur,2025,1982.1,85,4,19,0.59375,1
Malayopython reticulatus,Kuala Lumpur,2025,1982.1,85,4,0,0.0,0
Naja sumatrana,Kuala Lumpur,2025,1982.1,85,4,0,0.0,0
Sus scrofa,Kuala Lumpur,2025,1982.1,85,4,0,0.0,0
Varanus salvator,Kuala Lumpur,2025,1982.1,85,4,4,0.125,1
Acridotheres tristis,Melaka,2025,998.4,5199,4,0,0.0,0
Corvus splendens,Melaka,2025,998.4,5199,4,1,1.0,1
Macaca fascicularis,Melaka,2025,998.4,5199,4,0,0.0,0
Malayopython reticulatus,Melaka,2025,998.4,5199,4,0,0.0,0
Naja sumatrana,Melaka,2025,998.4,5199,4,0,0.0,0
Sus scrofa,Melaka,2025,998.4,5199,4,0,0.0,0
Varanus salvator,Melaka,2025,998.4,5199,4,0,0.0,0
Acridotheres tristis,Negeri Sembilan,2025,1200.0,155087,4,0,0.0,0
Corvus splendens,Negeri Sembilan,2025,1200.0,155087,4,1,1.0,1
Macaca fascicularis,Negeri Sembilan,2025,1200.0,155087,4,0,0.0,0
Malayopython reticulatus,Negeri Sembilan,2025,1200.0,155087,4,0,0.0,0
Naja sumatrana,Negeri Sembilan,2025,1200.0,155087,4,0,0.0,0
Sus scrofa,Negeri Sembilan,2025,1200.0,155087,4,0,0.0,0
Varanus salvator,Negeri Sembilan,2025,1200.0,155087,4,0,0.0,0
Acridotheres tristis,Pahang,2025,1591.3,1589092,4,1,0.142857,1
Corvus splendens,Pahang,2025,1591.3,1589092,4,0,0.0,0
Macaca fascicularis,Pahang,2025,1591.3,1589092,4,2,0.285714,1
Malayopython reticulatus,Pahang,2025,1591.3,1589092,4,0,0.0,0
Naja sumatrana,Pahang,2025,1591.3,1589092,4,1,0.142857,1
Sus scrofa,Pahang,2025,1591.3,1589092,4,0,0.0,0
Varanus salvator,Pahang,2025,1591.3,1589092,4,3,0.428571,1
Acridotheres tristis,Perak,2025,2496.0,986021,4,1,0.2,1
Corvus splendens,Perak,2025,2496.0,986021,4,0,0.0,0
Macaca fascicularis,Perak,2025,2496.0,986021,4,2,0.4,1
Malayopython reticulatus,Perak,2025,2496.0,986021,4,0,0.0,0
Naja sumatrana,Perak,2025,2496.0,986021,4,0,0.0,0
Sus scrofa,Perak,2025,2496.0,986021,4,0,0.0,0
Varanus salvator,Perak,2025,2496.0,986021,4,2,0.4,1
Acridotheres tristis,Perlis,2025,284.9,10854,4,0,0.0,0
Corvus splendens,Perlis,2025,284.9,10854,4,0,0.0,0
Macaca fascicularis,Perlis,2025,284.9,10854,4,0,0.0,0
Malayopython reticulatus,Perlis,2025,284.9,10854,4,0,0.0,0
Naja sumatrana,Perlis,2025,284.9,10854,4,0,0.0,0
Sus scrofa,Perlis,2025,284.9,10854,4,1,1.0,1
Varanus salvator,Perlis,2025,284.9,10854,4,0,0.0,0
Acridotheres tristis,Pulau Pinang,2025,1740.4,6063,4,4,0.235294,1
Corvus splendens,Pulau Pinang,2025,1740.4,6063,4,2,0.117647,1
Macaca fascicularis,Pulau Pinang,2025,1740.4,6063,4,6,0.352941,1
Malayopython reticulatus,Pulau Pinang,2025,1740.4,6063,4,0,0.0,0
Naja sumatrana,Pulau Pinang,2025,1740.4,6063,4,0,0.0,0
Sus scrofa,Pulau Pinang,2025,1740.4,6063,4,0,0.0,0
Varanus salvator,Pulau Pinang,2025,1740.4,6063,4,5,0.294118,1
Acridotheres tristis,Sabah,2025,3418.8,3574468,4,0,0.0,0
Corvus splendens,Sabah,2025,3418.8,3574468,4,1,0.02,1
Macaca fascicularis,Sabah,2025,3418.8,3574468,4,23,0.46,1
Malayopython reticulatus,Sabah,2025,3418.8,3574468,4,2,0.04,1
Naja sumatrana,Sabah,2025,3418.8,3574468,4,2,0.04,1
Sus scrofa,Sabah,2025,3418.8,3574468,4,0,0.0,0
Varanus salvator,Sabah,2025,3418.8,3574468,4,22,0.44,1
Acridotheres tristis,Sarawak,2025,2453.7,3939113,4,0,0.0,0
Corvus splendens,Sarawak,2025,2453.7,3939113,4,0,0.0,0
Macaca fascicularis,Sarawak,2025,2453.7,3939113,4,10,0.588235,1
Malayopython reticulatus,Sarawak,2025,2453.7,3939113,4,0,0.0,0
Naja sumatrana,Sarawak,2025,2453.7,3939113,4,1,0.058824,1
Sus scrofa,Sarawak,2025,2453.7,3939113,4,0,0.0,0
Varanus salvator,Sarawak,2025,2453.7,3939113,4,6,0.352941,1
Acridotheres tristis,Selangor,2025,6994.4,250250,4,7,0.142857,1
Corvus splendens,Selangor,2025,6994.4,250250,4,14,0.285714,1
Macaca fascicularis,Selangor,2025,6994.4,250250,4,22,0.44898,1
Malayopython reticulatus,Selangor,2025,6994.4,250250,4,1,0.020408,1
Naja sumatrana,Selangor,2025,6994.4,250250,4,0,0.0,0
Sus scrofa,Selangor,2025,6994.4,250250,4,0,0.0,0
Varanus salvator,Selangor,2025,6994.4,250250,4,5,0.102041,1
Acridotheres tristis,Terengganu,2025,1149.4,540309,4,0,0.0,0
Corvus splendens,Terengganu,2025,1149.4,540309,4,0,0.0,0
Macaca fascicularis,Terengganu,2025,1149.4,540309,4,1,0.5,1
Malayopython reticulatus,Terengganu,2025,1149.4,540309,4,0,0.0,0
Naja sumatrana,Terengganu,2025,1149.4,540309,4,0,0.0,0
Sus scrofa,Terengganu,2025,1149.4,540309,4,0,0.0,0
Varanus salvator,Terengganu,2025,1149.4,540309,4,1,0.5,1
Acridotheres tristis,Johor,2025,4009.7,335003,5,8,0.170213,1
Corvus splendens,Johor,2025,4009.7,335003,5,3,0.06383,1
Macaca fascicularis,Johor,2025,4009.7,335003,5,20,0.425532,1
Malayopython reticulatus,Johor,2025,4009.7,335003,5,1,0.021277,1
Naja sumatrana,Johor,2025,4009.7,335003,5,0,0.0,0
Sus scrofa,Johor,2025,4009.7,335003,5,0,0.0,0
Varanus salvator,Johor,2025,4009.7,335003,5,15,0.319149,1
Acridotheres tristis,Kedah,2025,2131.4,344175,5,2,0.4,1
Corvus splendens,Kedah,2025,2131.4,344175,5,0,0.0,0
Macaca fascicularis,Kedah,2025,2131.4,344175,5,2,0.4,1
Malayopython reticulatus,Kedah,2025,2131.4,344175,5,0,0.0,0
Naja sumatrana,Kedah,2025,2131.4,344175,5,0,0.0,0
Sus scrofa,Kedah,2025,2131.4,344175,5,0,0.0,0
Varanus salvator,Kedah,2025,2131.4,344175,5,1,0.2,1
Acridotheres tristis,Kuala Lumpur,2025,1982.1,85,5,2,0.166667,1
Corvus splendens,Kuala Lumpur,2025,1982.1,85,5,6,0.5,1
Macaca fascicularis,Kuala Lumpur,2025,1982.1,85,5,1,0.083333,1
Malayopython reticulatus,Kuala Lumpur,2025,1982.1,85,5,0,0.0,0
Naja sumatrana,Kuala Lumpur,2025,1982.1,85,5,0,0.0,0
Sus scrofa,Kuala Lumpur,2025,1982.1,85,5,0,0.0,0
Varanus salvator,Kuala Lumpur,2025,1982.1,85,5,3,0.25,1
Acridotheres tristis,Melaka,2025,998.4,5199,5,0,0.0,0
Corvus splendens,Melaka,2025,998.4,5199,5,1,0.2,1
Macaca fascicularis,Melaka,2025,998.4,5199,5,0,0.0,0
Malayopython reticulatus,Melaka,2025,998.4,5199,5,0,0.0,0
Naja sumatrana,Melaka,2025,998.4,5199,5,0,0.0,0
Sus scrofa,Melaka,2025,998.4,5199,5,0,0.0,0
Varanus salvator,Melaka,2025,998.4,5199,5,4,0.8,1
Acridotheres tristis,Pahang,2025,1591.3,1589092,5,0,0.0,0
Corvus splendens,Pahang,2025,1591.3,1589092,5,0,0.0,0
Macaca fascicularis,Pahang,2025,1591.3,1589092,5,7,0.875,1
Malayopython reticulatus,Pahang,2025,1591.3,1589092,5,0,0.0,0
Naja sumatrana,Pahang,2025,1591.3,1589092,5,0,0.0,0
Sus scrofa,Pahang,2025,1591.3,1589092,5,0,0.0,0
Varanus salvator,Pahang,2025,1591.3,1589092,5,1,0.125,1
Acridotheres tristis,Perak,2025,2496.0,986021,5,1,0.5,1
Corvus splendens,Perak,2025,2496.0,986021,5,0,0.0,0
Macaca fascicularis,Perak,2025,2496.0,986021,5,0,0.0,0
Malayopython reticulatus,Perak,2025,2496.0,986021,5,0,0.0,0
Naja sumatrana,Perak,2025,2496.0,986021,5,0,0.0,0
Sus scrofa,Perak,2025,2496.0,986021,5,0,0.0,0
Varanus salvator,Perak,2025,2496.0,986021,5,1,0.5,1
Acridotheres tristis,Pulau Pinang,2025,1740.4,6063,5,3,0.272727,1
Corvus splendens,Pulau Pinang,2025,1740.4,6063,5,1,0.090909,1
Macaca fascicularis,Pulau Pinang,2025,1740.4,6063,5,4,0.363636,1
Malayopython reticulatus,Pulau Pinang,2025,1740.4,6063,5,0,0.0,0
Naja sumatrana,Pulau Pinang,2025,1740.4,6063,5,0,0.0,0
Sus scrofa,Pulau Pinang,2025,1740.4,6063,5,0,0.0,0
Varanus salvator,Pulau Pinang,2025,1740.4,6063,5,3,0.272727,1
Acridotheres tristis,Sabah,2025,3418.8,3574468,5,0,0.0,0
Corvus splendens,Sabah,2025,3418.8,3574468,5,0,0.0,0
Macaca fascicularis,Sabah,2025,3418.8,3574468,5,37,0.536232,1
Malayopython reticulatus,Sabah,2025,3418.8,3574468,5,1,0.014493,1
Naja sumatrana,Sabah,2025,3418.8,3574468,5,0,0.0,0
Sus scrofa,Sabah,2025,3418.8,3574468,5,0,0.0,0
Varanus salvator,Sabah,2025,3418.8,3574468,5,31,0.449275,1
Acridotheres tristis,Sarawak,2025,2453.7,3939113,5,2,0.153846,1
Corvus splendens,Sarawak,2025,2453.7,3939113,5,0,0.0,0
Macaca fascicularis,Sarawak,2025,2453.7,3939113,5,3,0.230769,1
Malayopython reticulatus,Sarawak,2025,2453.7,3939113,5,4,0.307692,1
Naja sumatrana,Sarawak,2025,2453.7,3939113,5,0,0.0,0
Sus scrofa,Sarawak,2025,2453.7,3939113,5,0,0.0,0
Varanus salvator,Sarawak,2025,2453.7,3939113,5,4,0.307692,1
Acridotheres tristis,Selangor,2025,6994.4,250250,5,1,0.035714,1
Corvus splendens,Selangor,2025,6994.4,250250,5,4,0.142857,1
Macaca fascicularis,Selangor,2025,6994.4,250250,5,13,0.464286,1
Malayopython reticulatus,Selangor,2025,6994.4,250250,5,3,0.107143,1
Naja sumatrana,Selangor,2025,6994.4,250250,5,0,0.0,0
Sus scrofa,Selangor,2025,6994.4,250250,5,1,0.035714,1
Varanus salvator,Selangor,2025,6994.4,250250,5,6,0.214286,1
Acridotheres tristis,Johor,2025,4009.7,335003,6,1,0.076923,1
Corvus splendens,Johor,2025,4009.7,335003,6,3,0.230769,1
Macaca fascicularis,Johor,2025,4009.7,335003,6,4,0.307692,1
Malayopython reticulatus,Johor,2025,4009.7,335003,6,0,0.0,0
Naja sumatrana,Johor,2025,4009.7,335003,6,0,0.0,0
Sus scrofa,Johor,2025,4009.7,335003,6,0,0.0,0
Varanus salvator,Johor,2025,4009.7,335003,6,5,0.384615,1
Acridotheres tristis,Kelantan,2025,1792.5,629881,6,1,1.0,1
Corvus splendens,Kelantan,2025,1792.5,629881,6,0,0.0,0
Macaca fascicularis,Kelantan,2025,1792.5,629881,6,0,0.0,0
Malayopython reticulatus,Kelantan,2025,1792.5,629881,6,0,0.0,0
Naja sumatrana,Kelantan,2025,1792.5,629881,6,0,0.0,0
Sus scrofa,Kelantan,2025,1792.5,629881,6,0,0.0,0
Varanus salvator,Kelantan,2025,1792.5,629881,6,0,0.0,0
Acridotheres tristis,Kuala Lumpur,2025,1982.1,85,6,2,0.181818,1
Corvus splendens,Kuala Lumpur,2025,1982.1,85,6,5,0.454545,1
Macaca fascicularis,Kuala Lumpur,2025,1982.1,85,6,2,0.181818,1
Malayopython reticulatus,Kuala Lumpur,2025,1982.1,85,6,0,0.0,0
Naja sumatrana,Kuala Lumpur,2025,1982.1,85,6,0,0.0,0
Sus scrofa,Kuala Lumpur,2025,1982.1,85,6,0,0.0,0
Varanus salvator,Kuala Lumpur,2025,1982.1,85,6,2,0.181818,1
Acridotheres tristis,Labuan,2025,95.1,0,6,0,0.0,0
Corvus splendens,Labuan,2025,95.1,0,6,0,0.0,0
Macaca fascicularis,Labuan,2025,95.1,0,6,1,0.333333,1
Malayopython reticulatus,Labuan,2025,95.1,0,6,0,0.0,0
Naja sumatrana,Labuan,2025,95.1,0,6,0,0.0,0
Sus scrofa,Labuan,2025,95.1,0,6,0,0.0,0
Varanus salvator,Labuan,2025,95.1,0,6,2,0.666667,1
Acridotheres tristis,Melaka,2025,998.4,5199,6,0,0.0,0
Corvus splendens,Melaka,2025,998.4,5199,6,1,0.333333,1
Macaca fascicularis,Melaka,2025,998.4,5199,6,1,0.333333,1
Malayopython reticulatus,Melaka,2025,998.4,5199,6,0,0.0,0
Naja sumatrana,Melaka,2025,998.4,5199,6,0,0.0,0
Sus scrofa,Melaka,2025,998.4,5199,6,0,0.0,0
Varanus salvator,Melaka,2025,998.4,5199,6,1,0.333333,1
Acridotheres tristis,Negeri Sembilan,2025,1200.0,155087,6,0,0.0,0
Corvus splendens,Negeri Sembilan,2025,1200.0,155087,6,1,0.5,1
Macaca fascicularis,Negeri Sembilan,2025,1200.0,155087,6,0,0.0,0
Malayopython reticulatus,Negeri Sembilan,2025,1200.0,155087,6,0,0.0,0
Naja sumatrana,Negeri Sembilan,2025,1200.0,155087,6,0,0.0,0
Sus scrofa,Negeri Sembilan,2025,1200.0,155087,6,0,0.0,0
Varanus salvator,Negeri Sembilan,2025,1200.0,155087,6,1,0.5,1
Acridotheres tristis,Pahang,2025,1591.3,1589092,6,1,0.090909,1
Corvus splendens,Pahang,2025,1591.3,1589092,6,0,0.0,0
Macaca fascicularis,Pahang,2025,1591.3,1589092,6,10,0.909091,1
Malayopython reticulatus,Pahang,2025,1591.3,1589092,6,0,0.0,0
Naja sumatrana,Pahang,2025,1591.3,1589092,6,0,0.0,0
Sus scrofa,Pahang,2025,1591.3,1589092,6,0,0.0,0
Varanus salvator,Pahang,2025,1591.3,1589092,6,0,0.0,0
Acridotheres tristis,Perak,2025,2496.0,986021,6,2,0.181818,1
Corvus splendens,Perak,2025,2496.0,986021,6,0,0.0,0
Macaca fascicularis,Perak,2025,2496.0,986021,6,4,0.363636,1
Malayopython reticulatus,Perak,2025,2496.0,986021,6,0,0.0,0
Naja sumatrana,Perak,2025,2496.0,986021,6,0,0.0,0
Sus scrofa,Perak,2025,2496.0,986021,6,0,0.0,0
Varanus salvator,Perak,2025,2496.0,986021,6,5,0.454545,1
Acridotheres tristis,Pulau Pinang,2025,1740.4,6063,6,7,0.318182,1
Corvus splendens,Pulau Pinang,2025,1740.4,6063,6,3,0.136364,1
Macaca fascicularis,Pulau Pinang,2025,1740.4,6063,6,9,0.409091,1
Malayopython reticulatus,Pulau Pinang,2025,1740.4,6063,6,0,0.0,0
Naja sumatrana,Pulau Pinang,2025,1740.4,6063,6,0,0.0,0
Sus scrofa,Pulau Pinang,2025,1740.4,6063,6,0,0.0,0
Varanus salvator,Pulau Pinang,2025,1740.4,6063,6,3,0.136364,1
Acridotheres tristis,Putrajaya,2025,109.2,0,6,1,0.333333,1
Corvus splendens,Putrajaya,2025,109.2,0,6,2,0.666667,1
Macaca fascicularis,Putrajaya,2025,109.2,0,6,0,0.0,0
Malayopython reticulatus,Putrajaya,2025,109.2,0,6,0,0.0,0
Naja sumatrana,Putrajaya,2025,109.2,0,6,0,0.0,0
Sus scrofa,Putrajaya,2025,109.2,0,6,0,0.0,0
Varanus salvator,Putrajaya,2025,109.2,0,6,0,0.0,0
Acridotheres tristis,Sabah,2025,3418.8,3574468,6,1,0.013158,1
Corvus splendens,Sabah,2025,3418.8,3574468,6,3,0.039474,1
Macaca fascicularis,Sabah,2025,3418.8,3574468,6,29,0.381579,1
Malayopython reticulatus,Sabah,2025,3418.8,3574468,6,4,0.052632,1
Naja sumatrana,Sabah,2025,3418.8,3574468,6,2,0.026316,1
Sus scrofa,Sabah,2025,3418.8,3574468,6,0,0.0,0
Varanus salvator,Sabah,2025,3418.8,3574468,6,37,0.486842,1
Acridotheres tristis,Sarawak,2025,2453.7,3939113,6,0,0.0,0
Corvus splendens,Sarawak,2025,2453.7,3939113,6,0,0.0,0
Macaca fascicularis,Sarawak,2025,2453.7,3939113,6,5,0.625,1
Malayopython reticulatus,Sarawak,2025,2453.7,3939113,6,0,0.0,0
Naja sumatrana,Sarawak,2025,2453.7,3939113,6,0,0.0,0
Sus scrofa,Sarawak,2025,2453.7,3939113,6,0,0.0,0
Varanus salvator,Sarawak,2025,2453.7,3939113,6,3,0.375,1
Acridotheres tristis,Selangor,2025,6994.4,250250,6,1,0.027778,1
Corvus splendens,Selangor,2025,6994.4,250250,6,12,0.333333,1
Macaca fascicularis,Selangor,2025,6994.4,250250,6,18,0.5,1
Malayopython reticulatus,Selangor,2025,6994.4,250250,6,0,0.0,0
Naja sumatrana,Selangor,2025,6994.4,250250,6,0,0.0,0
Sus scrofa,Selangor,2025,6994.4,250250,6,0,0.0,0
Varanus salvator,Selangor,2025,6994.4,250250,6,5,0.138889,1
Acridotheres tristis,Terengganu,2025,1149.4,540309,6,1,1.0,1
Corvus splendens,Terengganu,2025,1149.4,540309,6,0,0.0,0
Macaca fascicularis,Terengganu,2025,1149.4,540309,6,0,0.0,0
Malayopython reticulatus,Terengganu,2025,1149.4,540309,6,0,0.0,0
Naja sumatrana,Terengganu,2025,1149.4,540309,6,0,0.0,0
Sus scrofa,Terengganu,2025,1149.4,540309,6,0,0.0,0
Varanus salvator,Terengganu,2025,1149.4,540309,6,0,0.0,0
Acridotheres tristis,Johor,2025,4009.7,335003,7,2,0.181818,1
Corvus splendens,Johor,2025,4009.7,335003,7,1,0.090909,1
Macaca fascicularis,Johor,2025,4009.7,335003,7,6,0.545455,1
Malayopython reticulatus,Johor,2025,4009.7,335003,7,0,0.0,0
Naja sumatrana,Johor,2025,4009.7,335003,7,0,0.0,0
Sus scrofa,Johor,2025,4009.7,335003,7,0,0.0,0
Varanus salvator,Johor,2025,4009.7,335003,7,2,0.181818,1
Acridotheres tristis,Kedah,2025,2131.4,344175,7,1,0.076923,1
Corvus splendens,Kedah,2025,2131.4,344175,7,0,0.0,0
Macaca fascicularis,Kedah,2025,2131.4,344175,7,11,0.846154,1
Malayopython reticulatus,Kedah,2025,2131.4,344175,7,0,0.0,0
Naja sumatrana,Kedah,2025,2131.4,344175,7,0,0.0,0
Sus scrofa,Kedah,2025,2131.4,344175,7,0,0.0,0
Varanus salvator,Kedah,2025,2131.4,344175,7,1,0.076923,1
Acridotheres tristis,Kelantan,2025,1792.5,629881,7,1,1.0,1
Corvus splendens,Kelantan,2025,1792.5,629881,7,0,0.0,0
Macaca fascicularis,Kelantan,2025,1792.5,629881,7,0,0.0,0
Malayopython reticulatus,Kelantan,2025,1792.5,629881,7,0,0.0,0
Naja sumatrana,Kelantan,2025,1792.5,629881,7,0,0.0,0
Sus scrofa,Kelantan,2025,1792.5,629881,7,0,0.0,0
Varanus salvator,Kelantan,2025,1792.5,629881,7,0,0.0,0
Acridotheres tristis,Kuala Lumpur,2025,1982.1,85,7,7,0.212121,1
Corvus splendens,Kuala Lumpur,2025,1982.1,85,7,9,0.272727,1
Macaca fascicularis,Kuala Lumpur,2025,1982.1,85,7,6,0.181818,1
Malayopython reticulatus,Kuala Lumpur,2025,1982.1,85,7,0,0.0,0
Naja sumatrana,Kuala Lumpur,2025,1982.1,85,7,0,0.0,0
Sus scrofa,Kuala Lumpur,2025,1982.1,85,7,0,0.0,0
Varanus salvator,Kuala Lumpur,2025,1982.1,85,7,11,0.333333,1
Acridotheres tristis,Melaka,2025,998.4,5199,7,0,0.0,0
Corvus splendens,Melaka,2025,998.4,5199,7,2,0.5,1
Macaca fascicularis,Melaka,2025,998.4,5199,7,0,0.0,0
Malayopython reticulatus,Melaka,2025,998.4,5199,7,0,0.0,0
Naja sumatrana,Melaka,2025,998.4,5199,7,0,0.0,0
Sus scrofa,Melaka,2025,998.4,5199,7,0,0.0,0
Varanus salvator,Melaka,2025,998.4,5199,7,2,0.5,1
Acridotheres tristis,Negeri Sembilan,2025,1200.0,155087,7,0,0.0,0
Corvus splendens,Negeri Sembilan,2025,1200.0,155087,7,0,0.0,0
Macaca fascicularis,Negeri Sembilan,2025,1200.0,155087,7,1,1.0,1
Malayopython reticulatus,Negeri Sembilan,2025,1200.0,155087,7,0,0.0,0
Naja sumatrana,Negeri Sembilan,2025,1200.0,155087,7,0,0.0,0
Sus scrofa,Negeri Sembilan,2025,1200.0,155087,7,0,0.0,0
Varanus salvator,Negeri Sembilan,2025,1200.0,155087,7,0,0.0,0
Acridotheres tristis,Pahang,2025,1591.3,1589092,7,1,0.166667,1
Corvus splendens,Pahang,2025,1591.3,1589092,7,0,0.0,0
Macaca fascicularis,Pahang,2025,1591.3,1589092,7,4,0.666667,1
Malayopython reticulatus,Pahang,2025,1591.3,1589092,7,0,0.0,0
Naja sumatrana,Pahang,2025,1591.3,1589092,7,0,0.0,0
Sus scrofa,Pahang,2025,1591.3,1589092,7,0,0.0,0
Varanus salvator,Pahang,2025,1591.3,1589092,7,1,0.166667,1
Acridotheres tristis,Perak,2025,2496.0,986021,7,2,0.222222,1
Corvus splendens,Perak,2025,2496.0,986021,7,2,0.222222,1
Macaca fascicularis,Perak,2025,2496.0,986021,7,3,0.333333,1
Malayopython reticulatus,Perak,2025,2496.0,986021,7,0,0.0,0
Naja sumatrana,Perak,2025,2496.0,986021,7,0,0.0,0
Sus scrofa,Perak,2025,2496.0,986021,7,1,0.111111,1
Varanus salvator,Perak,2025,2496.0,986021,7,1,0.111111,1
Acridotheres tristis,Perlis,2025,284.9,10854,7,2,0.666667,1
Corvus splendens,Perlis,2025,284.9,10854,7,0,0.0,0
Macaca fascicularis,Perlis,2025,284.9,10854,7,0,0.0,0
Malayopython reticulatus,Perlis,2025,284.9,10854,7,0,0.0,0
Naja sumatrana,Perlis,2025,284.9,10854,7,0,0.0,0
Sus scrofa,Perlis,2025,284.9,10854,7,0,0.0,0
Varanus salvator,Perlis,2025,284.9,10854,7,1,0.333333,1
Acridotheres tristis,Pulau Pinang,2025,1740.4,6063,7,6,0.230769,1
Corvus splendens,Pulau Pinang,2025,1740.4,6063,7,7,0.269231,1
Macaca fascicularis,Pulau Pinang,2025,1740.4,6063,7,9,0.346154,1
Malayopython reticulatus,Pulau Pinang,2025,1740.4,6063,7,0,0.0,0
Naja sumatrana,Pulau Pinang,2025,1740.4,6063,7,0,0.0,0
Sus scrofa,Pulau Pinang,2025,1740.4,6063,7,0,0.0,0
Varanus salvator,Pulau Pinang,2025,1740.4,6063,7,4,0.153846,1
Acridotheres tristis,Sabah,2025,3418.8,3574468,7,0,0.0,0
Corvus splendens,Sabah,2025,3418.8,3574468,7,2,0.019048,1
Macaca fascicularis,Sabah,2025,3418.8,3574468,7,50,0.47619,1
Malayopython reticulatus,Sabah,2025,3418.8,3574468,7,0,0.0,0
Naja sumatrana,Sabah,2025,3418.8,3574468,7,1,0.009524,1
Sus scrofa,Sabah,2025,3418.8,3574468,7,0,0.0,0
Varanus salvator,Sabah,2025,3418.8,3574468,7,52,0.495238,1
Acridotheres tristis,Sarawak,2025,2453.7,3939113,7,3,0.157895,1
Corvus splendens,Sarawak,2025,2453.7,3939113,7,0,0.0,0
Macaca fascicularis,Sarawak,2025,2453.7,3939113,7,11,0.578947,1
Malayopython reticulatus,Sarawak,2025,2453.7,3939113,7,0,0.0,0
Naja sumatrana,Sarawak,2025,2453.7,3939113,7,1,0.052632,1
Sus scrofa,Sarawak,2025,2453.7,3939113,7,0,0.0,0
Varanus salvator,Sarawak,2025,2453.7,3939113,7,4,0.210526,1
Acridotheres tristis,Selangor,2025,6994.4,250250,7,1,0.026316,1
Corvus splendens,Selangor,2025,6994.4,250250,7,8,0.210526,1
Macaca fascicularis,Selangor,2025,6994.4,250250,7,25,0.657895,1
Malayopython reticulatus,Selangor,2025,6994.4,250250,7,0,0.0,0
Naja sumatrana,Selangor,2025,6994.4,250250,7,0,0.0,0
Sus scrofa,Selangor,2025,6994.4,250250,7,0,0.0,0
Varanus salvator,Selangor,2025,6994.4,250250,7,4,0.105263,1
Acridotheres tristis,Terengganu,2025,1149.4,540309,7,1,0.25,1
Corvus splendens,Terengganu,2025,1149.4,540309,7,0,0.0,0
Macaca fascicularis,Terengganu,2025,1149.4,540309,7,1,0.25,1
Malayopython reticulatus,Terengganu,2025,1149.4,540309,7,0,0.0,0
Naja sumatrana,Terengganu,2025,1149.4,540309,7,0,0.0,0
Sus scrofa,Terengganu,2025,1149.4,540309,7,1,0.25,1
Varanus salvator,Terengganu,2025,1149.4,540309,7,1,0.25,1
Acridotheres tristis,Johor,2025,4009.7,335003,8,2,0.153846,1
Corvus splendens,Johor,2025,4009.7,335003,8,2,0.153846,1
Macaca fascicularis,Johor,2025,4009.7,335003,8,2,0.153846,1
Malayopython reticulatus,Johor,2025,4009.7,335003,8,0,0.0,0
Naja sumatrana,Johor,2025,4009.7,335003,8,0,0.0,0
Sus scrofa,Johor,2025,4009.7,335003,8,0,0.0,0
Varanus salvator,Johor,2025,4009.7,335003,8,7,0.538462,1
Acridotheres tristis,Kedah,2025,2131.4,344175,8,3,0.130435,1
Corvus splendens,Kedah,2025,2131.4,344175,8,0,0.0,0
Macaca fascicularis,Kedah,2025,2131.4,344175,8,15,0.652174,1
Malayopython reticulatus,Kedah,2025,2131.4,344175,8,0,0.0,0
Naja sumatrana,Kedah,2025,2131.4,344175,8,0,0.0,0
Sus scrofa,Kedah,2025,2131.4,344175,8,0,0.0,0
Varanus salvator,Kedah,2025,2131.4,344175,8,5,0.217391,1
Acridotheres tristis,Kelantan,2025,1792.5,629881,8,0,0.0,0
Corvus splendens,Kelantan,2025,1792.5,629881,8,0,0.0,0
Macaca fascicularis,Kelantan,2025,1792.5,629881,8,0,0.0,0
Malayopython reticulatus,Kelantan,2025,1792.5,629881,8,1,1.0,1
Naja sumatrana,Kelantan,2025,1792.5,629881,8,0,0.0,0
Sus scrofa,Kelantan,2025,1792.5,629881,8,0,0.0,0
Varanus salvator,Kelantan,2025,1792.5,629881,8,0,0.0,0
Acridotheres tristis,Kuala Lumpur,2025,1982.1,85,8,0,0.0,0
Corvus splendens,Kuala Lumpur,2025,1982.1,85,8,5,0.3125,1
Macaca fascicularis,Kuala Lumpur,2025,1982.1,85,8,3,0.1875,1
Malayopython reticulatus,Kuala Lumpur,2025,1982.1,85,8,0,0.0,0
Naja sumatrana,Kuala Lumpur,2025,1982.1,85,8,0,0.0,0
Sus scrofa,Kuala Lumpur,2025,1982.1,85,8,0,0.0,0
Varanus salvator,Kuala Lumpur,2025,1982.1,85,8,8,0.5,1
Acridotheres tristis,Melaka,2025,998.4,5199,8,0,0.0,0
Corvus splendens,Melaka,2025,998.4,5199,8,0,0.0,0
Macaca fascicularis,Melaka,2025,998.4,5199,8,0,0.0,0
Malayopython reticulatus,Melaka,2025,998.4,5199,8,1,0.333333,1
Naja sumatrana,Melaka,2025,998.4,5199,8,0,0.0,0
Sus scrofa,Melaka,2025,998.4,5199,8,0,0.0,0
Varanus salvator,Melaka,2025,998.4,5199,8,2,0.666667,1
Acridotheres tristis,Negeri Sembilan,2025,1200.0,155087,8,0,0.0,0
Corvus splendens,Negeri Sembilan,2025,1200.0,155087,8,0,0.0,0
Macaca fascicularis,Negeri Sembilan,2025,1200.0,155087,8,0,0.0,0
Malayopython reticulatus,Negeri Sembilan,2025,1200.0,155087,8,0,0.0,0
Naja sumatrana,Negeri Sembilan,2025,1200.0,155087,8,0,0.0,0
Sus scrofa,Negeri Sembilan,2025,1200.0,155087,8,0,0.0,0
Varanus salvator,Negeri Sembilan,2025,1200.0,155087,8,1,1.0,1
Acridotheres tristis,Pahang,2025,1591.3,1589092,8,1,0.1,1
Corvus splendens,Pahang,2025,1591.3,1589092,8,0,0.0,0
Macaca fascicularis,Pahang,2025,1591.3,1589092,8,8,0.8,1
Malayopython reticulatus,Pahang,2025,1591.3,1589092,8,0,0.0,0
Naja sumatrana,Pahang,2025,1591.3,1589092,8,0,0.0,0
Sus scrofa,Pahang,2025,1591.3,1589092,8,0,0.0,0
Varanus salvator,Pahang,2025,1591.3,1589092,8,1,0.1,1
Acridotheres tristis,Perak,2025,2496.0,986021,8,8,0.307692,1
Corvus splendens,Perak,2025,2496.0,986021,8,0,0.0,0
Macaca fascicularis,Perak,2025,2496.0,986021,8,9,0.346154,1
Malayopython reticulatus,Perak,2025,2496.0,986021,8,0,0.0,0
Naja sumatrana,Perak,2025,2496.0,986021,8,0,0.0,0
Sus scrofa,Perak,2025,2496.0,986021,8,0,0.0,0
Varanus salvator,Perak,2025,2496.0,986021,8,9,0.346154,1
Acridotheres tristis,Perlis,2025,284.9,10854,8,0,0.0,0
Corvus splendens,Perlis,2025,284.9,10854,8,0,0.0,0
Macaca fascicularis,Perlis,2025,284.9,10854,8,1,1.0,1
Malayopython reticulatus,Perlis,2025,284.9,10854,8,0,0.0,0
Naja sumatrana,Perlis,2025,284.9,10854,8,0,0.0,0
Sus scrofa,Perlis,2025,284.9,10854,8,0,0.0,0
Varanus salvator,Perlis,2025,284.9,10854,8,0,0.0,0
Acridotheres tristis,Pulau Pinang,2025,1740.4,6063,8,3,0.081081,1
Corvus splendens,Pulau Pinang,2025,1740.4,6063,8,10,0.27027,1
Macaca fascicularis,Pulau Pinang,2025,1740.4,6063,8,14,0.378378,1
Malayopython reticulatus,Pulau Pinang,2025,1740.4,6063,8,0,0.0,0
Naja sumatrana,Pulau Pinang,2025,1740.4,6063,8,0,0.0,0
Sus scrofa,Pulau Pinang,2025,1740.4,6063,8,0,0.0,0
Varanus salvator,Pulau Pinang,2025,1740.4,6063,8,10,0.27027,1
Acridotheres tristis,Sabah,2025,3418.8,3574468,8,0,0.0,0
Corvus splendens,Sabah,2025,3418.8,3574468,8,4,0.071429,1
Macaca fascicularis,Sabah,2025,3418.8,3574468,8,21,0.375,1
Malayopython reticulatus,Sabah,2025,3418.8,3574468,8,2,0.035714,1
Naja sumatrana,Sabah,2025,3418.8,3574468,8,1,0.017857,1
Sus scrofa,Sabah,2025,3418.8,3574468,8,0,0.0,0
Varanus salvator,Sabah,2025,3418.8,3574468,8,28,0.5,1
Acridotheres tristis,Sarawak,2025,2453.7,3939113,8,1,0.090909,1
Corvus splendens,Sarawak,2025,2453.7,3939113,8,0,0.0,0
Macaca fascicularis,Sarawak,2025,2453.7,3939113,8,8,0.727273,1
Malayopython reticulatus,Sarawak,2025,2453.7,3939113,8,1,0.090909,1
Naja sumatrana,Sarawak,2025,2453.7,3939113,8,0,0.0,0
Sus scrofa,Sarawak,2025,2453.7,3939113,8,0,0.0,0
Varanus salvator,Sarawak,2025,2453.7,3939113,8,1,0.090909,1
Acridotheres tristis,Selangor,2025,6994.4,250250,8,3,0.1,1
Corvus splendens,Selangor,2025,6994.4,250250,8,2,0.066667,1
Macaca fascicularis,Selangor,2025,6994.4,250250,8,16,0.533333,1
Malayopython reticulatus,Selangor,2025,6994.4,250250,8,2,0.066667,1
Naja sumatrana,Selangor,2025,6994.4,250250,8,0,0.0,0
Sus scrofa,Selangor,2025,6994.4,250250,8,0,0.0,0
Varanus salvator,Selangor,2025,6994.4,250250,8,7,0.233333,1
Acridotheres tristis,Terengganu,2025,1149.4,540309,8,1,0.333333,1
Corvus splendens,Terengganu,2025,1149.4,540309,8,0,0.0,0
Macaca fascicularis,Terengganu,2025,1149.4,540309,8,0,0.0,0
Malayopython reticulatus,Terengganu,2025,1149.4,540309,8,0,0.0,0
Naja sumatrana,Terengganu,2025,1149.4,540309,8,0,0.0,0
Sus scrofa,Terengganu,2025,1149.4,540309,8,0,0.0,0
Varanus salvator,Terengganu,2025,1149.4,540309,8,2,0.666667,1
Acridotheres tristis,Johor,2025,4009.7,335003,9,0,0.0,0
Corvus splendens,Johor,2025,4009.7,335003,9,2,0.222222,1
Macaca fascicularis,Johor,2025,4009.7,335003,9,4,0.444444,1
Malayopython reticulatus,Johor,2025,4009.7,335003,9,0,0.0,0
Naja sumatrana,Johor,2025,4009.7,335003,9,0,0.0,0
Sus scrofa,Johor,2025,4009.7,335003,9,0,0.0,0
Varanus salvator,Johor,2025,4009.7,335003,9,3,0.333333,1
Acridotheres tristis,Kedah,2025,2131.4,344175,9,1,0.142857,1
Corvus splendens,Kedah,2025,2131.4,344175,9,0,0.0,0
Macaca fascicularis,Kedah,2025,2131.4,344175,9,3,0.428571,1
Malayopython reticulatus,Kedah,2025,2131.4,344175,9,1,0.142857,1
Naja sumatrana,Kedah,2025,2131.4,344175,9,0,0.0,0
Sus scrofa,Kedah,2025,2131.4,344175,9,0,0.0,0
Varanus salvator,Kedah,2025,2131.4,344175,9,2,0.285714,1
Acridotheres tristis,Kuala Lumpur,2025,1982.1,85,9,1,0.052632,1
Corvus splendens,Kuala Lumpur,2025,1982.1,85,9,7,0.368421,1
Macaca fascicularis,Kuala Lumpur,2025,1982.1,85,9,4,0.210526,1
Malayopython reticulatus,Kuala Lumpur,2025,1982.1,85,9,1,0.052632,1
Naja sumatrana,Kuala Lumpur,2025,1982.1,85,9,0,0.0,0
Sus scrofa,Kuala Lumpur,2025,1982.1,85,9,0,0.0,0
Varanus salvator,Kuala Lumpur,2025,1982.1,85,9,6,0.315789,1
Acridotheres tristis,Melaka,2025,998.4,5199,9,0,0.0,0
Corvus splendens,Melaka,2025,998.4,5199,9,0,0.0,0
Macaca fascicularis,Melaka,2025,998.4,5199,9,1,0.25,1
Malayopython reticulatus,Melaka,2025,998.4,5199,9,0,0.0,0
Naja sumatrana,Melaka,2025,998.4,5199,9,0,0.0,0
Sus scrofa,Melaka,2025,998.4,5199,9,0,0.0,0
Varanus salvator,Melaka,2025,998.4,5199,9,3,0.75,1
Acridotheres tristis,Pahang,2025,1591.3,1589092,9,0,0.0,0
Corvus splendens,Pahang,2025,1591.3,1589092,9,0,0.0,0
Macaca fascicularis,Pahang,2025,1591.3,1589092,9,2,0.285714,1
Malayopython reticulatus,Pahang,2025,1591.3,1589092,9,0,0.0,0
Naja sumatrana,Pahang,2025,1591.3,1589092,9,0,0.0,0
Sus scrofa,Pahang,2025,1591.3,1589092,9,2,0.285714,1
Varanus salvator,Pahang,2025,1591.3,1589092,9,3,0.428571,1
Acridotheres tristis,Perak,2025,2496.0,986021,9,2,0.142857,1
Corvus splendens,Perak,2025,2496.0,986021,9,0,0.0,0
Macaca fascicularis,Perak,2025,2496.0,986021,9,5,0.357143,1
Malayopython reticulatus,Perak,2025,2496.0,986021,9,0,0.0,0
Naja sumatrana,Perak,2025,2496.0,986021,9,0,0.0,0
Sus scrofa,Perak,2025,2496.0,986021,9,1,0.071429,1
Varanus salvator,Perak,2025,2496.0,986021,9,6,0.428571,1
Acridotheres tristis,Pulau Pinang,2025,1740.4,6063,9,3,0.142857,1
Corvus splendens,Pulau Pinang,2025,1740.4,6063,9,3,0.142857,1
Macaca fascicularis,Pulau Pinang,2025,1740.4,6063,9,9,0.428571,1
Malayopython reticulatus,Pulau Pinang,2025,1740.4,6063,9,0,0.0,0
Naja sumatrana,Pulau Pinang,2025,1740.4,6063,9,0,0.0,0
Sus scrofa,Pulau Pinang,2025,1740.4,6063,9,0,0.0,0
Varanus salvator,Pulau Pinang,2025,1740.4,6063,9,6,0.285714,1
Acridotheres tristis,Sabah,2025,3418.8,3574468,9,0,0.0,0
Corvus splendens,Sabah,2025,3418.8,3574468,9,7,0.116667,1
Macaca fascicularis,Sabah,2025,3418.8,3574468,9,28,0.466667,1
Malayopython reticulatus,Sabah,2025,3418.8,3574468,9,3,0.05,1
Naja sumatrana,Sabah,2025,3418.8,3574468,9,1,0.016667,1
Sus scrofa,Sabah,2025,3418.8,3574468,9,0,0.0,0
Varanus salvator,Sabah,2025,3418.8,3574468,9,21,0.35,1
Acridotheres tristis,Sarawak,2025,2453.7,3939113,9,5,0.192308,1
Corvus splendens,Sarawak,2025,2453.7,3939113,9,0,0.0,0
Macaca fascicularis,Sarawak,2025,2453.7,3939113,9,16,0.615385,1
Malayopython reticulatus,Sarawak,2025,2453.7,3939113,9,1,0.038462,1
Naja sumatrana,Sarawak,2025,2453.7,3939113,9,0,0.0,0
Sus scrofa,Sarawak,2025,2453.7,3939113,9,0,0.0,0
Varanus salvator,Sarawak,2025,2453.7,3939113,9,4,0.153846,1
Acridotheres tristis,Selangor,2025,6994.4,250250,9,3,0.083333,1
Corvus splendens,Selangor,2025,6994.4,250250,9,7,0.194444,1
Macaca fascicularis,Selangor,2025,6994.4,250250,9,19,0.527778,1
Malayopython reticulatus,Selangor,2025,6994.4,250250,9,0,0.0,0
Naja sumatrana,Selangor,2025,6994.4,250250,9,0,0.0,0
Sus scrofa,Selangor,2025,6994.4,250250,9,1,0.027778,1
Varanus salvator,Selangor,2025,6994.4,250250,9,6,0.166667,1
Acridotheres tristis,Terengganu,2025,1149.4,540309,9,0,0.0,0
Corvus splendens,Terengganu,2025,1149.4,540309,9,0,0.0,0
Macaca fascicularis,Terengganu,2025,1149.4,540309,9,0,0.0,0
Malayopython reticulatus,Terengganu,2025,1149.4,540309,9,0,0.0,0
Naja sumatrana,Terengganu,2025,1149.4,540309,9,1,1.0,1
Sus scrofa,Terengganu,2025,1149.4,540309,9,0,0.0,0
Varanus salvator,Terengganu,2025,1149.4,540309,9,0,0.0,0
Acridotheres tristis,Johor,2025,4009.7,335003,10,0,0.0,0
Corvus splendens,Johor,2025,4009.7,335003,10,0,0.0,0
Macaca fascicularis,Johor,2025,4009.7,335003,10,5,0.454545,1
Malayopython reticulatus,Johor,2025,4009.7,335003,10,1,0.090909,1
Naja sumatrana,Johor,2025,4009.7,335003,10,0,0.0,0
Sus scrofa,Johor,2025,4009.7,335003,10,0,0.0,0
Varanus salvator,Johor,2025,4009.7,335003,10,5,0.454545,1
Acridotheres tristis,Kedah,2025,2131.4,344175,10,3,0.272727,1
Corvus splendens,Kedah,2025,2131.4,344175,10,1,0.090909,1
Macaca fascicularis,Kedah,2025,2131.4,344175,10,5,0.454545,1
Malayopython reticulatus,Kedah,2025,2131.4,344175,10,0,0.0,0
Naja sumatrana,Kedah,2025,2131.4,344175,10,0,0.0,0
Sus scrofa,Kedah,2025,2131.4,344175,10,0,0.0,0
Varanus salvator,Kedah,2025,2131.4,344175,10,2,0.181818,1
Acridotheres tristis,Kuala Lumpur,2025,1982.1,85,10,6,0.181818,1
Corvus splendens,Kuala Lumpur,2025,1982.1,85,10,13,0.393939,1
Macaca fascicularis,Kuala Lumpur,2025,1982.1,85,10,10,0.30303,1
Malayopython reticulatus,Kuala Lumpur,2025,1982.1,85,10,1,0.030303,1
Naja sumatrana,Kuala Lumpur,2025,1982.1,85,10,0,0.0,0
Sus scrofa,Kuala Lumpur,2025,1982.1,85,10,0,0.0,0
Varanus salvator,Kuala Lumpur,2025,1982.1,85,10,3,0.090909,1
Acridotheres tristis,Melaka,2025,998.4,5199,10,0,0.0,0
Corvus splendens,Melaka,2025,998.4,5199,10,1,1.0,1
Macaca fascicularis,Melaka,2025,998.4,5199,10,0,0.0,0
Malayopython reticulatus,Melaka,2025,998.4,5199,10,0,0.0,0
Naja sumatrana,Melaka,2025,998.4,5199,10,0,0.0,0
Sus scrofa,Melaka,2025,998.4,5199,10,0,0.0,0
Varanus salvator,Melaka,2025,998.4,5199,10,0,0.0,0
Acridotheres tristis,Negeri Sembilan,2025,1200.0,155087,10,0,0.0,0
Corvus splendens,Negeri Sembilan,2025,1200.0,155087,10,0,0.0,0
Macaca fascicularis,Negeri Sembilan,2025,1200.0,155087,10,0,0.0,0
Malayopython reticulatus,Negeri Sembilan,2025,1200.0,155087,10,0,0.0,0
Naja sumatrana,Negeri Sembilan,2025,1200.0,155087,10,2,1.0,1
Sus scrofa,Negeri Sembilan,2025,1200.0,155087,10,0,0.0,0
Varanus salvator,Negeri Sembilan,2025,1200.0,155087,10,0,0.0,0
Acridotheres tristis,Pahang,2025,1591.3,1589092,10,3,0.2,1
Corvus splendens,Pahang,2025,1591.3,1589092,10,0,0.0,0
Macaca fascicularis,Pahang,2025,1591.3,1589092,10,7,0.466667,1
Malayopython reticulatus,Pahang,2025,1591.3,1589092,10,1,0.066667,1
Naja sumatrana,Pahang,2025,1591.3,1589092,10,0,0.0,0
Sus scrofa,Pahang,2025,1591.3,1589092,10,1,0.066667,1
Varanus salvator,Pahang,2025,1591.3,1589092,10,3,0.2,1
Acridotheres tristis,Perak,2025,2496.0,986021,10,2,0.2,1
Corvus splendens,Perak,2025,2496.0,986021,10,1,0.1,1
Macaca fascicularis,Perak,2025,2496.0,986021,10,1,0.1,1
Malayopython reticulatus,Perak,2025,2496.0,986021,10,0,0.0,0
Naja sumatrana,Perak,2025,2496.0,986021,10,0,0.0,0
Sus scrofa,Perak,2025,2496.0,986021,10,0,0.0,0
Varanus salvator,Perak,2025,2496.0,986021,10,6,0.6,1
Acridotheres tristis,Pulau Pinang,2025,1740.4,6063,10,1,0.0625,1
Corvus splendens,Pulau Pinang,2025,1740.4,6063,10,4,0.25,1
Macaca fascicularis,Pulau Pinang,2025,1740.4,6063,10,6,0.375,1
Malayopython reticulatus,Pulau Pinang,2025,1740.4,6063,10,0,0.0,0
Naja sumatrana,Pulau Pinang,2025,1740.4,6063,10,0,0.0,0
Sus scrofa,Pulau Pinang,2025,1740.4,6063,10,0,0.0,0
Varanus salvator,Pulau Pinang,2025,1740.4,6063,10,5,0.3125,1
Acridotheres tristis,Putrajaya,2025,109.2,0,10,0,0.0,0
Corvus splendens,Putrajaya,2025,109.2,0,10,1,1.0,1
Macaca fascicularis,Putrajaya,2025,109.2,0,10,0,0.0,0
Malayopython reticulatus,Putrajaya,2025,109.2,0,10,0,0.0,0
Naja sumatrana,Putrajaya,2025,109.2,0,10,0,0.0,0
Sus scrofa,Putrajaya,2025,109.2,0,10,0,0.0,0
Varanus salvator,Putrajaya,2025,109.2,0,10,0,0.0,0
Acridotheres tristis,Sabah,2025,3418.8,3574468,10,0,0.0,0
Corvus splendens,Sabah,2025,3418.8,3574468,10,0,0.0,0
Macaca fascicularis,Sabah,2025,3418.8,3574468,10,31,0.553571,1
Malayopython reticulatus,Sabah,2025,3418.8,3574468,10,3,0.053571,1
Naja sumatrana,Sabah,2025,3418.8,3574468,10,2,0.035714,1
Sus scrofa,Sabah,2025,3418.8,3574468,10,0,0.0,0
Varanus salvator,Sabah,2025,3418.8,3574468,10,20,0.357143,1
Acridotheres tristis,Sarawak,2025,2453.7,3939113,10,1,0.083333,1
Corvus splendens,Sarawak,2025,2453.7,3939113,10,1,0.083333,1
Macaca fascicularis,Sarawak,2025,2453.7,3939113,10,6,0.5,1
Malayopython reticulatus,Sarawak,2025,2453.7,3939113,10,0,0.0,0
Naja sumatrana,Sarawak,2025,2453.7,3939113,10,1,0.083333,1
Sus scrofa,Sarawak,2025,2453.7,3939113,10,0,0.0,0
Varanus salvator,Sarawak,2025,2453.7,3939113,10,3,0.25,1
Acridotheres tristis,Selangor,2025,6994.4,250250,10,3,0.078947,1
Corvus splendens,Selangor,2025,6994.4,250250,10,7,0.184211,1
Macaca fascicularis,Selangor,2025,6994.4,250250,10,17,0.447368,1
Malayopython reticulatus,Selangor,2025,6994.4,250250,10,2,0.052632,1
Naja sumatrana,Selangor,2025,6994.4,250250,10,0,0.0,0
Sus scrofa,Selangor,2025,6994.4,250250,10,1,0.026316,1
Varanus salvator,Selangor,2025,6994.4,250250,10,8,0.210526,1
Acridotheres tristis,Terengganu,2025,1149.4,540309,10,0,0.0,0
Corvus splendens,Terengganu,2025,1149.4,540309,10,0,0.0,0
Macaca fascicularis,Terengganu,2025,1149.4,540309,10,1,0.5,1
Malayopython reticulatus,Terengganu,2025,1149.4,540309,10,1,0.5,1
Naja sumatrana,Terengganu,2025,1149.4,540309,10,0,0.0,0
Sus scrofa,Terengganu,2025,1149.4,540309,10,0,0.0,0
Varanus salvator,Terengganu,2025,1149.4,540309,10,0,0.0,0
Acridotheres tristis,Johor,2025,4009.7,335003,11,0,0.0,0
Corvus splendens,Johor,2025,4009.7,335003,11,1,0.2,1
Macaca fascicularis,Johor,2025,4009.7,335003,11,1,0.2,1
Malayopython reticulatus,Johor,2025,4009.7,335003,11,0,0.0,0
Naja sumatrana,Johor,2025,4009.7,335003,11,1,0.2,1
Sus scrofa,Johor,2025,4009.7,335003,11,0,0.0,0
Varanus salvator,Johor,2025,4009.7,335003,11,2,0.4,1
Acridotheres tristis,Kedah,2025,2131.4,344175,11,1,0.166667,1
Corvus splendens,Kedah,2025,2131.4,344175,11,0,0.0,0
Macaca fascicularis,Kedah,2025,2131.4,344175,11,3,0.5,1
Malayopython reticulatus,Kedah,2025,2131.4,344175,11,1,0.166667,1
Naja sumatrana,Kedah,2025,2131.4,344175,11,0,0.0,0
Sus scrofa,Kedah,2025,2131.4,344175,11,0,0.0,0
Varanus salvator,Kedah,2025,2131.4,344175,11,1,0.166667,1
Acridotheres tristis,Kelantan,2025,1792.5,629881,11,1,0.333333,1
Corvus splendens,Kelantan,2025,1792.5,629881,11,0,0.0,0
Macaca fascicularis,Kelantan,2025,1792.5,629881,11,1,0.333333,1
Malayopython reticulatus,Kelantan,2025,1792.5,629881,11,0,0.0,0
Naja sumatrana,Kelantan,2025,1792.5,629881,11,0,0.0,0
Sus scrofa,Kelantan,2025,1792.5,629881,11,1,0.333333,1
Varanus salvator,Kelantan,2025,1792.5,629881,11,0,0.0,0
Acridotheres tristis,Kuala Lumpur,2025,1982.1,85,11,4,0.125,1
Corvus splendens,Kuala Lumpur,2025,1982.1,85,11,11,0.34375,1
Macaca fascicularis,Kuala Lumpur,2025,1982.1,85,11,2,0.0625,1
Malayopython reticulatus,Kuala Lumpur,2025,1982.1,85,11,1,0.03125,1
Naja sumatrana,Kuala Lumpur,2025,1982.1,85,11,0,0.0,0
Sus scrofa,Kuala Lumpur,2025,1982.1,85,11,0,0.0,0
Varanus salvator,Kuala Lumpur,2025,1982.1,85,11,14,0.4375,1
Acridotheres tristis,Melaka,2025,998.4,5199,11,0,0.0,0
Corvus splendens,Melaka,2025,998.4,5199,11,3,0.428571,1
Macaca fascicularis,Melaka,2025,998.4,5199,11,0,0.0,0
Malayopython reticulatus,Melaka,2025,998.4,5199,11,0,0.0,0
Naja sumatrana,Melaka,2025,998.4,5199,11,0,0.0,0
Sus scrofa,Melaka,2025,998.4,5199,11,0,0.0,0
Varanus salvator,Melaka,2025,998.4,5199,11,4,0.571429,1
Acridotheres tristis,Pahang,2025,1591.3,1589092,11,3,0.375,1
Corvus splendens,Pahang,2025,1591.3,1589092,11,0,0.0,0
Macaca fascicularis,Pahang,2025,1591.3,1589092,11,3,0.375,1
Malayopython reticulatus,Pahang,2025,1591.3,1589092,11,0,0.0,0
Naja sumatrana,Pahang,2025,1591.3,1589092,11,0,0.0,0
Sus scrofa,Pahang,2025,1591.3,1589092,11,1,0.125,1
Varanus salvator,Pahang,2025,1591.3,1589092,11,1,0.125,1
Acridotheres tristis,Perak,2025,2496.0,986021,11,4,0.666667,1
Corvus splendens,Perak,2025,2496.0,986021,11,0,0.0,0
Macaca fascicularis,Perak,2025,2496.0,986021,11,0,0.0,0
Malayopython reticulatus,Perak,2025,2496.0,986021,11,0,0.0,0
Naja sumatrana,Perak,2025,2496.0,986021,11,0,0.0,0
Sus scrofa,Perak,2025,2496.0,986021,11,0,0.0,0
Varanus salvator,Perak,2025,2496.0,986021,11,2,0.333333,1
Acridotheres tristis,Pulau Pinang,2025,1740.4,6063,11,1,0.037037,1
Corvus splendens,Pulau Pinang,2025,1740.4,6063,11,3,0.111111,1
Macaca fascicularis,Pulau Pinang,2025,1740.4,6063,11,4,0.148148,1
Malayopython reticulatus,Pulau Pinang,2025,1740.4,6063,11,0,0.0,0
Naja sumatrana,Pulau Pinang,2025,1740.4,6063,11,0,0.0,0
Sus scrofa,Pulau Pinang,2025,1740.4,6063,11,0,0.0,0
Varanus salvator,Pulau Pinang,2025,1740.4,6063,11,19,0.703704,1
Acridotheres tristis,Sabah,2025,3418.8,3574468,11,0,0.0,0
Corvus splendens,Sabah,2025,3418.8,3574468,11,1,0.014085,1
Macaca fascicularis,Sabah,2025,3418.8,3574468,11,40,0.56338,1
Malayopython reticulatus,Sabah,2025,3418.8,3574468,11,1,0.014085,1
Naja sumatrana,Sabah,2025,3418.8,3574468,11,3,0.042254,1
Sus scrofa,Sabah,2025,3418.8,3574468,11,0,0.0,0
Varanus salvator,Sabah,2025,3418.8,3574468,11,26,0.366197,1
Acridotheres tristis,Sarawak,2025,2453.7,3939113,11,1,0.111111,1
Corvus splendens,Sarawak,2025,2453.7,3939113,11,0,0.0,0
Macaca fascicularis,Sarawak,2025,2453.7,3939113,11,2,0.222222,1
Malayopython reticulatus,Sarawak,2025,2453.7,3939113,11,1,0.111111,1
Naja sumatrana,Sarawak,2025,2453.7,3939113,11,0,0.0,0
Sus scrofa,Sarawak,2025,2453.7,3939113,11,0,0.0,0
Varanus salvator,Sarawak,2025,2453.7,3939113,11,5,0.555556,1
Acridotheres tristis,Selangor,2025,6994.4,250250,11,4,0.1,1
Corvus splendens,Selangor,2025,6994.4,250250,11,19,0.475,1
Macaca fascicularis,Selangor,2025,6994.4,250250,11,10,0.25,1
Malayopython reticulatus,Selangor,2025,6994.4,250250,11,0,0.0,0
Naja sumatrana,Selangor,2025,6994.4,250250,11,0,0.0,0
Sus scrofa,Selangor,2025,6994.4,250250,11,0,0.0,0
Varanus salvator,Selangor,2025,6994.4,250250,11,7,0.175,1
Acridotheres tristis,Johor,2025,4009.7,335003,12,1,0.125,1
Corvus splendens,Johor,2025,4009.7,335003,12,0,0.0,0
Macaca fascicularis,Johor,2025,4009.7,335003,12,2,0.25,1
Malayopython reticulatus,Johor,2025,4009.7,335003,12,1,0.125,1
Naja sumatrana,Johor,2025,4009.7,335003,12,2,0.25,1
Sus scrofa,Johor,2025,4009.7,335003,12,0,0.0,0
Varanus salvator,Johor,2025,4009.7,335003,12,2,0.25,1
Acridotheres tristis,Kedah,2025,2131.4,344175,12,4,0.129032,1
Corvus splendens,Kedah,2025,2131.4,344175,12,0,0.0,0
Macaca fascicularis,Kedah,2025,2131.4,344175,12,22,0.709677,1
Malayopython reticulatus,Kedah,2025,2131.4,344175,12,0,0.0,0
Naja sumatrana,Kedah,2025,2131.4,344175,12,0,0.0,0
Sus scrofa,Kedah,2025,2131.4,344175,12,0,0.0,0
Varanus salvator,Kedah,2025,2131.4,344175,12,5,0.16129,1
Acridotheres tristis,Kuala Lumpur,2025,1982.1,85,12,2,0.058824,1
Corvus splendens,Kuala Lumpur,2025,1982.1,85,12,7,0.205882,1
Macaca fascicularis,Kuala Lumpur,2025,1982.1,85,12,15,0.441176,1
Malayopython reticulatus,Kuala Lumpur,2025,1982.1,85,12,0,0.0,0
Naja sumatrana,Kuala Lumpur,2025,1982.1,85,12,0,0.0,0
Sus scrofa,Kuala Lumpur,2025,1982.1,85,12,0,0.0,0
Varanus salvator,Kuala Lumpur,2025,1982.1,85,12,10,0.294118,1
Acridotheres tristis,Melaka,2025,998.4,5199,12,0,0.0,0
Corvus splendens,Melaka,2025,998.4,5199,12,3,0.75,1
Macaca fascicularis,Melaka,2025,998.4,5199,12,0,0.0,0
Malayopython reticulatus,Melaka,2025,998.4,5199,12,0,0.0,0
Naja sumatrana,Melaka,2025,998.4,5199,12,0,0.0,0
Sus scrofa,Melaka,2025,998.4,5199,12,0,0.0,0
Varanus salvator,Melaka,2025,998.4,5199,12,1,0.25,1
Acridotheres tristis,Negeri Sembilan,2025,1200.0,155087,12,0,0.0,0
Corvus splendens,Negeri Sembilan,2025,1200.0,155087,12,1,1.0,1
Macaca fascicularis,Negeri Sembilan,2025,1200.0,155087,12,0,0.0,0
Malayopython reticulatus,Negeri Sembilan,2025,1200.0,155087,12,0,0.0,0
Naja sumatrana,Negeri Sembilan,2025,1200.0,155087,12,0,0.0,0
Sus scrofa,Negeri Sembilan,2025,1200.0,155087,12,0,0.0,0
Varanus salvator,Negeri Sembilan,2025,1200.0,155087,12,0,0.0,0
Acridotheres tristis,Pahang,2025,1591.3,1589092,12,0,0.0,0
Corvus splendens,Pahang,2025,1591.3,1589092,12,0,0.0,0
Macaca fascicularis,Pahang,2025,1591.3,1589092,12,3,1.0,1
Malayopython reticulatus,Pahang,2025,1591.3,1589092,12,0,0.0,0
Naja sumatrana,Pahang,2025,1591.3,1589092,12,0,0.0,0
Sus scrofa,Pahang,2025,1591.3,1589092,12,0,0.0,0
Varanus salvator,Pahang,2025,1591.3,1589092,12,0,0.0,0
Acridotheres tristis,Perak,2025,2496.0,986021,12,1,0.058824,1
Corvus splendens,Perak,2025,2496.0,986021,12,1,0.058824,1
Macaca fascicularis,Perak,2025,2496.0,986021,12,14,0.823529,1
Malayopython reticulatus,Perak,2025,2496.0,986021,12,0,0.0,0
Naja sumatrana,Perak,2025,2496.0,986021,12,0,0.0,0
Sus scrofa,Perak,2025,2496.0,986021,12,0,0.0,0
Varanus salvator,Perak,2025,2496.0,986021,12,1,0.058824,1
Acridotheres tristis,Pulau Pinang,2025,1740.4,6063,12,4,0.093023,1
Corvus splendens,Pulau Pinang,2025,1740.4,6063,12,13,0.302326,1
Macaca fascicularis,Pulau Pinang,2025,1740.4,6063,12,14,0.325581,1
Malayopython reticulatus,Pulau Pinang,2025,1740.4,6063,12,2,0.046512,1
Naja sumatrana,Pulau Pinang,2025,1740.4,6063,12,0,0.0,0
Sus scrofa,Pulau Pinang,2025,1740.4,6063,12,0,0.0,0
Varanus salvator,Pulau Pinang,2025,1740.4,6063,12,10,0.232558,1
Acridotheres tristis,Sabah,2025,3418.8,3574468,12,0,0.0,0
Corvus splendens,Sabah,2025,3418.8,3574468,12,0,0.0,0
Macaca fascicularis,Sabah,2025,3418.8,3574468,12,7,0.21875,1
Malayopython reticulatus,Sabah,2025,3418.8,3574468,12,2,0.0625,1
Naja sumatrana,Sabah,2025,3418.8,3574468,12,1,0.03125,1
Sus scrofa,Sabah,2025,3418.8,3574468,12,0,0.0,0
Varanus salvator,Sabah,2025,3418.8,3574468,12,22,0.6875,1
Acridotheres tristis,Sarawak,2025,2453.7,3939113,12,1,0.111111,1
Corvus splendens,Sarawak,2025,2453.7,3939113,12,0,0.0,0
Macaca fascicularis,Sarawak,2025,2453.7,3939113,12,2,0.222222,1
Malayopython reticulatus,Sarawak,2025,2453.7,3939113,12,3,0.333333,1
Naja sumatrana,Sarawak,2025,2453.7,3939113,12,0,0.0,0
Sus scrofa,Sarawak,2025,2453.7,3939113,12,0,0.0,0
Varanus salvator,Sarawak,2025,2453.7,3939113,12,3,0.333333,1
Acridotheres tristis,Selangor,2025,6994.4,250250,12,1,0.021277,1
Corvus splendens,Selangor,2025,6994.4,250250,12,5,0.106383,1
Macaca fascicularis,Selangor,2025,6994.4,250250,12,34,0.723404,1
Malayopython reticulatus,Selangor,2025,6994.4,250250,12,2,0.042553,1
Naja sumatrana,Selangor,2025,6994.4,250250,12,0,0.0,0
Sus scrofa,Selangor,2025,6994.4,250250,12,0,0.0,0
Varanus salvator,Selangor,2025,6994.4,250250,12,5,0.106383,1
Acridotheres tristis,Johor,2026,4009.7,335003,1,0,0.0,0
Corvus splendens,Johor,2026,4009.7,335003,1,2,0.666667,1
Macaca fascicularis,Johor,2026,4009.7,335003,1,1,0.333333,1
Malayopython reticulatus,Johor,2026,4009.7,335003,1,0,0.0,0
Naja sumatrana,Johor,2026,4009.7,335003,1,0,0.0,0
Sus scrofa,Johor,2026,4009.7,335003,1,0,0.0,0
Varanus salvator,Johor,2026,4009.7,335003,1,0,0.0,0
Acridotheres tristis,Kedah,2026,2131.4,344175,1,11,0.37931,1
Corvus splendens,Kedah,2026,2131.4,344175,1,1,0.034483,1
Macaca fascicularis,Kedah,2026,2131.4,344175,1,9,0.310345,1
Malayopython reticulatus,Kedah,2026,2131.4,344175,1,0,0.0,0
Naja sumatrana,Kedah,2026,2131.4,344175,1,0,0.0,0
Sus scrofa,Kedah,2026,2131.4,344175,1,0,0.0,0
Varanus salvator,Kedah,2026,2131.4,344175,1,8,0.275862,1
Acridotheres tristis,Kuala Lumpur,2026,1982.1,85,1,3,0.06383,1
Corvus splendens,Kuala Lumpur,2026,1982.1,85,1,9,0.191489,1
Macaca fascicularis,Kuala Lumpur,2026,1982.1,85,1,17,0.361702,1
Malayopython reticulatus,Kuala Lumpur,2026,1982.1,85,1,1,0.021277,1
Naja sumatrana,Kuala Lumpur,2026,1982.1,85,1,0,0.0,0
Sus scrofa,Kuala Lumpur,2026,1982.1,85,1,0,0.0,0
Varanus salvator,Kuala Lumpur,2026,1982.1,85,1,17,0.361702,1
Acridotheres tristis,Melaka,2026,998.4,5199,1,0,0.0,0
Corvus splendens,Melaka,2026,998.4,5199,1,4,0.571429,1
Macaca fascicularis,Melaka,2026,998.4,5199,1,0,0.0,0
Malayopython reticulatus,Melaka,2026,998.4,5199,1,0,0.0,0
Naja sumatrana,Melaka,2026,998.4,5199,1,0,0.0,0
Sus scrofa,Melaka,2026,998.4,5199,1,0,0.0,0
Varanus salvator,Melaka,2026,998.4,5199,1,3,0.428571,1
Acridotheres tristis,Negeri Sembilan,2026,1200.0,155087,1,1,0.5,1
Corvus splendens,Negeri Sembilan,2026,1200.0,155087,1,0,0.0,0
Macaca fascicularis,Negeri Sembilan,2026,1200.0,155087,1,1,0.5,1
Malayopython reticulatus,Negeri Sembilan,2026,1200.0,155087,1,0,0.0,0
Naja sumatrana,Negeri Sembilan,2026,1200.0,155087,1,0,0.0,0
Sus scrofa,Negeri Sembilan,2026,1200.0,155087,1,0,0.0,0
Varanus salvator,Negeri Sembilan,2026,1200.0,155087,1,0,0.0,0
Acridotheres tristis,Pahang,2026,1591.3,1589092,1,0,0.0,0
Corvus splendens,Pahang,2026,1591.3,1589092,1,0,0.0,0
Macaca fascicularis,Pahang,2026,1591.3,1589092,1,2,0.666667,1
Malayopython reticulatus,Pahang,2026,1591.3,1589092,1,0,0.0,0
Naja sumatrana,Pahang,2026,1591.3,1589092,1,1,0.333333,1
Sus scrofa,Pahang,2026,1591.3,1589092,1,0,0.0,0
Varanus salvator,Pahang,2026,1591.3,1589092,1,0,0.0,0
Acridotheres tristis,Perak,2026,2496.0,986021,1,0,0.0,0
Corvus splendens,Perak,2026,2496.0,986021,1,0,0.0,0
Macaca fascicularis,Perak,2026,2496.0,986021,1,1,0.5,1
Malayopython reticulatus,Perak,2026,2496.0,986021,1,0,0.0,0
Naja sumatrana,Perak,2026,2496.0,986021,1,0,0.0,0
Sus scrofa,Perak,2026,2496.0,986021,1,0,0.0,0
Varanus salvator,Perak,2026,2496.0,986021,1,1,0.5,1
Acridotheres tristis,Perlis,2026,284.9,10854,1,0,0.0,0
Corvus splendens,Perlis,2026,284.9,10854,1,0,0.0,0
Macaca fascicularis,Perlis,2026,284.9,10854,1,1,1.0,1
Malayopython reticulatus,Perlis,2026,284.9,10854,1,0,0.0,0
Naja sumatrana,Perlis,2026,284.9,10854,1,0,0.0,0
Sus scrofa,Perlis,2026,284.9,10854,1,0,0.0,0
Varanus salvator,Perlis,2026,284.9,10854,1,0,0.0,0
Acridotheres tristis,Pulau Pinang,2026,1740.4,6063,1,2,0.058824,1
Corvus splendens,Pulau Pinang,2026,1740.4,6063,1,9,0.264706,1
Macaca fascicularis,Pulau Pinang,2026,1740.4,6063,1,10,0.294118,1
Malayopython reticulatus,Pulau Pinang,2026,1740.4,6063,1,0,0.0,0
Naja sumatrana,Pulau Pinang,2026,1740.4,6063,1,0,0.0,0
Sus scrofa,Pulau Pinang,2026,1740.4,6063,1,0,0.0,0
Varanus salvator,Pulau Pinang,2026,1740.4,6063,1,13,0.382353,1
Acridotheres tristis,Sabah,2026,3418.8,3574468,1,0,0.0,0
Corvus splendens,Sabah,2026,3418.8,3574468,1,0,0.0,0
Macaca fascicularis,Sabah,2026,3418.8,3574468,1,9,0.428571,1
Malayopython reticulatus,Sabah,2026,3418.8,3574468,1,1,0.047619,1
Naja sumatrana,Sabah,2026,3418.8,3574468,1,0,0.0,0
Sus scrofa,Sabah,2026,3418.8,3574468,1,0,0.0,0
Varanus salvator,Sabah,2026,3418.8,3574468,1,11,0.52381,1
Acridotheres tristis,Sarawak,2026,2453.7,3939113,1,3,0.375,1
Corvus splendens,Sarawak,2026,2453.7,3939113,1,0,0.0,0
Macaca fascicularis,Sarawak,2026,2453.7,3939113,1,3,0.375,1
Malayopython reticulatus,Sarawak,2026,2453.7,3939113,1,0,0.0,0
Naja sumatrana,Sarawak,2026,2453.7,3939113,1,0,0.0,0
Sus scrofa,Sarawak,2026,2453.7,3939113,1,0,0.0,0
Varanus salvator,Sarawak,2026,2453.7,3939113,1,2,0.25,1
Acridotheres tristis,Selangor,2026,6994.4,250250,1,4,0.08,1
Corvus splendens,Selangor,2026,6994.4,250250,1,6,0.12,1
Macaca fascicularis,Selangor,2026,6994.4,250250,1,27,0.54,1
Malayopython reticulatus,Selangor,2026,6994.4,250250,1,0,0.0,0
Naja sumatrana,Selangor,2026,6994.4,250250,1,0,0.0,0
Sus scrofa,Selangor,2026,6994.4,250250,1,0,0.0,0
Varanus salvator,Selangor,2026,6994.4,250250,1,13,0.26,1
Acridotheres tristis,Johor,2026,4009.7,335003,2,2,0.071429,1
Corvus splendens,Johor,2026,4009.7,335003,2,11,0.392857,1
Macaca fascicularis,Johor,2026,4009.7,335003,2,8,0.285714,1
Malayopython reticulatus,Johor,2026,4009.7,335003,2,3,0.107143,1
Naja sumatrana,Johor,2026,4009.7,335003,2,0,0.0,0
Sus scrofa,Johor,2026,4009.7,335003,2,0,0.0,0
Varanus salvator,Johor,2026,4009.7,335003,2,4,0.142857,1
Acridotheres tristis,Kedah,2026,2131.4,344175,2,3,0.157895,1
Corvus splendens,Kedah,2026,2131.4,344175,2,0,0.0,0
Macaca fascicularis,Kedah,2026,2131.4,344175,2,11,0.578947,1
Malayopython reticulatus,Kedah,2026,2131.4,344175,2,0,0.0,0
Naja sumatrana,Kedah,2026,2131.4,344175,2,0,0.0,0
Sus scrofa,Kedah,2026,2131.4,344175,2,0,0.0,0
Varanus salvator,Kedah,2026,2131.4,344175,2,5,0.263158,1
Acridotheres tristis,Kuala Lumpur,2026,1982.1,85,2,3,0.065217,1
Corvus splendens,Kuala Lumpur,2026,1982.1,85,2,6,0.130435,1
Macaca fascicularis,Kuala Lumpur,2026,1982.1,85,2,26,0.565217,1
Malayopython reticulatus,Kuala Lumpur,2026,1982.1,85,2,0,0.0,0
Naja sumatrana,Kuala Lumpur,2026,1982.1,85,2,0,0.0,0
Sus scrofa,Kuala Lumpur,2026,1982.1,85,2,0,0.0,0
Varanus salvator,Kuala Lumpur,2026,1982.1,85,2,11,0.23913,1
Acridotheres tristis,Melaka,2026,998.4,5199,2,1,0.083333,1
Corvus splendens,Melaka,2026,998.4,5199,2,6,0.5,1
Macaca fascicularis,Melaka,2026,998.4,5199,2,1,0.083333,1
Malayopython reticulatus,Melaka,2026,998.4,5199,2,0,0.0,0
Naja sumatrana,Melaka,2026,998.4,5199,2,0,0.0,0
Sus scrofa,Melaka,2026,998.4,5199,2,0,0.0,0
Varanus salvator,Melaka,2026,998.4,5199,2,4,0.333333,1
Acridotheres tristis,Negeri Sembilan,2026,1200.0,155087,2,0,0.0,0
Corvus splendens,Negeri Sembilan,2026,1200.0,155087,2,1,0.5,1
Macaca fascicularis,Negeri Sembilan,2026,1200.0,155087,2,1,0.5,1
Malayopython reticulatus,Negeri Sembilan,2026,1200.0,155087,2,0,0.0,0
Naja sumatrana,Negeri Sembilan,2026,1200.0,155087,2,0,0.0,0
Sus scrofa,Negeri Sembilan,2026,1200.0,155087,2,0,0.0,0
Varanus salvator,Negeri Sembilan,2026,1200.0,155087,2,0,0.0,0
Acridotheres tristis,Pahang,2026,1591.3,1589092,2,1,0.111111,1
Corvus splendens,Pahang,2026,1591.3,1589092,2,0,0.0,0
Macaca fascicularis,Pahang,2026,1591.3,1589092,2,7,0.777778,1
Malayopython reticulatus,Pahang,2026,1591.3,1589092,2,0,0.0,0
Naja sumatrana,Pahang,2026,1591.3,1589092,2,0,0.0,0
Sus scrofa,Pahang,2026,1591.3,1589092,2,0,0.0,0
Varanus salvator,Pahang,2026,1591.3,1589092,2,1,0.111111,1
Acridotheres tristis,Perak,2026,2496.0,986021,2,1,0.111111,1
Corvus splendens,Perak,2026,2496.0,986021,2,0,0.0,0
Macaca fascicularis,Perak,2026,2496.0,986021,2,3,0.333333,1
Malayopython reticulatus,Perak,2026,2496.0,986021,2,0,0.0,0
Naja sumatrana,Perak,2026,2496.0,986021,2,0,0.0,0
Sus scrofa,Perak,2026,2496.0,986021,2,0,0.0,0
Varanus salvator,Perak,2026,2496.0,986021,2,5,0.555556,1
Acridotheres tristis,Pulau Pinang,2026,1740.4,6063,2,1,0.041667,1
Corvus splendens,Pulau Pinang,2026,1740.4,6063,2,11,0.458333,1
Macaca fascicularis,Pulau Pinang,2026,1740.4,6063,2,7,0.291667,1
Malayopython reticulatus,Pulau Pinang,2026,1740.4,6063,2,0,0.0,0
Naja sumatrana,Pulau Pinang,2026,1740.4,6063,2,0,0.0,0
Sus scrofa,Pulau Pinang,2026,1740.4,6063,2,1,0.041667,1
Varanus salvator,Pulau Pinang,2026,1740.4,6063,2,4,0.166667,1
Acridotheres tristis,Sabah,2026,3418.8,3574468,2,0,0.0,0
Corvus splendens,Sabah,2026,3418.8,3574468,2,3,0.044776,1
Macaca fascicularis,Sabah,2026,3418.8,3574468,2,41,0.61194,1
Malayopython reticulatus,Sabah,2026,3418.8,3574468,2,0,0.0,0
Naja sumatrana,Sabah,2026,3418.8,3574468,2,1,0.014925,1
Sus scrofa,Sabah,2026,3418.8,3574468,2,0,0.0,0
Varanus salvator,Sabah,2026,3418.8,3574468,2,22,0.328358,1
Acridotheres tristis,Sarawak,2026,2453.7,3939113,2,1,0.111111,1
Corvus splendens,Sarawak,2026,2453.7,3939113,2,0,0.0,0
Macaca fascicularis,Sarawak,2026,2453.7,3939113,2,4,0.444444,1
Malayopython reticulatus,Sarawak,2026,2453.7,3939113,2,0,0.0,0
Naja sumatrana,Sarawak,2026,2453.7,3939113,2,0,0.0,0
Sus scrofa,Sarawak,2026,2453.7,3939113,2,0,0.0,0
Varanus salvator,Sarawak,2026,2453.7,3939113,2,4,0.444444,1
Acridotheres tristis,Selangor,2026,6994.4,250250,2,1,0.022222,1
Corvus splendens,Selangor,2026,6994.4,250250,2,8,0.177778,1
Macaca fascicularis,Selangor,2026,6994.4,250250,2,27,0.6,1
Malayopython reticulatus,Selangor,2026,6994.4,250250,2,0,0.0,0
Naja sumatrana,Selangor,2026,6994.4,250250,2,1,0.022222,1
Sus scrofa,Selangor,2026,6994.4,250250,2,0,0.0,0
Varanus salvator,Selangor,2026,6994.4,250250,2,8,0.177778,1
Acridotheres tristis,Johor,2026,4009.7,335003,3,1,0.2,1
Corvus splendens,Johor,2026,4009.7,335003,3,1,0.2,1
Macaca fascicularis,Johor,2026,4009.7,335003,3,0,0.0,0
Malayopython reticulatus,Johor,2026,4009.7,335003,3,0,0.0,0
Naja sumatrana,Johor,2026,4009.7,335003,3,0,0.0,0
Sus scrofa,Johor,2026,4009.7,335003,3,0,0.0,0
Varanus salvator,Johor,2026,4009.7,335003,3,3,0.6,1
Acridotheres tristis,Kedah,2026,2131.4,344175,3,1,0.090909,1
Corvus splendens,Kedah,2026,2131.4,344175,3,0,0.0,0
Macaca fascicularis,Kedah,2026,2131.4,344175,3,7,0.636364,1
Malayopython reticulatus,Kedah,2026,2131.4,344175,3,0,0.0,0
Naja sumatrana,Kedah,2026,2131.4,344175,3,0,0.0,0
Sus scrofa,Kedah,2026,2131.4,344175,3,0,0.0,0
Varanus salvator,Kedah,2026,2131.4,344175,3,3,0.272727,1
Acridotheres tristis,Kuala Lumpur,2026,1982.1,85,3,2,0.076923,1
Corvus splendens,Kuala Lumpur,2026,1982.1,85,3,6,0.230769,1
Macaca fascicularis,Kuala Lumpur,2026,1982.1,85,3,6,0.230769,1
Malayopython reticulatus,Kuala Lumpur,2026,1982.1,85,3,1,0.038462,1
Naja sumatrana,Kuala Lumpur,2026,1982.1,85,3,0,0.0,0
Sus scrofa,Kuala Lumpur,2026,1982.1,85,3,0,0.0,0
Varanus salvator,Kuala Lumpur,2026,1982.1,85,3,11,0.423077,1
Acridotheres tristis,Melaka,2026,998.4,5199,3,0,0.0,0
Corvus splendens,Melaka,2026,998.4,5199,3,1,0.333333,1
Macaca fascicularis,Melaka,2026,998.4,5199,3,0,0.0,0
Malayopython reticulatus,Melaka,2026,998.4,5199,3,0,0.0,0
Naja sumatrana,Melaka,2026,998.4,5199,3,0,0.0,0
Sus scrofa,Melaka,2026,998.4,5199,3,0,0.0,0
Varanus salvator,Melaka,2026,998.4,5199,3,2,0.666667,1
Acridotheres tristis,Negeri Sembilan,2026,1200.0,155087,3,0,0.0,0
Corvus splendens,Negeri Sembilan,2026,1200.0,155087,3,0,0.0,0
Macaca fascicularis,Negeri Sembilan,2026,1200.0,155087,3,4,1.0,1
Malayopython reticulatus,Negeri Sembilan,2026,1200.0,155087,3,0,0.0,0
Naja sumatrana,Negeri Sembilan,2026,1200.0,155087,3,0,0.0,0
Sus scrofa,Negeri Sembilan,2026,1200.0,155087,3,0,0.0,0
Varanus salvator,Negeri Sembilan,2026,1200.0,155087,3,0,0.0,0
Acridotheres tristis,Pahang,2026,1591.3,1589092,3,0,0.0,0
Corvus splendens,Pahang,2026,1591.3,1589092,3,0,0.0,0
Macaca fascicularis,Pahang,2026,1591.3,1589092,3,5,0.714286,1
Malayopython reticulatus,Pahang,2026,1591.3,1589092,3,0,0.0,0
Naja sumatrana,Pahang,2026,1591.3,1589092,3,0,0.0,0
Sus scrofa,Pahang,2026,1591.3,1589092,3,1,0.142857,1
Varanus salvator,Pahang,2026,1591.3,1589092,3,1,0.142857,1
Acridotheres tristis,Perak,2026,2496.0,986021,3,0,0.0,0
Corvus splendens,Perak,2026,2496.0,986021,3,0,0.0,0
Macaca fascicularis,Perak,2026,2496.0,986021,3,2,0.666667,1
Malayopython reticulatus,Perak,2026,2496.0,986021,3,0,0.0,0
Naja sumatrana,Perak,2026,2496.0,986021,3,0,0.0,0
Sus scrofa,Perak,2026,2496.0,986021,3,0,0.0,0
Varanus salvator,Perak,2026,2496.0,986021,3,1,0.333333,1
Acridotheres tristis,Perlis,2026,284.9,10854,3,0,0.0,0
Corvus splendens,Perlis,2026,284.9,10854,3,0,0.0,0
Macaca fascicularis,Perlis,2026,284.9,10854,3,0,0.0,0
Malayopython reticulatus,Perlis,2026,284.9,10854,3,0,0.0,0
Naja sumatrana,Perlis,2026,284.9,10854,3,0,0.0,0
Sus scrofa,Perlis,2026,284.9,10854,3,0,0.0,0
Varanus salvator,Perlis,2026,284.9,10854,3,1,1.0,1
Acridotheres tristis,Pulau Pinang,2026,1740.4,6063,3,2,0.064516,1
Corvus splendens,Pulau Pinang,2026,1740.4,6063,3,4,0.129032,1
Macaca fascicularis,Pulau Pinang,2026,1740.4,6063,3,8,0.258065,1
Malayopython reticulatus,Pulau Pinang,2026,1740.4,6063,3,1,0.032258,1
Naja sumatrana,Pulau Pinang,2026,1740.4,6063,3,0,0.0,0
Sus scrofa,Pulau Pinang,2026,1740.4,6063,3,0,0.0,0
Varanus salvator,Pulau Pinang,2026,1740.4,6063,3,16,0.516129,1
Acridotheres tristis,Putrajaya,2026,109.2,0,3,0,0.0,0
Corvus splendens,Putrajaya,2026,109.2,0,3,2,0.666667,1
Macaca fascicularis,Putrajaya,2026,109.2,0,3,0,0.0,0
Malayopython reticulatus,Putrajaya,2026,109.2,0,3,0,0.0,0
Naja sumatrana,Putrajaya,2026,109.2,0,3,0,0.0,0
Sus scrofa,Putrajaya,2026,109.2,0,3,0,0.0,0
Varanus salvator,Putrajaya,2026,109.2,0,3,1,0.333333,1
Acridotheres tristis,Sabah,2026,3418.8,3574468,3,0,0.0,0
Corvus splendens,Sabah,2026,3418.8,3574468,3,0,0.0,0
Macaca fascicularis,Sabah,2026,3418.8,3574468,3,17,0.346939,1
Malayopython reticulatus,Sabah,2026,3418.8,3574468,3,0,0.0,0
Naja sumatrana,Sabah,2026,3418.8,3574468,3,0,0.0,0
Sus scrofa,Sabah,2026,3418.8,3574468,3,0,0.0,0
Varanus salvator,Sabah,2026,3418.8,3574468,3,32,0.653061,1
Acridotheres tristis,Sarawak,2026,2453.7,3939113,3,1,0.052632,1
Corvus splendens,Sarawak,2026,2453.7,3939113,3,0,0.0,0
Macaca fascicularis,Sarawak,2026,2453.7,3939113,3,6,0.315789,1
Malayopython reticulatus,Sarawak,2026,2453.7,3939113,3,2,0.105263,1
Naja sumatrana,Sarawak,2026,2453.7,3939113,3,0,0.0,0
Sus scrofa,Sarawak,2026,2453.7,3939113,3,0,0.0,0
Varanus salvator,Sarawak,2026,2453.7,3939113,3,10,0.526316,1
Acridotheres tristis,Selangor,2026,6994.4,250250,3,0,0.0,0
Corvus splendens,Selangor,2026,6994.4,250250,3,3,0.130435,1
Macaca fascicularis,Selangor,2026,6994.4,250250,3,12,0.521739,1
Malayopython reticulatus,Selangor,2026,6994.4,250250,3,2,0.086957,1
Naja sumatrana,Selangor,2026,6994.4,250250,3,0,0.0,0
Sus scrofa,Selangor,2026,6994.4,250250,3,0,0.0,0
Varanus salvator,Selangor,2026,6994.4,250250,3,6,0.26087,1
Acridotheres tristis,Terengganu,2026,1149.4,540309,3,1,0.333333,1
Corvus splendens,Terengganu,2026,1149.4,540309,3,0,0.0,0
Macaca fascicularis,Terengganu,2026,1149.4,540309,3,1,0.333333,1
Malayopython reticulatus,Terengganu,2026,1149.4,540309,3,0,0.0,0
Naja sumatrana,Terengganu,2026,1149.4,540309,3,0,0.0,0
Sus scrofa,Terengganu,2026,1149.4,540309,3,0,0.0,0
Varanus salvator,Terengganu,2026,1149.4,540309,3,1,0.333333,1
Acridotheres tristis,Johor,2026,4009.7,335003,4,7,0.102941,1
Corvus splendens,Johor,2026,4009.7,335003,4,7,0.102941,1
Macaca fascicularis,Johor,2026,4009.7,335003,4,23,0.338235,1
Malayopython reticulatus,Johor,2026,4009.7,335003,4,7,0.102941,1
Naja sumatrana,Johor,2026,4009.7,335003,4,1,0.014706,1
Sus scrofa,Johor,2026,4009.7,335003,4,0,0.0,0
Varanus salvator,Johor,2026,4009.7,335003,4,23,0.338235,1
Acridotheres tristis,Kedah,2026,2131.4,344175,4,9,0.5625,1
Corvus splendens,Kedah,2026,2131.4,344175,4,2,0.125,1
Macaca fascicularis,Kedah,2026,2131.4,344175,4,3,0.1875,1
Malayopython reticulatus,Kedah,2026,2131.4,344175,4,0,0.0,0
Naja sumatrana,Kedah,2026,2131.4,344175,4,0,0.0,0
Sus scrofa,Kedah,2026,2131.4,344175,4,0,0.0,0
Varanus salvator,Kedah,2026,2131.4,344175,4,2,0.125,1
Acridotheres tristis,Kuala Lumpur,2026,1982.1,85,4,4,0.111111,1
Corvus splendens,Kuala Lumpur,2026,1982.1,85,4,14,0.388889,1
Macaca fascicularis,Kuala Lumpur,2026,1982.1,85,4,10,0.277778,1
Malayopython reticulatus,Kuala Lumpur,2026,1982.1,85,4,1,0.027778,1
Naja sumatrana,Kuala Lumpur,2026,1982.1,85,4,0,0.0,0
Sus scrofa,Kuala Lumpur,2026,1982.1,85,4,0,0.0,0
Varanus salvator,Kuala Lumpur,2026,1982.1,85,4,7,0.194444,1
Acridotheres tristis,Melaka,2026,998.4,5199,4,0,0.0,0
Corvus splendens,Melaka,2026,998.4,5199,4,1,0.2,1
Macaca fascicularis,Melaka,2026,998.4,5199,4,2,0.4,1
Malayopython reticulatus,Melaka,2026,998.4,5199,4,0,0.0,0
Naja sumatrana,Melaka,2026,998.4,5199,4,0,0.0,0
Sus scrofa,Melaka,2026,998.4,5199,4,0,0.0,0
Varanus salvator,Melaka,2026,998.4,5199,4,2,0.4,1
Acridotheres tristis,Negeri Sembilan,2026,1200.0,155087,4,0,0.0,0
Corvus splendens,Negeri Sembilan,2026,1200.0,155087,4,0,0.0,0
Macaca fascicularis,Negeri Sembilan,2026,1200.0,155087,4,1,0.25,1
Malayopython reticulatus,Negeri Sembilan,2026,1200.0,155087,4,2,0.5,1
Naja sumatrana,Negeri Sembilan,2026,1200.0,155087,4,0,0.0,0
Sus scrofa,Negeri Sembilan,2026,1200.0,155087,4,0,0.0,0
Varanus salvator,Negeri Sembilan,2026,1200.0,155087,4,1,0.25,1
Acridotheres tristis,Pahang,2026,1591.3,1589092,4,13,0.240741,1
Corvus splendens,Pahang,2026,1591.3,1589092,4,0,0.0,0
Macaca fascicularis,Pahang,2026,1591.3,1589092,4,26,0.481481,1
Malayopython reticulatus,Pahang,2026,1591.3,1589092,4,0,0.0,0
Naja sumatrana,Pahang,2026,1591.3,1589092,4,0,0.0,0
Sus scrofa,Pahang,2026,1591.3,1589092,4,1,0.018519,1
Varanus salvator,Pahang,2026,1591.3,1589092,4,14,0.259259,1
Acridotheres tristis,Perak,2026,2496.0,986021,4,4,0.235294,1
Corvus splendens,Perak,2026,2496.0,986021,4,0,0.0,0
Macaca fascicularis,Perak,2026,2496.0,986021,4,6,0.352941,1
Malayopython reticulatus,Perak,2026,2496.0,986021,4,0,0.0,0
Naja sumatrana,Perak,2026,2496.0,986021,4,0,0.0,0
Sus scrofa,Perak,2026,2496.0,986021,4,0,0.0,0
Varanus salvator,Perak,2026,2496.0,986021,4,7,0.411765,1
Acridotheres tristis,Pulau Pinang,2026,1740.4,6063,4,2,0.142857,1
Corvus splendens,Pulau Pinang,2026,1740.4,6063,4,4,0.285714,1
Macaca fascicularis,Pulau Pinang,2026,1740.4,6063,4,7,0.5,1
Malayopython reticulatus,Pulau Pinang,2026,1740.4,6063,4,0,0.0,0
Naja sumatrana,Pulau Pinang,2026,1740.4,6063,4,0,0.0,0
Sus scrofa,Pulau Pinang,2026,1740.4,6063,4,0,0.0,0
Varanus salvator,Pulau Pinang,2026,1740.4,6063,4,1,0.071429,1
Acridotheres tristis,Sabah,2026,3418.8,3574468,4,0,0.0,0
Corvus splendens,Sabah,2026,3418.8,3574468,4,0,0.0,0
Macaca fascicularis,Sabah,2026,3418.8,3574468,4,27,0.465517,1
Malayopython reticulatus,Sabah,2026,3418.8,3574468,4,3,0.051724,1
Naja sumatrana,Sabah,2026,3418.8,3574468,4,0,0.0,0
Sus scrofa,Sabah,2026,3418.8,3574468,4,0,0.0,0
Varanus salvator,Sabah,2026,3418.8,3574468,4,28,0.482759,1
Acridotheres tristis,Sarawak,2026,2453.7,3939113,4,6,0.461538,1
Corvus splendens,Sarawak,2026,2453.7,3939113,4,0,0.0,0
Macaca fascicularis,Sarawak,2026,2453.7,3939113,4,4,0.307692,1
Malayopython reticulatus,Sarawak,2026,2453.7,3939113,4,1,0.076923,1
Naja sumatrana,Sarawak,2026,2453.7,3939113,4,0,0.0,0
Sus scrofa,Sarawak,2026,2453.7,3939113,4,0,0.0,0
Varanus salvator,Sarawak,2026,2453.7,3939113,4,2,0.153846,1
Acridotheres tristis,Selangor,2026,6994.4,250250,4,1,0.041667,1
Corvus splendens,Selangor,2026,6994.4,250250,4,7,0.291667,1
Macaca fascicularis,Selangor,2026,6994.4,250250,4,12,0.5,1
Malayopython reticulatus,Selangor,2026,6994.4,250250,4,2,0.083333,1
Naja sumatrana,Selangor,2026,6994.4,250250,4,0,0.0,0
Sus scrofa,Selangor,2026,6994.4,250250,4,1,0.041667,1
Varanus salvator,Selangor,2026,6994.4,250250,4,1,0.041667,1
Acridotheres tristis,Terengganu,2026,1149.4,540309,4,0,0.0,0
Corvus splendens,Terengganu,2026,1149.4,540309,4,0,0.0,0
Macaca fascicularis,Terengganu,2026,1149.4,540309,4,0,0.0,0
Malayopython reticulatus,Terengganu,2026,1149.4,540309,4,0,0.0,0
Naja sumatrana,Terengganu,2026,1149.4,540309,4,0,0.0,0
Sus scrofa,Terengganu,2026,1149.4,540309,4,0,0.0,0
Varanus salvator,Terengganu,2026,1149.4,540309,4,2,1.0,1
Acridotheres tristis,Johor,2026,4009.7,335003,5,0,0.0,0
Corvus splendens,Johor,2026,4009.7,335003,5,2,0.181818,1
Macaca fascicularis,Johor,2026,4009.7,335003,5,3,0.272727,1
Malayopython reticulatus,Johor,2026,4009.7,335003,5,1,0.090909,1
Naja sumatrana,Johor,2026,4009.7,335003,5,2,0.181818,1
Sus scrofa,Johor,2026,4009.7,335003,5,1,0.090909,1
Varanus salvator,Johor,2026,4009.7,335003,5,2,0.181818,1
Acridotheres tristis,Kedah,2026,2131.4,344175,5,0,0.0,0
Corvus splendens,Kedah,2026,2131.4,344175,5,0,0.0,0
Macaca fascicularis,Kedah,2026,2131.4,344175,5,1,0.25,1
Malayopython reticulatus,Kedah,2026,2131.4,344175,5,2,0.5,1
Naja sumatrana,Kedah,2026,2131.4,344175,5,0,0.0,0
Sus scrofa,Kedah,2026,2131.4,344175,5,0,0.0,0
Varanus salvator,Kedah,2026,2131.4,344175,5,1,0.25,1
Acridotheres tristis,Kuala Lumpur,2026,1982.1,85,5,3,0.081081,1
Corvus splendens,Kuala Lumpur,2026,1982.1,85,5,15,0.405405,1
Macaca fascicularis,Kuala Lumpur,2026,1982.1,85,5,7,0.189189,1
Malayopython reticulatus,Kuala Lumpur,2026,1982.1,85,5,2,0.054054,1
Naja sumatrana,Kuala Lumpur,2026,1982.1,85,5,0,0.0,0
Sus scrofa,Kuala Lumpur,2026,1982.1,85,5,0,0.0,0
Varanus salvator,Kuala Lumpur,2026,1982.1,85,5,10,0.27027,1
Acridotheres tristis,Melaka,2026,998.4,5199,5,0,0.0,0
Corvus splendens,Melaka,2026,998.4,5199,5,1,0.333333,1
Macaca fascicularis,Melaka,2026,998.4,5199,5,0,0.0,0
Malayopython reticulatus,Melaka,2026,998.4,5199,5,0,0.0,0
Naja sumatrana,Melaka,2026,998.4,5199,5,0,0.0,0
Sus scrofa,Melaka,2026,998.4,5199,5,0,0.0,0
Varanus salvator,Melaka,2026,998.4,5199,5,2,0.666667,1
Acridotheres tristis,Negeri Sembilan,2026,1200.0,155087,5,3,0.75,1
Corvus splendens,Negeri Sembilan,2026,1200.0,155087,5,0,0.0,0
Macaca fascicularis,Negeri Sembilan,2026,1200.0,155087,5,1,0.25,1
Malayopython reticulatus,Negeri Sembilan,2026,1200.0,155087,5,0,0.0,0
Naja sumatrana,Negeri Sembilan,2026,1200.0,155087,5,0,0.0,0
Sus scrofa,Negeri Sembilan,2026,1200.0,155087,5,0,0.0,0
Varanus salvator,Negeri Sembilan,2026,1200.0,155087,5,0,0.0,0
Acridotheres tristis,Pahang,2026,1591.3,1589092,5,5,0.217391,1
Corvus splendens,Pahang,2026,1591.3,1589092,5,0,0.0,0
Macaca fascicularis,Pahang,2026,1591.3,1589092,5,8,0.347826,1
Malayopython reticulatus,Pahang,2026,1591.3,1589092,5,2,0.086957,1
Naja sumatrana,Pahang,2026,1591.3,1589092,5,0,0.0,0
Sus scrofa,Pahang,2026,1591.3,1589092,5,1,0.043478,1
Varanus salvator,Pahang,2026,1591.3,1589092,5,7,0.304348,1
Acridotheres tristis,Perak,2026,2496.0,986021,5,6,0.545455,1
Corvus splendens,Perak,2026,2496.0,986021,5,0,0.0,0
Macaca fascicularis,Perak,2026,2496.0,986021,5,2,0.181818,1
Malayopython reticulatus,Perak,2026,2496.0,986021,5,0,0.0,0
Naja sumatrana,Perak,2026,2496.0,986021,5,0,0.0,0
Sus scrofa,Perak,2026,2496.0,986021,5,0,0.0,0
Varanus salvator,Perak,2026,2496.0,986021,5,3,0.272727,1
Acridotheres tristis,Pulau Pinang,2026,1740.4,6063,5,3,0.157895,1
Corvus splendens,Pulau Pinang,2026,1740.4,6063,5,1,0.052632,1
Macaca fascicularis,Pulau Pinang,2026,1740.4,6063,5,9,0.473684,1
Malayopython reticulatus,Pulau Pinang,2026,1740.4,6063,5,0,0.0,0
Naja sumatrana,Pulau Pinang,2026,1740.4,6063,5,0,0.0,0
Sus scrofa,Pulau Pinang,2026,1740.4,6063,5,0,0.0,0
Varanus salvator,Pulau Pinang,2026,1740.4,6063,5,6,0.315789,1
Acridotheres tristis,Putrajaya,2026,109.2,0,5,0,0.0,0
Corvus splendens,Putrajaya,2026,109.2,0,5,0,0.0,0
Macaca fascicularis,Putrajaya,2026,109.2,0,5,0,0.0,0
Malayopython reticulatus,Putrajaya,2026,109.2,0,5,0,0.0,0
Naja sumatrana,Putrajaya,2026,109.2,0,5,0,0.0,0
Sus scrofa,Putrajaya,2026,109.2,0,5,0,0.0,0
Varanus salvator,Putrajaya,2026,109.2,0,5,2,1.0,1
Acridotheres tristis,Sabah,2026,3418.8,3574468,5,0,0.0,0
Corvus splendens,Sabah,2026,3418.8,3574468,5,6,0.09375,1
Macaca fascicularis,Sabah,2026,3418.8,3574468,5,25,0.390625,1
Malayopython reticulatus,Sabah,2026,3418.8,3574468,5,2,0.03125,1
Naja sumatrana,Sabah,2026,3418.8,3574468,5,0,0.0,0
Sus scrofa,Sabah,2026,3418.8,3574468,5,0,0.0,0
Varanus salvator,Sabah,2026,3418.8,3574468,5,31,0.484375,1
Acridotheres tristis,Sarawak,2026,2453.7,3939113,5,3,0.25,1
Corvus splendens,Sarawak,2026,2453.7,3939113,5,0,0.0,0
Macaca fascicularis,Sarawak,2026,2453.7,3939113,5,9,0.75,1
Malayopython reticulatus,Sarawak,2026,2453.7,3939113,5,0,0.0,0
Naja sumatrana,Sarawak,2026,2453.7,3939113,5,0,0.0,0
Sus scrofa,Sarawak,2026,2453.7,3939113,5,0,0.0,0
Varanus salvator,Sarawak,2026,2453.7,3939113,5,0,0.0,0
Acridotheres tristis,Selangor,2026,6994.4,250250,5,1,0.037037,1
Corvus splendens,Selangor,2026,6994.4,250250,5,5,0.185185,1
Macaca fascicularis,Selangor,2026,6994.4,250250,5,16,0.592593,1
Malayopython reticulatus,Selangor,2026,6994.4,250250,5,0,0.0,0
Naja sumatrana,Selangor,2026,6994.4,250250,5,0,0.0,0
Sus scrofa,Selangor,2026,6994.4,250250,5,2,0.074074,1
Varanus salvator,Selangor,2026,6994.4,250250,5,3,0.111111,1
Acridotheres tristis,Johor,2026,4009.7,335003,6,1,0.083333,1
Corvus splendens,Johor,2026,4009.7,335003,6,2,0.166667,1
Macaca fascicularis,Johor,2026,4009.7,335003,6,4,0.333333,1
Malayopython reticulatus,Johor,2026,4009.7,335003,6,1,0.083333,1
Naja sumatrana,Johor,2026,4009.7,335003,6,0,0.0,0
Sus scrofa,Johor,2026,4009.7,335003,6,0,0.0,0
Varanus salvator,Johor,2026,4009.7,335003,6,4,0.333333,1
Acridotheres tristis,Kedah,2026,2131.4,344175,6,8,0.296296,1
Corvus splendens,Kedah,2026,2131.4,344175,6,2,0.074074,1
Macaca fascicularis,Kedah,2026,2131.4,344175,6,10,0.37037,1
Malayopython reticulatus,Kedah,2026,2131.4,344175,6,0,0.0,0
Naja sumatrana,Kedah,2026,2131.4,344175,6,0,0.0,0
Sus scrofa,Kedah,2026,2131.4,344175,6,0,0.0,0
Varanus salvator,Kedah,2026,2131.4,344175,6,7,0.259259,1
Acridotheres tristis,Kuala Lumpur,2026,1982.1,85,6,3,0.090909,1
Corvus splendens,Kuala Lumpur,2026,1982.1,85,6,13,0.393939,1
Macaca fascicularis,Kuala Lumpur,2026,1982.1,85,6,6,0.181818,1
Malayopython reticulatus,Kuala Lumpur,2026,1982.1,85,6,0,0.0,0
Naja sumatrana,Kuala Lumpur,2026,1982.1,85,6,0,0.0,0
Sus scrofa,Kuala Lumpur,2026,1982.1,85,6,0,0.0,0
Varanus salvator,Kuala Lumpur,2026,1982.1,85,6,11,0.333333,1
Acridotheres tristis,Melaka,2026,998.4,5199,6,0,0.0,0
Corvus splendens,Melaka,2026,998.4,5199,6,1,0.5,1
Macaca fascicularis,Melaka,2026,998.4,5199,6,0,0.0,0
Malayopython reticulatus,Melaka,2026,998.4,5199,6,0,0.0,0
Naja sumatrana,Melaka,2026,998.4,5199,6,0,0.0,0
Sus scrofa,Melaka,2026,998.4,5199,6,0,0.0,0
Varanus salvator,Melaka,2026,998.4,5199,6,1,0.5,1
Acridotheres tristis,Negeri Sembilan,2026,1200.0,155087,6,0,0.0,0
Corvus splendens,Negeri Sembilan,2026,1200.0,155087,6,2,0.666667,1
Macaca fascicularis,Negeri Sembilan,2026,1200.0,155087,6,0,0.0,0
Malayopython reticulatus,Negeri Sembilan,2026,1200.0,155087,6,0,0.0,0
Naja sumatrana,Negeri Sembilan,2026,1200.0,155087,6,0,0.0,0
Sus scrofa,Negeri Sembilan,2026,1200.0,155087,6,0,0.0,0
Varanus salvator,Negeri Sembilan,2026,1200.0,155087,6,1,0.333333,1
Acridotheres tristis,Pahang,2026,1591.3,1589092,6,1,0.142857,1
Corvus splendens,Pahang,2026,1591.3,1589092,6,0,0.0,0
Macaca fascicularis,Pahang,2026,1591.3,1589092,6,4,0.571429,1
Malayopython reticulatus,Pahang,2026,1591.3,1589092,6,0,0.0,0
Naja sumatrana,Pahang,2026,1591.3,1589092,6,0,0.0,0
Sus scrofa,Pahang,2026,1591.3,1589092,6,0,0.0,0
Varanus salvator,Pahang,2026,1591.3,1589092,6,2,0.285714,1
Acridotheres tristis,Perak,2026,2496.0,986021,6,1,0.111111,1
Corvus splendens,Perak,2026,2496.0,986021,6,1,0.111111,1
Macaca fascicularis,Perak,2026,2496.0,986021,6,4,0.444444,1
Malayopython reticulatus,Perak,2026,2496.0,986021,6,0,0.0,0
Naja sumatrana,Perak,2026,2496.0,986021,6,0,0.0,0
Sus scrofa,Perak,2026,2496.0,986021,6,0,0.0,0
Varanus salvator,Perak,2026,2496.0,986021,6,3,0.333333,1
Acridotheres tristis,Perlis,2026,284.9,10854,6,2,1.0,1
Corvus splendens,Perlis,2026,284.9,10854,6,0,0.0,0
Macaca fascicularis,Perlis,2026,284.9,10854,6,0,0.0,0
Malayopython reticulatus,Perlis,2026,284.9,10854,6,0,0.0,0
Naja sumatrana,Perlis,2026,284.9,10854,6,0,0.0,0
Sus scrofa,Perlis,2026,284.9,10854,6,0,0.0,0
Varanus salvator,Perlis,2026,284.9,10854,6,0,0.0,0
Acridotheres tristis,Pulau Pinang,2026,1740.4,6063,6,3,0.096774,1
Corvus splendens,Pulau Pinang,2026,1740.4,6063,6,10,0.322581,1
Macaca fascicularis,Pulau Pinang,2026,1740.4,6063,6,12,0.387097,1
Malayopython reticulatus,Pulau Pinang,2026,1740.4,6063,6,0,0.0,0
Naja sumatrana,Pulau Pinang,2026,1740.4,6063,6,0,0.0,0
Sus scrofa,Pulau Pinang,2026,1740.4,6063,6,0,0.0,0
Varanus salvator,Pulau Pinang,2026,1740.4,6063,6,6,0.193548,1
Acridotheres tristis,Putrajaya,2026,109.2,0,6,1,1.0,1
Corvus splendens,Putrajaya,2026,109.2,0,6,0,0.0,0
Macaca fascicularis,Putrajaya,2026,109.2,0,6,0,0.0,0
Malayopython reticulatus,Putrajaya,2026,109.2,0,6,0,0.0,0
Naja sumatrana,Putrajaya,2026,109.2,0,6,0,0.0,0
Sus scrofa,Putrajaya,2026,109.2,0,6,0,0.0,0
Varanus salvator,Putrajaya,2026,109.2,0,6,0,0.0,0
Acridotheres tristis,Sabah,2026,3418.8,3574468,6,0,0.0,0
Corvus splendens,Sabah,2026,3418.8,3574468,6,2,0.039216,1
Macaca fascicularis,Sabah,2026,3418.8,3574468,6,21,0.411765,1
Malayopython reticulatus,Sabah,2026,3418.8,3574468,6,1,0.019608,1
Naja sumatrana,Sabah,2026,3418.8,3574468,6,0,0.0,0
Sus scrofa,Sabah,2026,3418.8,3574468,6,0,0.0,0
Varanus salvator,Sabah,2026,3418.8,3574468,6,27,0.529412,1
Acridotheres tristis,Sarawak,2026,2453.7,3939113,6,0,0.0,0
Corvus splendens,Sarawak,2026,2453.7,3939113,6,0,0.0,0
Macaca fascicularis,Sarawak,2026,2453.7,3939113,6,1,0.25,1
Malayopython reticulatus,Sarawak,2026,2453.7,3939113,6,0,0.0,0
Naja sumatrana,Sarawak,2026,2453.7,3939113,6,0,0.0,0
Sus scrofa,Sarawak,2026,2453.7,3939113,6,0,0.0,0
Varanus salvator,Sarawak,2026,2453.7,3939113,6,3,0.75,1
Acridotheres tristis,Selangor,2026,6994.4,250250,6,3,0.06,1
Corvus splendens,Selangor,2026,6994.4,250250,6,6,0.12,1
Macaca fascicularis,Selangor,2026,6994.4,250250,6,34,0.68,1
Malayopython reticulatus,Selangor,2026,6994.4,250250,6,0,0.0,0
Naja sumatrana,Selangor,2026,6994.4,250250,6,0,0.0,0
Sus scrofa,Selangor,2026,6994.4,250250,6,0,0.0,0
Varanus salvator,Selangor,2026,6994.4,250250,6,7,0.14,1
Acridotheres tristis,Terengganu,2026,1149.4,540309,6,0,0.0,0
Corvus splendens,Terengganu,2026,1149.4,540309,6,0,0.0,0
Macaca fascicularis,Terengganu,2026,1149.4,540309,6,1,1.0,1
Malayopython reticulatus,Terengganu,2026,1149.4,540309,6,0,0.0,0
Naja sumatrana,Terengganu,2026,1149.4,540309,6,0,0.0,0
Sus scrofa,Terengganu,2026,1149.4,540309,6,0,0.0,0
Varanus salvator,Terengganu,2026,1149.4,540309,6,0,0.0,0
Acridotheres tristis,Johor,2026,4009.7,335003,7,0,0.0,0
Corvus splendens,Johor,2026,4009.7,335003,7,1,0.2,1
Macaca fascicularis,Johor,2026,4009.7,335003,7,1,0.2,1
Malayopython reticulatus,Johor,2026,4009.7,335003,7,0,0.0,0
Naja sumatrana,Johor,2026,4009.7,335003,7,1,0.2,1
Sus scrofa,Johor,2026,4009.7,335003,7,0,0.0,0
Varanus salvator,Johor,2026,4009.7,335003,7,2,0.4,1
Acridotheres tristis,Kedah,2026,2131.4,344175,7,1,0.166667,1
Corvus splendens,Kedah,2026,2131.4,344175,7,0,0.0,0
Macaca fascicularis,Kedah,2026,2131.4,344175,7,3,0.5,1
Malayopython reticulatus,Kedah,2026,2131.4,344175,7,1,0.166667,1
Naja sumatrana,Kedah,2026,2131.4,344175,7,0,0.0,0
Sus scrofa,Kedah,2026,2131.4,344175,7,0,0.0,0
Varanus salvator,Kedah,2026,2131.4,344175,7,1,0.166667,1
Acridotheres tristis,Kuala Lumpur,2026,1982.1,85,7,1,0.02439,1
Corvus splendens,Kuala Lumpur,2026,1982.1,85,7,26,0.634146,1
Macaca fascicularis,Kuala Lumpur,2026,1982.1,85,7,9,0.219512,1
Malayopython reticulatus,Kuala Lumpur,2026,1982.1,85,7,0,0.0,0
Naja sumatrana,Kuala Lumpur,2026,1982.1,85,7,0,0.0,0
Sus scrofa,Kuala Lumpur,2026,1982.1,85,7,0,0.0,0
Varanus salvator,Kuala Lumpur,2026,1982.1,85,7,5,0.121951,1
Acridotheres tristis,Melaka,2026,998.4,5199,7,0,0.0,0
Corvus splendens,Melaka,2026,998.4,5199,7,0,0.0,0
Macaca fascicularis,Melaka,2026,998.4,5199,7,1,1.0,1
Malayopython reticulatus,Melaka,2026,998.4,5199,7,0,0.0,0
Naja sumatrana,Melaka,2026,998.4,5199,7,0,0.0,0
Sus scrofa,Melaka,2026,998.4,5199,7,0,0.0,0
Varanus salvator,Melaka,2026,998.4,5199,7,0,0.0,0
Acridotheres tristis,Negeri Sembilan,2026,1200.0,155087,7,1,0.333333,1
Corvus splendens,Negeri Sembilan,2026,1200.0,155087,7,0,0.0,0
Macaca fascicularis,Negeri Sembilan,2026,1200.0,155087,7,0,0.0,0
Malayopython reticulatus,Negeri Sembilan,2026,1200.0,155087,7,0,0.0,0
Naja sumatrana,Negeri Sembilan,2026,1200.0,155087,7,0,0.0,0
Sus scrofa,Negeri Sembilan,2026,1200.0,155087,7,1,0.333333,1
Varanus salvator,Negeri Sembilan,2026,1200.0,155087,7,1,0.333333,1
Acridotheres tristis,Pahang,2026,1591.3,1589092,7,0,0.0,0
Corvus splendens,Pahang,2026,1591.3,1589092,7,0,0.0,0
Macaca fascicularis,Pahang,2026,1591.3,1589092,7,7,0.7,1
Malayopython reticulatus,Pahang,2026,1591.3,1589092,7,0,0.0,0
Naja sumatrana,Pahang,2026,1591.3,1589092,7,0,0.0,0
Sus scrofa,Pahang,2026,1591.3,1589092,7,1,0.1,1
Varanus salvator,Pahang,2026,1591.3,1589092,7,2,0.2,1
Acridotheres tristis,Perak,2026,2496.0,986021,7,1,0.142857,1
Corvus splendens,Perak,2026,2496.0,986021,7,0,0.0,0
Macaca fascicularis,Perak,2026,2496.0,986021,7,2,0.285714,1
Malayopython reticulatus,Perak,2026,2496.0,986021,7,0,0.0,0
Naja sumatrana,Perak,2026,2496.0,986021,7,0,0.0,0
Sus scrofa,Perak,2026,2496.0,986021,7,0,0.0,0
Varanus salvator,Perak,2026,2496.0,986021,7,4,0.571429,1
Acridotheres tristis,Pulau Pinang,2026,1740.4,6063,7,4,0.2,1
Corvus splendens,Pulau Pinang,2026,1740.4,6063,7,5,0.25,1
Macaca fascicularis,Pulau Pinang,2026,1740.4,6063,7,1,0.05,1
Malayopython reticulatus,Pulau Pinang,2026,1740.4,6063,7,0,0.0,0
Naja sumatrana,Pulau Pinang,2026,1740.4,6063,7,0,0.0,0
Sus scrofa,Pulau Pinang,2026,1740.4,6063,7,0,0.0,0
Varanus salvator,Pulau Pinang,2026,1740.4,6063,7,10,0.5,1
Acridotheres tristis,Putrajaya,2026,109.2,0,7,0,0.0,0
Corvus splendens,Putrajaya,2026,109.2,0,7,2,1.0,1
Macaca fascicularis,Putrajaya,2026,109.2,0,7,0,0.0,0
Malayopython reticulatus,Putrajaya,2026,109.2,0,7,0,0.0,0
Naja sumatrana,Putrajaya,2026,109.2,0,7,0,0.0,0
Sus scrofa,Putrajaya,2026,109.2,0,7,0,0.0,0
Varanus salvator,Putrajaya,2026,109.2,0,7,0,0.0,0
Acridotheres tristis,Sabah,2026,3418.8,3574468,7,0,0.0,0
Corvus splendens,Sabah,2026,3418.8,3574468,7,1,0.029412,1
Macaca fascicularis,Sabah,2026,3418.8,3574468,7,10,0.294118,1
Malayopython reticulatus,Sabah,2026,3418.8,3574468,7,0,0.0,0
Naja sumatrana,Sabah,2026,3418.8,3574468,7,0,0.0,0
Sus scrofa,Sabah,2026,3418.8,3574468,7,0,0.0,0
Varanus salvator,Sabah,2026,3418.8,3574468,7,23,0.676471,1
Acridotheres tristis,Sarawak,2026,2453.7,3939113,7,1,0.076923,1
Corvus splendens,Sarawak,2026,2453.7,3939113,7,0,0.0,0
Macaca fascicularis,Sarawak,2026,2453.7,3939113,7,5,0.384615,1
Malayopython reticulatus,Sarawak,2026,2453.7,3939113,7,0,0.0,0
Naja sumatrana,Sarawak,2026,2453.7,3939113,7,1,0.076923,1
Sus scrofa,Sarawak,2026,2453.7,3939113,7,0,0.0,0
Varanus salvator,Sarawak,2026,2453.7,3939113,7,6,0.461538,1
Acridotheres tristis,Selangor,2026,6994.4,250250,7,2,0.052632,1
Corvus splendens,Selangor,2026,6994.4,250250,7,16,0.421053,1
Macaca fascicularis,Selangor,2026,6994.4,250250,7,13,0.342105,1
Malayopython reticulatus,Selangor,2026,6994.4,250250,7,0,0.0,0
Naja sumatrana,Selangor,2026,6994.4,250250,7,0,0.0,0
Sus scrofa,Selangor,2026,6994.4,250250,7,0,0.0,0
Varanus salvator,Selangor,2026,6994.4,250250,7,7,0.184211,1
Acridotheres tristis,Terengganu,2026,1149.4,540309,7,1,0.25,1
Corvus splendens,Terengganu,2026,1149.4,540309,7,0,0.0,0
Macaca fascicularis,Terengganu,2026,1149.4,540309,7,1,0.25,1
Malayopython reticulatus,Terengganu,2026,1149.4,540309,7,0,0.0,0
Naja sumatrana,Terengganu,2026,1149.4,540309,7,0,0.0,0
Sus scrofa,Terengganu,2026,1149.4,540309,7,0,0.0,0
Varanus salvator,Terengganu,2026,1149.4,540309,7,2,0.5,1
Acridotheres tristis,Johor,2026,4009.7,335003,8,2,0.2,1
Corvus splendens,Johor,2026,4009.7,335003,8,4,0.4,1
Macaca fascicularis,Johor,2026,4009.7,335003,8,3,0.3,1
Malayopython reticulatus,Johor,2026,4009.7,335003,8,0,0.0,0
Naja sumatrana,Johor,2026,4009.7,335003,8,0,0.0,0
Sus scrofa,Johor,2026,4009.7,335003,8,0,0.0,0
Varanus salvator,Johor,2026,4009.7,335003,8,1,0.1,1
Acridotheres tristis,Kedah,2026,2131.4,344175,8,0,0.0,0
Corvus splendens,Kedah,2026,2131.4,344175,8,0,0.0,0
Macaca fascicularis,Kedah,2026,2131.4,344175,8,3,1.0,1
Malayopython reticulatus,Kedah,2026,2131.4,344175,8,0,0.0,0
Naja sumatrana,Kedah,2026,2131.4,344175,8,0,0.0,0
Sus scrofa,Kedah,2026,2131.4,344175,8,0,0.0,0
Varanus salvator,Kedah,2026,2131.4,344175,8,0,0.0,0
Acridotheres tristis,Kuala Lumpur,2026,1982.1,85,8,0,0.0,0
Corvus splendens,Kuala Lumpur,2026,1982.1,85,8,4,0.444444,1
Macaca fascicularis,Kuala Lumpur,2026,1982.1,85,8,4,0.444444,1
Malayopython reticulatus,Kuala Lumpur,2026,1982.1,85,8,0,0.0,0
Naja sumatrana,Kuala Lumpur,2026,1982.1,85,8,0,0.0,0
Sus scrofa,Kuala Lumpur,2026,1982.1,85,8,0,0.0,0
Varanus salvator,Kuala Lumpur,2026,1982.1,85,8,1,0.111111,1
Acridotheres tristis,Melaka,2026,998.4,5199,8,0,0.0,0
Corvus splendens,Melaka,2026,998.4,5199,8,0,0.0,0
Macaca fascicularis,Melaka,2026,998.4,5199,8,0,0.0,0
Malayopython reticulatus,Melaka,2026,998.4,5199,8,1,1.0,1
Naja sumatrana,Melaka,2026,998.4,5199,8,0,0.0,0
Sus scrofa,Melaka,2026,998.4,5199,8,0,0.0,0
Varanus salvator,Melaka,2026,998.4,5199,8,0,0.0,0
Acridotheres tristis,Pahang,2026,1591.3,1589092,8,0,0.0,0
Corvus splendens,Pahang,2026,1591.3,1589092,8,0,0.0,0
Macaca fascicularis,Pahang,2026,1591.3,1589092,8,3,0.75,1
Malayopython reticulatus,Pahang,2026,1591.3,1589092,8,0,0.0,0
Naja sumatrana,Pahang,2026,1591.3,1589092,8,0,0.0,0
Sus scrofa,Pahang,2026,1591.3,1589092,8,0,0.0,0
Varanus salvator,Pahang,2026,1591.3,1589092,8,1,0.25,1
Acridotheres tristis,Perak,2026,2496.0,986021,8,0,0.0,0
Corvus splendens,Perak,2026,2496.0,986021,8,0,0.0,0
Macaca fascicularis,Perak,2026,2496.0,986021,8,1,1.0,1
Malayopython reticulatus,Perak,2026,2496.0,986021,8,0,0.0,0
Naja sumatrana,Perak,2026,2496.0,986021,8,0,0.0,0
Sus scrofa,Perak,2026,2496.0,986021,8,0,0.0,0
Varanus salvator,Perak,2026,2496.0,986021,8,0,0.0,0
Acridotheres tristis,Pulau Pinang,2026,1740.4,6063,8,3,0.375,1
Corvus splendens,Pulau Pinang,2026,1740.4,6063,8,0,0.0,0
Macaca fascicularis,Pulau Pinang,2026,1740.4,6063,8,2,0.25,1
Malayopython reticulatus,Pulau Pinang,2026,1740.4,6063,8,0,0.0,0
Naja sumatrana,Pulau Pinang,2026,1740.4,6063,8,0,0.0,0
Sus scrofa,Pulau Pinang,2026,1740.4,6063,8,0,0.0,0
Varanus salvator,Pulau Pinang,2026,1740.4,6063,8,3,0.375,1
Acridotheres tristis,Sabah,2026,3418.8,3574468,8,0,0.0,0
Corvus splendens,Sabah,2026,3418.8,3574468,8,0,0.0,0
Macaca fascicularis,Sabah,2026,3418.8,3574468,8,0,0.0,0
Malayopython reticulatus,Sabah,2026,3418.8,3574468,8,2,0.25,1
Naja sumatrana,Sabah,2026,3418.8,3574468,8,0,0.0,0
Sus scrofa,Sabah,2026,3418.8,3574468,8,0,0.0,0
Varanus salvator,Sabah,2026,3418.8,3574468,8,6,0.75,1
Acridotheres tristis,Sarawak,2026,2453.7,3939113,8,0,0.0,0
Corvus splendens,Sarawak,2026,2453.7,3939113,8,0,0.0,0
Macaca fascicularis,Sarawak,2026,2453.7,3939113,8,1,1.0,1
Malayopython reticulatus,Sarawak,2026,2453.7,3939113,8,0,0.0,0
Naja sumatrana,Sarawak,2026,2453.7,3939113,8,0,0.0,0
Sus scrofa,Sarawak,2026,2453.7,3939113,8,0,0.0,0
Varanus salvator,Sarawak,2026,2453.7,3939113,8,0,0.0,0
Acridotheres tristis,Selangor,2026,6994.4,250250,8,0,0.0,0
Corvus splendens,Selangor,2026,6994.4,250250,8,0,0.0,0
Macaca fascicularis,Selangor,2026,6994.4,250250,8,6,0.666667,1
Malayopython reticulatus,Selangor,2026,6994.4,250250,8,0,0.0,0
Naja sumatrana,Selangor,2026,6994.4,250250,8,0,0.0,0
Sus scrofa,Selangor,2026,6994.4,250250,8,0,0.0,0
Varanus salvator,Selangor,2026,6994.4,250250,8,3,0.333333,1
